{
    "Temperature Values": [
        25.0,
        25.5,
        30.0,
        25.5,
        23.5,
        23.799999999999997,
        38.099999999999994
    ],
    "AirQuality Values": [
        1140.0,
        1160.0,
        1120.0,
        1340.0,
        1320.0,
        1250.0,
        1270.0
    ],
    "Smoke Values": [
        0.1,
        0.2,
        0.3,
        0.4,
        0.5,
        0.4,
        0.3
    ],
    "Humidity Values": [
        445.0,
        147.5,
        148.0,
        149.5,
        144.0,
        150.2,
        146.8
    ]
}