{
    "Temperature Values": [
        25.0,
        25.5,
        30.0,
        25.5,
        23.5,
        23.799999999999997,
        38.099999999999994
    ],
    "AirQuality Values": [
        540.0,
        530.0,
        430.0,
        650.0,
        630.0,
        590.0,
        580.0
    ],
    "Smoke Values": [
        0.1,
        0.2,
        0.3,
        0.4,
        0.5,
        0.4,
        0.3
    ],
    "Humidity Values": [
        60.0,
        65.5,
        70.0,
        65.5,
        55.0,
        57.19999999999999,
        80.80000000000001
    ]
}