AGV_ID,interrupt_value,t1,t2,t3,t4
agv3,2,1729160353.1259546,1729160353.13446,1729160353.1349986,1729160353.2018924
agv1,1,1729160353.1259546,1729160353.168522,1729160353.1697342,1729160353.2718601
agv2,1,1729160370.9900424,1729160371.0154042,1729160371.0154042,1729160371.0493145
agv2,1,1729160370.993899,1729160371.0164068,1729160371.0165176,1729160371.0504646
agv3,2,1729160370.993899,1729160371.0025356,1729160371.0031724,1729160371.0603647
agv2,1,1729160373.0122316,1729160373.0189407,1729160373.0225015,1729160373.0824604
agv2,1,1729160373.0260625,1729160373.0288315,1729160373.0289972,1729160373.084048
