AGV_Id,t1,t2,t3,t4
agv2,1736949535.711877,1736949535.7138774,1736949535.7138774,1736949535.7878747
agv2,1736949535.7378776,1736949535.7678776,1736949535.7678776,1736949535.7878747
agv2,1736949537.8167803,1736949537.8177803,1736949537.8177803,1736949537.8677816
agv2,1736949537.8177803,1736949537.8207815,1736949537.8207815,1736949537.8683062
agv2,1736949539.8191135,1736949539.8207538,1736949539.8207538,1736949539.8676896
agv2,1736949542.0355632,1736949542.037551,1736949542.037551,1736949542.0445495
agv2,1736949542.0435495,1736949542.0445495,1736949542.0445495,1736949542.0874848
agv2,1736949544.1648755,1736949544.1658766,1736949544.1658766,1736949544.2178752
agv2,1736949544.1668763,1736949544.170877,1736949544.170877,1736949544.2278736
agv2,1736949545.1687093,1736949545.170709,1736949545.170709,1736949545.217771
agv2,1736949547.2431757,1736949547.2441425,1736949547.2441425,1736949547.2877207
agv2,1736949549.3924432,1736949549.397472,1736949549.397472,1736949549.4376616
agv2,1736949551.5005376,1736949551.501594,1736949551.501594,1736949551.5472875
agv2,1736949553.659627,1736949553.6604636,1736949553.6604636,1736949553.7068884
agv2,1736949555.733975,1736949555.7349765,1736949555.7349765,1736949555.7770789
agv2,1736949557.8190958,1736949557.821077,1736949557.821077,1736949557.8334122
agv2,1736949557.831753,1736949557.8766162,1736949557.8766162,1736949557.88525
agv2,1736949559.902008,1736949559.903008,1736949559.903008,1736949559.947656
agv2,1736949559.903008,1736949559.9090066,1736949559.9090066,1736949559.9486587
agv2,1736949560.9051328,1736949560.9059289,1736949560.9059289,1736949560.947673
agv2,1736949562.9630003,1736949562.9639988,1736949562.9639988,1736949562.9708521
agv2,1736949562.9697347,1736949562.9708521,1736949562.9708521,1736949563.0172746
agv2,1736949565.0585139,1736949565.0595198,1736949565.0595198,1736949565.1065207
agv2,1736949565.0595198,1736949565.065517,1736949565.065517,1736949565.107517
agv2,1736949566.0608146,1736949566.0618162,1736949566.0618162,1736949566.106412
agv2,1736949568.1400685,1736949568.1410463,1736949568.1410463,1736949568.1985657
agv2,1736949570.220405,1736949570.2214053,1736949570.2214053,1736949570.2759557
agv2,1736949572.288567,1736949572.290565,1736949572.290565,1736949572.3361256
agv2,1736949574.3626106,1736949574.3646078,1736949574.3646078,1736949574.4062922
agv2,1736949576.4327989,1736949576.4337702,1736949576.4337702,1736949576.4756696
agv2,1736949578.520856,1736949578.5214508,1736949578.5214508,1736949578.5665693
agv2,1736949580.653444,1736949580.654329,1736949580.654329,1736949580.6957853
agv2,1736949582.746052,1736949582.747052,1736949582.747052,1736949582.7975929
agv2,1736949584.850137,1736949584.850892,1736949584.850892,1736949584.8958523
agv2,1736949586.912862,1736949586.9138525,1736949586.9138525,1736949586.9553368
agv2,1736949589.0672355,1736949589.0682347,1736949589.0682347,1736949589.1152484
agv2,1736949591.2372289,1736949591.2382283,1736949591.2382283,1736949591.2850406
agv2,1736949593.3090932,1736949593.311089,1736949593.311089,1736949593.3550909
agv2,1736949595.3816864,1736949595.3826911,1736949595.3826911,1736949595.3896887
agv2,1736949595.3886843,1736949595.4347048,1736949595.4356918,1736949595.4482222
agv2,1736949597.5577853,1736949597.558776,1736949597.558776,1736949597.604806
agv2,1736949597.558776,1736949597.564718,1736949597.564718,1736949597.6058102
agv2,1736949598.5598607,1736949598.560833,1736949598.560833,1736949598.6045535
agv2,1736949600.7152524,1736949600.7162526,1736949600.7162526,1736949600.7648156
agv2,1736949602.962041,1736949602.963046,1736949602.963046,1736949603.0051496
agv2,1736949602.963046,1736949602.9690404,1736949602.9690404,1736949603.0061502
agv2,1736949603.9652007,1736949603.9662044,1736949603.9662044,1736949604.0149112
agv2,1736949604.967579,1736949604.9686134,1736949604.9686134,1736949605.0142012
agv2,1736949605.9690816,1736949605.970084,1736949605.970084,1736949606.0154574
agv2,1736949607.9702964,1736949607.9712927,1736949607.9712927,1736949607.9884846
agv2,1736949607.9874828,1736949608.025111,1736949608.025111,1736949608.0450065
agv2,1736949610.0729322,1736949610.0739007,1736949610.0739007,1736949610.1248834
agv2,1736949610.0729322,1736949610.0786922,1736949610.0786922,1736949610.1258826
agv2,1736949611.0745764,1736949611.0755794,1736949611.0755794,1736949611.124576
agv2,1736949613.1553886,1736949613.15639,1736949613.15639,1736949613.2043915
agv2,1736949615.2255285,1736949615.226528,1736949615.226528,1736949615.2740438
agv2,1736949617.2964807,1736949617.2981458,1736949617.2981458,1736949617.315223
agv2,1736949617.3134854,1736949617.315223,1736949617.315223,1736949617.3644252
agv2,1736949619.393983,1736949619.3969817,1736949619.3969817,1736949619.4541848
agv2,1736949619.3969817,1736949619.4049761,1736949619.4049761,1736949619.4541848
agv2,1736949620.3997848,1736949620.4007747,1736949620.4007747,1736949620.443582
agv2,1736949622.4842863,1736949622.4852815,1736949622.4852815,1736949622.5341291
agv2,1736949624.5884035,1736949624.5894043,1736949624.5894043,1736949624.6337845
agv2,1736949626.6568892,1736949626.657827,1736949626.657827,1736949626.704361
agv2,1736949626.6604877,1736949626.662495,1736949626.662495,1736949626.704361
agv2,1736949628.7342775,1736949628.735279,1736949628.735279,1736949628.784392
agv2,1736949628.7362812,1736949628.7402816,1736949628.7402816,1736949628.7853894
agv2,1736949629.7373722,1736949629.7403717,1736949629.7403717,1736949629.7839491
agv2,1736949631.8451872,1736949631.8471859,1736949631.8471859,1736949631.8591883
agv2,1736949631.8571856,1736949631.8591883,1736949631.8591883,1736949631.9039938
agv2,1736949633.9547675,1736949633.9569917,1736949633.9579697,1736949634.0030649
agv2,1736949633.9569917,1736949633.962541,1736949633.962541,1736949634.004063
agv2,1736949634.959044,1736949634.9635782,1736949634.9635782,1736949635.004084
agv2,1736949637.104868,1736949637.1063855,1736949637.1063855,1736949637.15353
agv2,1736949639.1769845,1736949639.1779878,1736949639.1779878,1736949639.2235532
agv2,1736949641.3111527,1736949641.3141623,1736949641.3141623,1736949641.3634362
agv2,1736949643.4072282,1736949643.4092298,1736949643.4092298,1736949643.4532247
agv2,1736949645.4804764,1736949645.481207,1736949645.481714,1736949645.5225673
agv2,1736949647.549601,1736949647.5505877,1736949647.5505877,1736949647.5932465
agv2,1736949649.627636,1736949649.631643,1736949649.631643,1736949649.6735675
agv2,1736949651.7934587,1736949651.7954578,1736949651.7954578,1736949651.843012
agv2,1736949653.894066,1736949653.8950627,1736949653.8950627,1736949653.9425488
agv2,1736949653.9000628,1736949653.9018736,1736949653.9018736,1736949653.9435403
agv2,1736949655.9803584,1736949655.9830477,1736949655.9830477,1736949656.0324938
agv2,1736949655.9825182,1736949655.986757,1736949655.986757,1736949656.0334964
agv2,1736949656.98413,1736949656.9851286,1736949656.9851286,1736949657.0321329
agv2,1736949659.1238308,1736949659.1249666,1736949659.1249666,1736949659.1724236
agv2,1736949664.126403,1736949664.127406,1736949664.127406,1736949664.172505
agv2,1736949669.1286225,1736949669.129618,1736949669.129618,1736949669.1729128
agv2,1736949671.1293163,1736949671.130281,1736949671.130281,1736949671.1507952
agv2,1736949671.1487982,1736949671.1507952,1736949671.1507952,1736949671.2020953
agv2,1736949673.2275515,1736949673.2285573,1736949673.2285573,1736949673.2723463
agv2,1736949673.2285573,1736949673.2324264,1736949673.232933,1736949673.2723463
agv2,1736949675.2304013,1736949675.2313998,1736949675.2313998,1736949675.2712433
agv2,1736949677.3123374,1736949677.3173354,1736949677.3173354,1736949677.3507059
agv2,1736949677.3497124,1736949677.3507059,1736949677.3507059,1736949677.4027948
agv2,1736949679.4270735,1736949679.4280682,1736949679.4280682,1736949679.471795
agv2,1736949679.4280682,1736949679.4319181,1736949679.4319181,1736949679.4727974
agv2,1736949680.4286294,1736949680.429788,1736949680.429788,1736949680.4719076
agv2,1736949682.5004334,1736949682.501442,1736949682.501442,1736949682.5414953
agv2,1736949684.6276307,1736949684.628626,1736949684.628626,1736949684.6720178
agv2,1736949686.7479534,1736949686.7499416,1736949686.7499416,1736949686.7919502
agv2,1736949688.8546326,1736949688.8555763,1736949688.8555763,1736949688.9013636
agv2,1736949691.02583,1736949691.0268736,1736949691.0268736,1736949691.0817175
agv2,1736949693.1141746,1736949693.1151726,1736949693.1151726,1736949693.1607952
agv2,1736949695.1816096,1736949695.1826108,1736949695.1826108,1736949695.231156
agv2,1736949697.2741387,1736949697.2751427,1736949697.2751427,1736949697.3211408
agv2,1736949699.355193,1736949699.355193,1736949699.355193,1736949699.410954
agv2,1736949699.359194,1736949699.3631964,1736949699.3631964,1736949699.410954
agv2,1736949701.4466774,1736949701.447672,1736949701.447672,1736949701.4761982
agv2,1736949701.475196,1736949701.4761982,1736949701.4761982,1736949701.5209608
agv2,1736949702.4764767,1736949702.4774528,1736949702.4774528,1736949702.5212042
agv2,1736949704.5960727,1736949704.5970724,1736949704.5970724,1736949704.6020815
agv2,1736949704.6010206,1736949704.6020815,1736949704.6020815,1736949704.6508737
agv2,1736949706.675195,1736949706.6761851,1736949706.6761851,1736949706.7205932
agv2,1736949706.6761851,1736949706.6803854,1736949706.6803854,1736949706.721595
agv2,1736949707.6775658,1736949707.6795678,1736949707.6795678,1736949707.720562
agv2,1736949709.7596076,1736949709.7606077,1736949709.7606077,1736949709.76598
agv2,1736949709.7646377,1736949709.766523,1736949709.766523,1736949709.8204637
agv2,1736949711.8340423,1736949711.8350382,1736949711.8350382,1736949711.8806922
agv2,1736949711.8350382,1736949711.838029,1736949711.838029,1736949711.8810277
agv2,1736949712.8361855,1736949712.8387284,1736949712.8387284,1736949712.8797517
agv2,1736949714.9672608,1736949714.9708412,1736949714.9708412,1736949715.0405056
agv2,1736949714.9897895,1736949714.9995162,1736949714.9995162,1736949715.0415027
agv2,1736949717.0824866,1736949717.0844781,1736949717.0844781,1736949717.1296263
agv2,1736949717.0844781,1736949717.08848,1736949717.0894864,1736949717.1316288
agv2,1736949718.0860739,1736949718.08707,1736949718.08707,1736949718.1302803
agv2,1736949720.1829991,1736949720.1839988,1736949720.1839988,1736949720.2295237
agv2,1736949722.2454324,1736949722.2464328,1736949722.2464328,1736949722.2507489
agv2,1736949722.2497458,1736949722.2897475,1736949722.2897475,1736949722.2999618
agv2,1736949724.308204,1736949724.3093333,1736949724.3093333,1736949724.3599334
agv2,1736949724.3093333,1736949724.3111315,1736949724.3111315,1736949724.3599334
agv2,1736949725.3104405,1736949725.311444,1736949725.311444,1736949725.359411
agv2,1736949727.3658397,1736949727.367076,1736949727.367076,1736949727.41
agv2,1736949729.4545252,1736949729.4555178,1736949729.4555178,1736949729.4992735
agv2,1736949731.5131657,1736949731.5141423,1736949731.5141423,1736949731.558777
agv2,1736949733.5886116,1736949733.5895844,1736949733.5895844,1736949733.6391506
agv2,1736949735.6482363,1736949735.6492352,1736949735.6492352,1736949735.6896405
agv2,1736949737.714404,1736949737.7153044,1736949737.7153044,1736949737.7587845
agv2,1736949737.7153044,1736949737.7177224,1736949737.7177224,1736949737.7597733
agv2,1736949738.7167332,1736949738.7206862,1736949738.7206862,1736949738.7699564
agv2,1736949739.721204,1736949739.724218,1736949739.724218,1736949739.7687004
agv2,1736949740.7231457,1736949740.725142,1736949740.725142,1736949740.7691917
agv2,1736949742.7252445,1736949742.7262473,1736949742.7262473,1736949742.7473204
agv2,1736949742.7463207,1736949742.7473204,1736949742.7473204,1736949742.798869
agv2,1736949744.8173892,1736949744.8183892,1736949744.8183892,1736949744.8691428
agv2,1736949744.8183892,1736949744.8203702,1736949744.8203702,1736949744.8691428
agv2,1736949745.8190491,1736949745.820047,1736949745.820047,1736949745.8685598
agv2,1736949747.9196305,1736949747.9206302,1736949747.9206302,1736949747.978879
agv2,1736949749.9703012,1736949749.9712942,1736949749.9712942,1736949750.0188339
agv2,1736949752.0226758,1736949752.0234985,1736949752.0234985,1736949752.0697606
agv2,1736949754.0830386,1736949754.08395,1736949754.08395,1736949754.1282456
agv2,1736949756.1349306,1736949756.135965,1736949756.135965,1736949756.1786077
agv2,1736949758.1862457,1736949758.1872413,1736949758.1872413,1736949758.2282877
agv2,1736949760.2470498,1736949760.247574,1736949760.247574,1736949760.25372
agv2,1736949760.2525907,1736949760.25372,1736949760.25372,1736949760.298355
agv2,1736949762.308876,1736949762.3098757,1736949762.3098757,1736949762.3583996
agv2,1736949762.308876,1736949762.3122833,1736949762.3122833,1736949762.359053
agv2,1736949763.3111272,1736949763.315109,1736949763.315109,1736949763.3581452
agv2,1736949765.377503,1736949765.378464,1736949765.378464,1736949765.4281955
agv2,1736949767.4476917,1736949767.4482937,1736949767.4482937,1736949767.497237
agv2,1736949769.5129254,1736949769.5166998,1736949769.5166998,1736949769.5319226
agv2,1736949769.5289211,1736949769.5319226,1736949769.5319226,1736949769.5779438
agv2,1736949771.5817463,1736949771.5826364,1736949771.5826364,1736949771.6278336
agv2,1736949771.5826364,1736949771.5862076,1736949771.5862076,1736949771.6278336
agv2,1736949772.5840392,1736949772.5850766,1736949772.5850766,1736949772.6269965
agv2,1736949774.6469529,1736949774.6479526,1736949774.6479526,1736949774.6533365
agv2,1736949774.6522844,1736949774.6533365,1736949774.6533365,1736949774.6974747
agv2,1736949776.712288,1736949776.7132864,1736949776.7132864,1736949776.7577837
agv2,1736949776.7132864,1736949776.7156842,1736949776.7156842,1736949776.7577837
agv2,1736949777.7143981,1736949777.7150905,1736949777.7150905,1736949777.7574263
agv2,1736949779.7718024,1736949779.7736814,1736949779.7736814,1736949779.7795804
agv2,1736949779.7782626,1736949779.7795804,1736949779.7795804,1736949779.8274946
agv2,1736949781.839205,1736949781.840205,1736949781.840205,1736949781.8872087
agv2,1736949781.840205,1736949781.8432088,1736949781.8432088,1736949781.8872087
agv2,1736949782.8417325,1736949782.8427308,1736949782.8427308,1736949782.897254
agv2,1736949784.900523,1736949784.901526,1736949784.901526,1736949784.9470165
agv2,1736949789.902629,1736949789.9036214,1736949789.9036214,1736949789.9472141
agv2,1736949794.9038615,1736949794.9048727,1736949794.9048727,1736949794.9461987
agv2,1736949796.9048922,1736949796.9062881,1736949796.9062881,1736949796.9194536
agv2,1736949796.918453,1736949796.9194536,1736949796.9194536,1736949796.9668293
agv2,1736949799.0133824,1736949799.0153844,1736949799.0153844,1736949799.0663803
agv2,1736949799.0143895,1736949799.0193827,1736949799.0193827,1736949799.0673826
agv2,1736949801.016311,1736949801.0168233,1736949801.0168233,1736949801.066224
agv2,1736949803.1632714,1736949803.1642716,1736949803.1642716,1736949803.2163198
agv2,1736949803.1734884,1736949803.1761405,1736949803.1761405,1736949803.217319
agv2,1736949805.2568443,1736949805.2579706,1736949805.2579706,1736949805.3059502
agv2,1736949805.2579706,1736949805.2602615,1736949805.2602615,1736949805.3069515
agv2,1736949806.25849,1736949806.2594507,1736949806.2594507,1736949806.3061466
agv2,1736949808.3171792,1736949808.3179324,1736949808.3179324,1736949808.322899
agv2,1736949808.3218215,1736949808.3662775,1736949808.3662775,1736949808.3695931
agv2,1736949810.3853786,1736949810.4154136,1736949810.4154136,1736949810.4354148
agv2,1736949810.3863814,1736949810.419414,1736949810.419414,1736949810.4364145
agv2,1736949811.3876116,1736949811.388626,1736949811.388626,1736949811.4360874
agv2,1736949813.4842422,1736949813.4847791,1736949813.4847791,1736949813.4887564
agv2,1736949813.4877567,1736949813.5355234,1736949813.5355234,1736949813.539524
agv2,1736949815.561417,1736949815.5858407,1736949815.5858407,1736949815.6062343
agv2,1736949815.562268,1736949815.5898492,1736949815.5898492,1736949815.6067865
agv2,1736949816.5634072,1736949816.5644104,1736949816.5644104,1736949816.6050832
agv2,1736949818.636722,1736949818.637787,1736949818.637787,1736949818.6858864
agv2,1736949820.6919193,1736949820.692922,1736949820.692922,1736949820.7353747
agv2,1736949822.756494,1736949822.7574935,1736949822.7574935,1736949822.7612095
agv2,1736949822.760674,1736949822.8050685,1736949822.8050685,1736949822.8097105
agv2,1736949824.8208287,1736949824.82179,1736949824.82179,1736949824.8655076
agv2,1736949824.82179,1736949824.825082,1736949824.8251085,1736949824.8655076
agv2,1736949825.8230875,1736949825.824462,1736949825.824462,1736949825.8651888
agv2,1736949827.8789606,1736949827.879954,1736949827.879954,1736949827.9251626
agv2,1736949829.936974,1736949829.937974,1736949829.937974,1736949829.9853802
agv2,1736949831.9991522,1736949832.0001516,1736949832.0001516,1736949832.045533
agv2,1736949834.0539167,1736949834.0539167,1736949834.0539167,1736949834.094778
agv2,1736949836.1101503,1736949836.1111517,1736949836.1111517,1736949836.1648393
agv2,1736949838.1658304,1736949838.166897,1736949838.166897,1736949838.170661
agv2,1736949840.2200637,1736949840.221168,1736949840.221168,1736949840.2643461
agv2,1736949840.2206469,1736949840.2240772,1736949840.2240772,1736949840.265347
agv2,1736949841.222392,1736949841.2244236,1736949841.2244236,1736949841.2648127
agv2,1736949846.2249725,1736949846.2284722,1736949846.2294734,1736949846.2738297
agv2,1736949851.2272866,1736949851.2282863,1736949851.2282863,1736949851.2738962
agv2,1736949853.2288668,1736949853.2298708,1736949853.2298708,1736949853.2458694
agv2,1736949853.244868,1736949853.2458694,1736949853.2458694,1736949853.2938712
agv2,1736949855.3447866,1736949855.3457897,1736949855.3457897,1736949855.3933835
agv2,1736949855.3457897,1736949855.3493333,1736949855.3493333,1736949855.3943837
agv2,1736949856.3470125,1736949856.348012,1736949856.348012,1736949856.394016
agv2,1736949858.423158,1736949858.4241595,1736949858.4241595,1736949858.4741602
agv2,1736949860.5043945,1736949860.505394,1736949860.505394,1736949860.5532022
agv2,1736949862.5867443,1736949862.5877445,1736949862.5877445,1736949862.6334171
agv2,1736949864.8437657,1736949864.8447652,1736949864.8447652,1736949864.9037642
agv2,1736949866.9071252,1736949866.9081228,1736949866.9081228,1736949866.9533134
agv2,1736949868.965573,1736949868.9661093,1736949868.9661093,1736949869.0132055
agv2,1736949871.0335457,1736949871.0345256,1736949871.0345256,1736949871.0402088
agv2,1736949871.0391731,1736949871.0402088,1736949871.0402088,1736949871.083378
agv2,1736949873.143983,1736949873.1445394,1736949873.1445394,1736949873.1935198
agv2,1736949873.1445394,1736949873.1472063,1736949873.1472063,1736949873.1935198
agv2,1736949874.1459484,1736949874.1469479,1736949874.1469479,1736949874.1932824
agv2,1736949876.2025917,1736949876.2035906,1736949876.2035906,1736949876.2533581
agv2,1736949878.278597,1736949878.2795453,1736949878.2795453,1736949878.3227615
agv2,1736949880.3325806,1736949880.3335838,1736949880.3335838,1736949880.3383548
agv2,1736949880.3372808,1736949880.3831794,1736949880.3831794,1736949880.386181
agv2,1736949882.4045978,1736949882.432105,1736949882.432105,1736949882.4525313
agv2,1736949882.4056025,1736949882.4354692,1736949882.4354692,1736949882.4535172
agv2,1736949883.4076705,1736949883.4086635,1736949883.4086635,1736949883.4522264
agv2,1736949885.4707153,1736949885.471714,1736949885.471714,1736949885.477405
agv2,1736949885.476319,1736949885.5225792,1736949885.5225792,1736949885.5259259
agv2,1736949887.5269523,1736949887.5721593,1736949887.5721593,1736949887.5778964
agv2,1736949887.5279179,1736949887.5750968,1736949887.5750968,1736949887.5784152
agv2,1736949888.5295367,1736949888.5304453,1736949888.5304453,1736949888.5822804
agv2,1736949890.5936224,1736949890.5946245,1736949890.5946245,1736949890.6420505
agv2,1736949892.650068,1736949892.6507611,1736949892.6507611,1736949892.6924837
agv2,1736949894.711618,1736949894.7126174,1736949894.7126174,1736949894.7626479
agv2,1736949896.7800937,1736949896.7810943,1736949896.7810943,1736949896.8226943
agv2,1736949898.8387856,1736949898.8397844,1736949898.8397844,1736949898.8433068
agv2,1736949898.8433068,1736949898.844987,1736949898.844987,1736949898.8486974
agv2,1736949900.9032943,1736949900.9042792,1736949900.9042792,1736949900.9533212
agv2,1736949900.9042792,1736949900.9067626,1736949900.9067626,1736949900.9553292
agv2,1736949901.9054646,1736949901.9064646,1736949901.9064646,1736949901.9515715
agv2,1736949903.9633534,1736949903.9643059,1736949903.9643059,1736949904.0121827
agv2,1736949904.9654374,1736949904.9664378,1736949904.9664378,1736949905.0123425
agv2,1736949905.966872,1736949905.9675295,1736949905.9675295,1736949906.012333
agv2,1736949907.9682963,1736949907.9702976,1736949907.9702976,1736949907.9959853
agv2,1736949907.9949212,1736949908.0218744,1736949908.0218744,1736949908.0417297
agv2,1736949910.0554514,1736949910.0570707,1736949910.0570707,1736949910.1016524
agv2,1736949910.0565238,1736949910.06042,1736949910.06042,1736949910.1026545
agv2,1736949912.0579593,1736949912.058794,1736949912.058794,1736949912.1017969
agv2,1736949914.1173124,1736949914.1183121,1736949914.1183121,1736949914.123315
agv2,1736949914.1223102,1736949914.123315,1736949914.123315,1736949914.1716685
agv2,1736949916.2116134,1736949916.212135,1736949916.212135,1736949916.2617726
agv2,1736949916.212671,1736949916.2152023,1736949916.2152023,1736949916.26277
agv2,1736949917.2133577,1736949917.2143364,1736949917.2143364,1736949917.2614408
agv2,1736949919.2730432,1736949919.274043,1736949919.274043,1736949919.3211575
agv2,1736949921.3415565,1736949921.3415565,1736949921.342556,1736949921.3916085
agv2,1736949923.40374,1736949923.404747,1736949923.404747,1736949923.451965
agv2,1736949925.4610624,1736949925.461901,1736949925.461901,1736949925.51081
agv2,1736949927.5189834,1736949927.5197988,1736949927.5197988,1736949927.5236926
agv2,1736949927.5217695,1736949927.5236926,1736949927.5236926,1736949927.5707958
agv2,1736949929.582508,1736949929.5833673,1736949929.5833673,1736949929.630634
agv2,1736949929.5833673,1736949929.585751,1736949929.585751,1736949929.6316338
agv2,1736949930.5851195,1736949930.58612,1736949930.58612,1736949930.630875
agv2,1736949932.644417,1736949932.645416,1736949932.645416,1736949932.6499155
agv2,1736949932.64887,1736949932.690167,1736949932.690167,1736949932.7008336
agv2,1736949934.7093587,1736949934.7103586,1736949934.7103586,1736949934.760576
agv2,1736949934.7103586,1736949934.7124815,1736949934.7124815,1736949934.76139
agv2,1736949935.7114756,1736949935.7154214,1736949935.7154214,1736949935.7612805
agv2,1736949937.7680542,1736949937.7690458,1736949937.7690458,1736949937.7728121
agv2,1736949937.772209,1736949937.8212779,1736949937.8212779,1736949937.826256
agv2,1736949939.833265,1736949939.8342578,1736949939.8342578,1736949939.8805506
agv2,1736949939.8342578,1736949939.8364918,1736949939.8364918,1736949939.8815172
agv2,1736949940.8356652,1736949940.8366663,1736949940.8366663,1736949940.8803673
agv2,1736949942.8894827,1736949942.8905606,1736949942.8905606,1736949942.8940895
agv2,1736949942.8929832,1736949942.9410439,1736949942.9410439,1736949942.9437418
agv2,1736949944.9505856,1736949944.9515393,1736949944.9515393,1736949945.0005136
agv2,1736949944.9515393,1736949944.9537504,1736949944.9537504,1736949945.0015144
agv2,1736949945.9525535,1736949945.954066,1736949945.954066,1736949946.0001726
agv2,1736949948.0164652,1736949948.0174644,1736949948.0174644,1736949948.0603864
agv2,1736949950.092843,1736949950.0934124,1736949950.0934124,1736949950.0975845
agv2,1736949950.0964372,1736949950.0975845,1736949950.0975845,1736949950.1400578
agv2,1736949952.1638806,1736949952.1648774,1736949952.1648774,1736949952.2099535
agv2,1736949952.1648774,1736949952.1674786,1736949952.1674786,1736949952.2105746
agv2,1736949953.165674,1736949953.1666749,1736949953.1666749,1736949953.2096727
agv2,1736949955.2263691,1736949955.227368,1736949955.227368,1736949955.2699432
agv2,1736949957.2889295,1736949957.2898936,1736949957.2898936,1736949957.3295238
agv2,1736949959.349768,1736949959.3507702,1736949959.3507702,1736949959.3999293
agv2,1736949959.3507702,1736949959.3528147,1736949959.3528147,1736949959.3999293
agv2,1736949960.3517504,1736949960.3527498,1736949960.3527498,1736949960.399741
agv2,1736949965.353343,1736949965.35434,1736949965.35434,1736949965.3995392
agv2,1736949970.355125,1736949970.3571353,1736949970.3571353,1736949970.3999815
agv2,1736949972.356642,1736949972.3576422,1736949972.3576422,1736949972.3752477
agv2,1736949972.3737323,1736949972.3752477,1736949972.3752477,1736949972.419601
agv2,1736949974.4430254,1736949974.44401,1736949974.44401,1736949974.4988935
agv2,1736949974.44401,1736949974.4457502,1736949974.4457502,1736949974.4998949
agv2,1736949975.4445999,1736949975.4465978,1736949975.4465978,1736949975.4887445
agv2,1736949977.51237,1736949977.5133455,1736949977.5133455,1736949977.5587246
agv2,1736949979.5796254,1736949979.5806262,1736949979.5806262,1736949979.629216
agv2,1736949981.6400197,1736949981.6410213,1736949981.6410213,1736949981.6886685
agv2,1736949983.7013767,1736949983.7033782,1736949983.7033782,1736949983.7109106
agv2,1736949983.7089157,1736949983.7109106,1736949983.7109106,1736949983.758557
agv2,1736949985.7678006,1736949985.7678006,1736949985.7678006,1736949985.8183146
agv2,1736949985.7688003,1736949985.7698011,1736949985.7708004,1736949985.8193147
agv2,1736949986.769425,1736949986.772423,1736949986.772423,1736949986.8299553
agv2,1736949988.8343205,1736949988.835322,1736949988.835322,1736949988.8789062
agv2,1736949990.8965378,1736949990.8975422,1736949990.8975422,1736949990.9386406
agv2,1736949992.965766,1736949992.969145,1736949992.969145,1736949992.983712
agv2,1736949992.9814398,1736949993.0381894,1736949993.0381894,1736949993.0420854
agv2,1736949995.041727,1736949995.0427258,1736949995.0427258,1736949995.0887427
agv2,1736949995.0427258,1736949995.0460143,1736949995.0460143,1736949995.0887427
agv2,1736949996.0440047,1736949996.0450058,1736949996.0450058,1736949996.0884752
agv2,1736949998.1031284,1736949998.1042147,1736949998.1042147,1736949998.1086035
agv2,1736949998.107489,1736949998.1086035,1736949998.1086035,1736949998.1584692
agv2,1736950000.176533,1736950000.1775339,1736950000.1775339,1736950000.228534
agv2,1736950000.1775339,1736950000.1805348,1736950000.1805348,1736950000.228534
agv2,1736950001.1783712,1736950001.1813688,1736950001.1813688,1736950001.2292097
agv2,1736950003.2586186,1736950003.2596185,1736950003.2596185,1736950003.3077605
agv2,1736950005.3139737,1736950005.3148224,1736950005.3148224,1736950005.3579106
agv2,1736950007.3758655,1736950007.3768659,1736950007.3768659,1736950007.4178998
agv2,1736950009.4343903,1736950009.4353793,1736950009.4353793,1736950009.4770775
agv2,1736950011.4909492,1736950011.4919138,1736950011.4919138,1736950011.5378683
agv2,1736950013.5548067,1736950013.5548067,1736950013.5548067,1736950013.5589955
agv2,1736950013.5584521,1736950013.6081107,1736950013.6081107,1736950013.611797
agv2,1736950015.617664,1736950015.6571133,1736950015.6571133,1736950015.6677942
agv2,1736950015.6187456,1736950015.6597025,1736950015.6597025,1736950015.6683066
agv2,1736950016.6202471,1736950016.6212466,1736950016.6212466,1736950016.667249
agv2,1736950018.6848905,1736950018.6858957,1736950018.6858957,1736950018.7271369
agv2,1736950019.6875095,1736950019.6885128,1736950019.6885128,1736950019.737969
agv2,1736950020.6883216,1736950020.6903226,1736950020.6903226,1736950020.7374413
agv2,1736950022.6902707,1736950022.69127,1736950022.69127,1736950022.7082906
agv2,1736950022.7072914,1736950022.7082906,1736950022.7082906,1736950022.7588153
agv2,1736950024.769085,1736950024.7700841,1736950024.7700841,1736950024.8176594
agv2,1736950024.7700841,1736950024.7738385,1736950024.7738385,1736950024.8176594
agv2,1736950025.7709725,1736950025.771978,1736950025.771978,1736950025.817329
agv2,1736950027.8322551,1736950027.8330853,1736950027.8330853,1736950027.8766284
agv2,1736950027.8330853,1736950027.8359733,1736950027.8359733,1736950027.8776274
agv2,1736950028.834979,1736950028.8369818,1736950028.8369818,1736950028.8774514
agv2,1736950029.8369122,1736950029.8399,1736950029.8399,1736950029.8875647
agv2,1736950030.8386245,1736950030.8394666,1736950030.8394666,1736950030.8893535
agv2,1736950032.8397858,1736950032.8437805,1736950032.8437805,1736950032.8878648
agv2,1736950032.8962867,1736950032.9397852,1736950032.9397852,1736950032.9877276
agv2,1736950034.9587393,1736950034.9592545,1736950034.9592545,1736950035.0069788
agv2,1736950034.9592545,1736950034.9618104,1736950034.9618104,1736950035.0077972
agv2,1736950036.9608173,1736950036.9618158,1736950036.9618158,1736950037.007139
agv2,1736950039.032705,1736950039.0337079,1736950039.0337079,1736950039.037675
agv2,1736950039.0366101,1736950039.0768468,1736950039.0768468,1736950039.0867589
agv2,1736950041.0966103,1736950041.127544,1736950041.127544,1736950041.147064
agv2,1736950041.0995154,1736950041.1365433,1736950041.1365433,1736950041.148068
agv2,1736950042.1018546,1736950042.1029215,1736950042.1029215,1736950042.1473875
agv2,1736950044.1635916,1736950044.1647453,1736950044.1647453,1736950044.2070773
agv2,1736950046.2240226,1736950046.2250204,1736950046.2250204,1736950046.2669182
agv2,1736950048.27984,1736950048.281177,1736950048.281177,1736950048.3263257
agv2,1736950050.345091,1736950050.3459027,1736950050.3459027,1736950050.38674
agv2,1736950052.3993704,1736950052.4004009,1736950052.4004009,1736950052.446447
agv2,1736950054.458222,1736950054.458222,1736950054.458222,1736950054.505859
agv2,1736950056.5144837,1736950056.5154855,1736950056.5154855,1736950056.5209484
agv2,1736950056.5198836,1736950056.5209484,1736950056.5209484,1736950056.5660164
agv2,1736950058.586456,1736950058.5874581,1736950058.5874581,1736950058.635929
agv2,1736950058.5874581,1736950058.5908196,1736950058.5908196,1736950058.6366367
agv2,1736950059.5885153,1736950059.5890448,1736950059.5890448,1736950059.6359994
agv2,1736950061.6481206,1736950061.6518364,1736950061.6518364,1736950061.6965184
agv2,1736950063.7170115,1736950063.7180123,1736950063.7180123,1736950063.723015
agv2,1736950063.7220132,1736950063.766093,1736950063.766093,1736950063.769094
agv2,1736950065.7796988,1736950065.7796988,1736950065.7796988,1736950065.8259785
agv2,1736950065.7806964,1736950065.7833016,1736950065.7833016,1736950065.8269792
agv2,1736950066.7817547,1736950066.7827568,1736950066.7827568,1736950066.8257556
agv2,1736950068.848623,1736950068.8496163,1736950068.8496163,1736950068.895185
agv2,1736950070.9180856,1736950070.9190755,1736950070.9190755,1736950070.9656641
agv2,1736950072.9743283,1736950072.9753227,1736950072.9753227,1736950073.0252686
agv2,1736950072.9784756,1736950072.979557,1736950072.979557,1736950073.0262697
agv2,1736950075.0397012,1736950075.0412292,1736950075.0412292,1736950075.0853279
agv2,1736950075.0412292,1736950075.0447493,1736950075.0447493,1736950075.086324
agv2,1736950076.0421453,1736950076.0461543,1736950076.0461543,1736950076.0856864
agv2,1736950078.109021,1736950078.1095881,1736950078.1095881,1736950078.1555843
agv2,1736950080.1693397,1736950080.1733336,1736950080.1733336,1736950080.1833134
agv2,1736950082.2384598,1736950082.2414432,1736950082.2414432,1736950082.2859879
agv2,1736950084.3009117,1736950084.301912,1736950084.301912,1736950084.3452353
agv2,1736950086.3643658,1736950086.3653631,1736950086.3653631,1736950086.36884
agv2,1736950086.368297,1736950086.36884,1736950086.36884,1736950086.416748
agv2,1736950088.4221017,1736950088.423094,1736950088.423094,1736950088.4645777
agv2,1736950088.423094,1736950088.425634,1736950088.425634,1736950088.4655764
agv2,1736950089.4240215,1736950089.4250271,1736950089.4250271,1736950089.4745495
agv2,1736950091.4840195,1736950091.4847744,1736950091.4847744,1736950091.5342755
agv2,1736950092.4858637,1736950092.4858637,1736950092.4858637,1736950092.534863
agv2,1736950093.4865377,1736950093.4885383,1736950093.4885383,1736950093.5346258
agv2,1736950095.4886599,1736950095.4896622,1736950095.4896622,1736950095.5050204
agv2,1736950095.5040205,1736950095.5050204,1736950095.5050204,1736950095.554103
agv2,1736950097.5686722,1736950097.5705552,1736950097.5705552,1736950097.6136525
agv2,1736950097.5705552,1736950097.573554,1736950097.573554,1736950097.614653
agv2,1736950099.5722966,1736950099.5738447,1736950099.5738447,1736950099.6227207
agv2,1736950101.6352084,1736950101.636035,1736950101.636035,1736950101.6826158
agv2,1736950101.638035,1736950101.640184,1736950101.640184,1736950101.6835911
agv2,1736950103.7081552,1736950103.7121546,1736950103.7121546,1736950103.763143
agv2,1736950103.7121546,1736950103.7201588,1736950103.7201588,1736950103.763143
agv2,1736950104.7147655,1736950104.718766,1736950104.718766,1736950104.7732537
agv2,1736950106.7720637,1736950106.7730641,1736950106.7730641,1736950106.8332536
agv2,1736950108.8320656,1736950108.8331127,1736950108.8331127,1736950108.883019
agv2,1736950110.8907368,1736950110.8947077,1736950110.8947077,1736950110.9424906
agv2,1736950112.947259,1736950112.9480884,1736950112.9480884,1736950113.00246
agv2,1736950115.0106382,1736950115.0126464,1736950115.0126464,1736950115.0203803
agv2,1736950115.019255,1736950115.063093,1736950115.063093,1736950115.066059
agv2,1736950117.0777829,1736950117.078785,1736950117.078785,1736950117.1223
agv2,1736950117.0777829,1736950117.0807834,1736950117.0807834,1736950117.1233013
agv2,1736950118.08008,1736950118.0810807,1736950118.0810807,1736950118.1229422
agv2,1736950120.1335483,1736950120.1345463,1736950120.1345463,1736950120.1824903
agv2,1736950122.1929615,1736950122.1939611,1736950122.1939611,1736950122.2428527
agv2,1736950124.3068304,1736950124.3088303,1736950124.3088303,1736950124.3162687
agv2,1736950124.315127,1736950124.3162687,1736950124.3162687,1736950124.3629243
agv2,1736950126.3780518,1736950126.3820317,1736950126.3820317,1736950126.4327319
agv2,1736950126.3820317,1736950126.396032,1736950126.396032,1736950126.4337254
agv2,1736950127.3847044,1736950127.3856626,1736950127.3856626,1736950127.4317083
agv2,1736950129.4837067,1736950129.4847062,1736950129.4847062,1736950129.5327692
agv2,1736950131.5407605,1736950131.541489,1736950131.541489,1736950131.5814092
agv2,1736950133.5986147,1736950133.600622,1736950133.600622,1736950133.6422405
agv2,1736950134.6022406,1736950134.6032443,1736950134.6032443,1736950134.651825
agv2,1736950135.603021,1736950135.6050422,1736950135.6050422,1736950135.6625648
agv2,1736950137.6055348,1736950137.6065264,1736950137.6065264,1736950137.6254358
agv2,1736950137.6244335,1736950137.6254358,1736950137.6254358,1736950137.6714544
agv2,1736950139.694994,1736950139.6969929,1736950139.6969929,1736950139.7417645
agv2,1736950139.6969929,1736950139.701068,1736950139.701068,1736950139.7426205
agv2,1736950141.6991053,1736950141.7002838,1736950141.7002838,1736950141.7421315
agv2,1736950143.755994,1736950143.7570484,1736950143.7570484,1736950143.802292
agv2,1736950145.8164814,1736950145.8173435,1736950145.8173435,1736950145.8614798
agv2,1736950147.868238,1736950147.86924,1736950147.86924,1736950147.8733566
agv2,1736950147.8722413,1736950147.8733566,1736950147.8733566,1736950147.931877
agv2,1736950149.9740355,1736950149.9750352,1736950149.9750352,1736950150.021675
agv2,1736950149.9750352,1736950149.9781444,1736950149.9781444,1736950150.0227597
agv2,1736950150.9759862,1736950150.9769585,1736950150.9769585,1736950151.0218625
agv2,1736950153.0368261,1736950153.0378242,1736950153.0378242,1736950153.0813844
agv2,1736950155.113284,1736950155.1139987,1736950155.1139987,1736950155.1618044
agv2,1736950157.1683073,1736950157.1692982,1736950157.1692982,1736950157.173757
agv2,1736950157.1732252,1736950157.2213206,1736950157.2213206,1736950157.2243178
agv2,1736950159.2274265,1736950159.2707589,1736950159.2717571,1736950159.291316
agv2,1736950159.2300172,1736950159.2747574,1736950159.2747574,1736950159.2918382
agv2,1736950160.2326274,1736950160.2336276,1736950160.2336276,1736950160.2812345
agv2,1736950162.293104,1736950162.2941027,1736950162.2941027,1736950162.3413002
agv2,1736950164.3641715,1736950164.3651197,1736950164.3651197,1736950164.4114916
agv2,1736950166.421701,1736950166.4227045,1736950166.4227045,1736950166.4713488
agv2,1736950168.4858851,1736950168.486734,1736950168.486734,1736950168.531323
agv2,1736950170.5464988,1736950170.547491,1736950170.547491,1736950170.59049
agv2,1736950172.6395893,1736950172.6405303,1736950172.6405303,1736950172.6910698
agv2,1736950174.7037907,1736950174.7046337,1736950174.7046337,1736950174.7086866
agv2,1736950174.707624,1736950174.7086866,1736950174.7086866,1736950174.7604916
agv2,1736950176.7678926,1736950176.7688844,1736950176.7688844,1736950176.8105092
agv2,1736950176.7688844,1736950176.7721543,1736950176.7721543,1736950176.8115108
agv2,1736950177.7703342,1736950177.7713263,1736950177.7713263,1736950177.8208747
agv2,1736950179.8516426,1736950179.8527396,1736950179.8527396,1736950179.9006295
agv2,1736950184.8530862,1736950184.8540864,1736950184.8540864,1736950184.910094
agv2,1736950189.8553305,1736950189.8563313,1736950189.8563313,1736950189.9005709
agv2,1736950191.8564365,1736950191.8574424,1736950191.8574424,1736950191.8758407
agv2,1736950191.8748624,1736950191.8758407,1736950191.8758407,1736950191.9301832
agv2,1736950193.9399695,1736950193.941269,1736950193.941269,1736950193.9898992
agv2,1736950193.941269,1736950193.9441137,1736950193.9441137,1736950193.9907136
agv2,1736950195.9422412,1736950195.9422412,1736950195.9432428,1736950195.9892306
agv2,1736950198.003976,1736950198.0048282,1736950198.0048282,1736950198.008658
agv2,1736950198.0081193,1736950198.0501487,1736950198.0501487,1736950198.0696952
agv2,1736950200.0695612,1736950200.099373,1736950200.099373,1736950200.1201847
agv2,1736950200.0705612,1736950200.1033704,1736950200.1033704,1736950200.120717
agv2,1736950201.0715349,1736950201.072116,1736950201.072116,1736950201.1198618
agv2,1736950203.1298635,1736950203.1308644,1736950203.1308644,1736950203.1796615
agv2,1736950205.1858907,1736950205.186887,1736950205.186887,1736950205.19086
agv2,1736950205.1897566,1736950205.19086,1736950205.19086,1736950205.2392159
agv2,1736950207.257389,1736950207.257389,1736950207.257389,1736950207.3095052
agv2,1736950207.257389,1736950207.2627995,1736950207.2627995,1736950207.3095052
agv2,1736950208.2592468,1736950208.2633896,1736950208.2633896,1736950208.3104753
agv2,1736950210.3298252,1736950210.3308253,1736950210.3308253,1736950210.3788402
agv2,1736950212.3865654,1736950212.387105,1736950212.387105,1736950212.4294736
agv2,1736950214.4430118,1736950214.443673,1736950214.443673,1736950214.4890344
agv2,1736950216.4962206,1736950216.4972136,1736950216.4972136,1736950216.5392578
agv2,1736950218.5508347,1736950218.5514657,1736950218.5514657,1736950218.598696
agv2,1736950220.6119466,1736950220.6158988,1736950220.6158988,1736950220.6289763
agv2,1736950220.6269767,1736950220.6289763,1736950220.6289763,1736950220.6790051
agv2,1736950222.6832037,1736950222.6840057,1736950222.6840057,1736950222.728191
agv2,1736950222.6840057,1736950222.6871517,1736950222.6871517,1736950222.7294712
agv2,1736950223.6860847,1736950223.6871216,1736950223.6871216,1736950223.7286282
agv2,1736950225.7488015,1736950225.7496789,1736950225.7496789,1736950225.79864
agv2,1736950227.8116796,1736950227.812684,1736950227.812684,1736950227.8579443
agv2,1736950229.8732197,1736950229.874059,1736950229.874059,1736950229.9284842
agv2,1736950229.874059,1736950229.8764842,1736950229.8764842,1736950229.9284842
agv2,1736950230.8750825,1736950230.8758183,1736950230.8758183,1736950230.9181466
agv2,1736950231.8769267,1736950231.8779285,1736950231.8779285,1736950231.9179296
agv2,1736950232.8778272,1736950232.8798206,1736950232.8798206,1736950232.9282274
agv2,1736950234.8795815,1736950234.8805816,1736950234.8805816,1736950234.8995836
agv2,1736950234.898583,1736950234.8995836,1736950234.8995836,1736950234.948582
agv2,1736950236.9537413,1736950236.9548035,1736950236.9548035,1736950236.9989867
agv2,1736950236.9548035,1736950236.9629762,1736950236.9629762,1736950236.9994972
agv2,1736950237.9553623,1736950237.9563594,1736950237.9563594,1736950237.9980621
agv2,1736950240.0491157,1736950240.0501142,1736950240.0501142,1736950240.0998654
agv2,1736950242.10553,1736950242.10553,1736950242.1065252,1736950242.1478546
agv2,1736950244.159356,1736950244.1613493,1736950244.1613493,1736950244.2080693
agv2,1736950246.2465787,1736950246.2475765,1736950246.2475765,1736950246.2894104
agv2,1736950248.3016715,1736950248.3026757,1736950248.3026757,1736950248.3475606
agv2,1736950250.360833,1736950250.3618116,1736950250.3618116,1736950250.4073782
agv2,1736950252.4202416,1736950252.4214091,1736950252.4214091,1736950252.425518
agv2,1736950252.4245224,1736950252.425518,1736950252.425518,1736950252.467714
agv2,1736950254.489221,1736950254.4902143,1736950254.4902143,1736950254.5378323
agv2,1736950254.4902143,1736950254.4929037,1736950254.4929037,1736950254.5378323
agv2,1736950255.491644,1736950255.492645,1736950255.492645,1736950255.5379298
agv2,1736950257.5518384,1736950257.5528328,1736950257.5528328,1736950257.59792
agv2,1736950259.6171365,1736950259.6179,1736950259.6179,1736950259.667205
agv2,1736950261.6774912,1736950261.6814833,1736950261.6814833,1736950261.6929867
agv2,1736950261.6924396,1736950261.6946964,1736950261.6947598,1736950261.700687
agv2,1736950263.750114,1736950263.7511148,1736950263.7511148,1736950263.7972717
agv2,1736950263.7511148,1736950263.7538397,1736950263.7538397,1736950263.798272
agv2,1736950264.7521431,1736950264.7521431,1736950264.7521431,1736950264.7974088
agv2,1736950266.8060517,1736950266.807345,1736950266.807345,1736950266.8139026
agv2,1736950266.8127458,1736950266.8144286,1736950266.81445,1736950266.8572564
agv2,1736950268.8740194,1736950268.8749309,1736950268.8749309,1736950268.916917
agv2,1736950268.8749309,1736950268.8782234,1736950268.8782234,1736950268.917917
agv2,1736950269.8762739,1736950269.8772762,1736950269.8772762,1736950269.927181
agv2,1736950271.9415362,1736950271.943586,1736950271.943586,1736950271.9873645
agv2,1736950274.0267205,1736950274.0277247,1736950274.0277247,1736950274.031613
agv2,1736950274.0306182,1736950274.0771334,1736950274.0771334,1736950274.0797637
agv2,1736950276.10487,1736950276.105694,1736950276.105694,1736950276.1471276
agv2,1736950276.105694,1736950276.109487,1736950276.109487,1736950276.148125
agv2,1736950277.1069431,1736950277.1075597,1736950277.1075597,1736950277.1583602
agv2,1736950279.1664279,1736950279.1674938,1736950279.1674938,1736950279.2172344
agv2,1736950284.1690116,1736950284.1699994,1736950284.1699994,1736950284.2165797
agv2,1736950289.1697674,1736950289.17076,1736950289.17076,1736950289.216368
agv2,1736950291.1708546,1736950291.171856,1736950291.171856,1736950291.1858916
agv2,1736950291.1848433,1736950291.1858916,1736950291.1858916,1736950291.2366807
agv2,1736950293.2600973,1736950293.2610939,1736950293.2610939,1736950293.3066034
agv2,1736950293.2610939,1736950293.263093,1736950293.263093,1736950293.3066034
agv2,1736950294.2620988,1736950294.2631128,1736950294.2631128,1736950294.3066244
agv2,1736950296.321149,1736950296.3221455,1736950296.3221455,1736950296.3666737
agv2,1736950298.4679341,1736950298.468454,1736950298.468454,1736950298.5161228
agv2,1736950300.5722735,1736950300.5732708,1736950300.5732708,1736950300.6162262
agv2,1736950302.6283276,1736950302.629326,1736950302.629326,1736950302.676209
agv2,1736950304.717116,1736950304.7181175,1736950304.7181175,1736950304.7660613
agv2,1736950304.7181175,1736950304.721208,1736950304.721747,1736950304.7660613
agv2,1736950305.7193139,1736950305.7202811,1736950305.7202811,1736950305.765828
agv2,1736950306.7219,1736950306.7239037,1736950306.7239037,1736950306.7656863
agv2,1736950307.7258596,1736950307.7258596,1736950307.7258596,1736950307.7755754
agv2,1736950309.7554457,1736950309.7574492,1736950309.7574492,1736950309.8054461
agv2,1736950310.3596418,1736950310.3616416,1736950310.3616416,1736950310.431692
agv2,1736950313.1899204,1736950313.190919,1736950313.190919,1736950313.2356293
agv2,1736950313.190919,1736950313.1937208,1736950313.1937208,1736950313.2366302
agv2,1736950315.1920745,1736950315.1930747,1736950315.1930747,1736950315.235077
agv2,1736950317.2531703,1736950317.2541716,1736950317.2541716,1736950317.2601721
agv2,1736950317.2591708,1736950317.305172,1736950317.305172,1736950317.3091726
agv2,1736950319.335866,1736950319.3368134,1736950319.3368134,1736950319.3855991
agv2,1736950319.3368134,1736950319.3386216,1736950319.3386216,1736950319.3855991
agv2,1736950320.337991,1736950320.3389907,1736950320.3389907,1736950320.3856995
agv2,1736950322.3992507,1736950322.400251,1736950322.400251,1736950322.4032505
agv2,1736950324.452769,1736950324.4537678,1736950324.4537678,1736950324.4957042
agv2,1736950326.50838,1736950326.5093734,1736950326.5093734,1736950326.5555098
agv2,1736950328.5734777,1736950328.57448,1736950328.57448,1736950328.6151638
agv2,1736950330.633491,1736950330.634491,1736950330.634491,1736950330.675006
agv2,1736950332.6993184,1736950332.7003412,1736950332.7003412,1736950332.7449617
agv2,1736950334.7620475,1736950334.763047,1736950334.763047,1736950334.8146439
agv2,1736950334.767046,1736950334.7690473,1736950334.7690473,1736950334.8156362
agv2,1736950336.825834,1736950336.8268337,1736950336.8268337,1736950336.8753178
agv2,1736950336.8278325,1736950336.828832,1736950336.828832,1736950336.8753178
agv2,1736950337.8285482,1736950337.8294132,1736950337.8294132,1736950337.8750422
agv2,1736950339.8848612,1736950339.8858607,1736950339.8858607,1736950339.9342847
agv2,1736950341.940793,1736950341.9417925,1736950341.9417925,1736950341.9475162
agv2,1736950341.9464653,1736950341.9952986,1736950341.9952986,1736950342.005205
agv2,1736950344.019681,1736950344.0541918,1736950344.0541918,1736950344.0755699
agv2,1736950344.0216784,1736950344.0680754,1736950344.0680754,1736950344.0766213
agv2,1736950345.0228438,1736950345.0238433,1736950345.0238433,1736950345.0648432
agv2,1736950347.1229215,1736950347.12592,1736950347.12592,1736950347.1755466
agv2,1736950349.1891093,1736950349.1901128,1736950349.1901128,1736950349.244372
agv2,1736950351.2564254,1736950351.2574255,1736950351.2574255,1736950351.3039215
agv2,1736950351.261427,1736950351.2624238,1736950351.2624238,1736950351.3049207
agv2,1736950353.330556,1736950353.3355553,1736950353.3355553,1736950353.3839252
agv2,1736950353.3365514,1736950353.3470428,1736950353.3470428,1736950353.3849256
agv2,1736950354.3386283,1736950354.339665,1736950354.339665,1736950354.3846056
agv2,1736950356.3976622,1736950356.3987572,1736950356.3987572,1736950356.4438038
agv2,1736950358.4739318,1736950358.4759376,1736950358.4759376,1736950358.4854615
agv2,1736950358.4844632,1736950358.5244598,1736950358.5244598,1736950358.5344594
agv2,1736950360.5498438,1736950360.5509102,1736950360.5509102,1736950360.5950453
agv2,1736950360.5509102,1736950360.5543551,1736950360.5543952,1736950360.5960443
agv2,1736950361.5516894,1736950361.55269,1736950361.55269,1736950361.5941205
agv2,1736950363.614767,1736950363.6157656,1736950363.6157656,1736950363.6638699
agv2,1736950364.616236,1736950364.6172364,1736950364.6172364,1736950364.663924
agv2,1736950365.617241,1736950365.6182356,1736950365.6182356,1736950365.664018
agv2,1736950367.6246765,1736950367.6342306,1736950367.6342306,1736950367.6711524
agv2,1736950367.66963,1736950367.6711524,1736950367.6711524,1736950367.7139125
agv2,1736950369.7303174,1736950369.7313087,1736950369.7313087,1736950369.7728798
agv2,1736950369.7313087,1736950369.734532,1736950369.734532,1736950369.7742012
agv2,1736950371.7328095,1736950371.73381,1736950371.73381,1736950371.7830713
agv2,1736950373.811271,1736950373.8122716,1736950373.8122716,1736950373.818273
agv2,1736950373.817273,1736950373.8632715,1736950373.8632715,1736950373.868271
agv2,1736950375.9118128,1736950375.9128175,1736950375.9128175,1736950375.9633706
agv2,1736950375.9128175,1736950375.916814,1736950375.916814,1736950375.9643698
agv2,1736950376.9148223,1736950376.9163826,1736950376.9163826,1736950376.963419
agv2,1736950378.9904182,1736950378.9914174,1736950378.9914174,1736950379.0334167
agv2,1736950381.2327976,1736950381.2894027,1736950381.2894027,1736950381.3341646
agv2,1736950383.4855006,1736950383.491501,1736950383.491501,1736950383.4984999
agv2,1736950385.5584757,1736950385.5644753,1736950385.5644753,1736950385.6140275
agv2,1736950385.6060283,1736950385.6140275,1736950385.6140275,1736950385.6641772
agv2,1736950387.7081513,1736950387.7086713,1736950387.7086713,1736950387.753266
agv2,1736950387.7086713,1736950387.7155282,1736950387.7155282,1736950387.7543137
agv2,1736950388.709736,1736950388.7117352,1736950388.7117352,1736950388.754746
agv2,1736950390.7964444,1736950390.7984428,1736950390.7984428,1736950390.8434386
agv2,1736950392.8876996,1736950392.8886986,1736950392.8886986,1736950392.8959064
agv2,1736950392.8939123,1736950392.9430168,1736950392.9430168,1736950392.946021
agv2,1736950394.97188,1736950394.9748795,1736950394.9748795,1736950395.0228715
agv2,1736950394.9748795,1736950394.9838808,1736950394.9838808,1736950395.0238721
agv2,1736950395.9761367,1736950395.9781418,1736950395.9781418,1736950396.0233214
agv2,1736950398.0376139,1736950398.0386186,1736950398.0386186,1736950398.082342
agv2,1736950403.039383,1736950403.0403829,1736950403.0403829,1736950403.0830085
agv2,1736959096.9475846,1736959096.9495845,1736959096.9495845,1736959097.0181782
agv2,1736959096.9692073,1736959096.9947298,1736959096.9947298,1736959097.0192194
agv2,1736959099.029988,1736959099.0317795,1736959099.0317795,1736959099.0789404
agv2,1736959099.0317795,1736959099.0344942,1736959099.0344942,1736959099.079461
agv2,1736959101.0347106,1736959101.036706,1736959101.036706,1736959101.078828
agv2,1736959103.0995662,1736959103.1005654,1736959103.1005654,1736959103.1093507
agv2,1736959103.1083457,1736959103.1588876,1736959103.1588876,1736959103.1638873
agv2,1736959105.1935399,1736959105.1950672,1736959105.1950672,1736959105.2380602
agv2,1736959105.1950672,1736959105.1990626,1736959105.1990626,1736959105.239062
agv2,1736959106.1959686,1736959106.196968,1736959106.196968,1736959106.2389805
agv2,1736959108.268852,1736959108.2698548,1736959108.2698548,1736959108.327851
agv2,1736959110.3356938,1736959110.3377292,1736959110.3377292,1736959110.3784773
agv2,1736959112.4115918,1736959112.414131,1736959112.414131,1736959112.4583673
agv2,1736959114.483174,1736959114.487898,1736959114.487898,1736959114.528548
agv2,1736959116.558204,1736959116.5592039,1736959116.5592039,1736959116.6078942
agv2,1736959118.6190233,1736959118.620027,1736959118.620027,1736959118.6281192
agv2,1736959118.6264584,1736959118.6281192,1736959118.6281192,1736959118.6777909
agv2,1736959120.6927736,1736959120.6937792,1736959120.6937792,1736959120.738037
agv2,1736959120.6937792,1736959120.6973584,1736959120.6973584,1736959120.7385619
agv2,1736959121.6952188,1736959121.6952188,1736959121.6952188,1736959121.7374585
agv2,1736959123.7606103,1736959123.762473,1736959123.762473,1736959123.777017
agv2,1736959123.774759,1736959123.8172252,1736959123.8172252,1736959123.8274305
agv2,1736959125.8432353,1736959125.844234,1736959125.844234,1736959125.8874302
agv2,1736959125.844234,1736959125.846765,1736959125.846765,1736959125.8884208
agv2,1736959126.8449204,1736959126.8458943,1736959126.8458943,1736959126.8871307
agv2,1736959128.9084437,1736959128.9084437,1736959128.9084437,1736959128.9564528
agv2,1736959130.971686,1736959130.9726844,1736959130.9726844,1736959131.0167384
agv2,1736959133.0305629,1736959133.031083,1736959133.031083,1736959133.076747
agv2,1736959135.0875597,1736959135.0885458,1736959135.0885458,1736959135.136623
agv2,1736959137.1413376,1736959137.142338,1736959137.142338,1736959137.1858292
agv2,1736959139.1969185,1736959139.2010262,1736959139.2010262,1736959139.2464275
agv2,1736959141.2636836,1736959141.2646751,1736959141.2646751,1736959141.3180645
agv2,1736959143.32459,1736959143.3265388,1736959143.3265388,1736959143.376411
agv2,1736959145.3860807,1736959145.387082,1736959145.387082,1736959145.4366891
agv2,1736959147.4464447,1736959147.4474921,1736959147.4474921,1736959147.4960601
agv2,1736959149.4982548,1736959149.5022438,1736959149.5022438,1736959149.5463486
agv2,1736959151.5638185,1736959151.5677586,1736959151.5677586,1736959151.6158369
agv2,1736959153.6188483,1736959153.6198487,1736959153.6198487,1736959153.6653693
agv2,1736959155.674453,1736959155.6785402,1736959155.6785402,1736959155.694909
agv2,1736959155.6916952,1736959155.6948452,1736959155.694909,1736959155.7454538
agv2,1736959157.749614,1736959157.7536018,1736959157.7536018,1736959157.8052995
agv2,1736959157.7536018,1736959157.765259,1736959157.765259,1736959157.8063045
agv2,1736959158.756281,1736959158.760284,1736959158.760284,1736959158.8051343
agv2,1736959160.820188,1736959160.8251905,1736959160.8251905,1736959160.8658166
agv2,1736959162.8758504,1736959162.8768501,1736959162.8768501,1736959162.924959
agv2,1736959164.931795,1736959164.93279,1736959164.93279,1736959164.974797
agv2,1736959166.987968,1736959166.9889696,1736959166.9889696,1736959167.03529
agv2,1736959169.0434725,1736959169.047121,1736959169.0478866,1736959169.096144
agv2,1736959169.047121,1736959169.0612755,1736959169.0612755,1736959169.0977
agv2,1736959170.049071,1736959170.0500734,1736959170.0500734,1736959170.0958924
agv2,1736959175.0505726,1736959175.0515058,1736959175.0515058,1736959175.0942414
agv2,1736959180.051803,1736959180.0536287,1736959180.0536287,1736959180.10438
agv2,1736959182.0534174,1736959182.0544174,1736959182.0544174,1736959182.0678074
agv2,1736959182.066751,1736959182.0678074,1736959182.0678074,1736959182.113881
agv2,1736959184.1240985,1736959184.1246178,1736959184.1246178,1736959184.174194
agv2,1736959184.1246178,1736959184.1292374,1736959184.1292374,1736959184.174194
agv2,1736959185.1257603,1736959185.1267607,1736959185.1267607,1736959185.1737602
agv2,1736959187.1811025,1736959187.1821525,1736959187.1821525,1736959187.2231376
agv2,1736959189.2382917,1736959189.2393382,1736959189.2393382,1736959189.2834399
agv2,1736959191.2948062,1736959191.2958066,1736959191.2958066,1736959191.3534992
agv2,1736959193.352049,1736959193.3530798,1736959193.3530798,1736959193.3932538
agv2,1736959195.4092405,1736959195.410242,1736959195.410242,1736959195.4525654
agv2,1736959197.4689708,1736959197.4701295,1736959197.4701295,1736959197.474413
agv2,1736959197.4731274,1736959197.474413,1736959197.474413,1736959197.5233572
agv2,1736959199.5219893,1736959199.5233192,1736959199.5233192,1736959199.5729864
agv2,1736959199.5233192,1736959199.5267544,1736959199.5267544,1736959199.5738413
agv2,1736959200.5240314,1736959200.5250292,1736959200.5250292,1736959200.5729108
agv2,1736959202.5774238,1736959202.5784218,1736959202.5784218,1736959202.6227956
agv2,1736959204.6389844,1736959204.6418703,1736959204.6418703,1736959204.6829607
agv2,1736959206.6935356,1736959206.6945357,1736959206.6945357,1736959206.6988397
agv2,1736959206.6977742,1736959206.6983202,1736959206.6983202,1736959206.7424705
agv2,1736959208.7578201,1736959208.7588224,1736959208.7588224,1736959208.8021767
agv2,1736959208.7588224,1736959208.7612512,1736959208.7612512,1736959208.8031762
agv2,1736959209.7596703,1736959209.7636218,1736959209.7636218,1736959209.812113
agv2,1736959211.818259,1736959211.8222582,1736959211.8222582,1736959211.871863
agv2,1736959211.8222582,1736959211.8262572,1736959211.8262572,1736959211.8728526
agv2,1736959213.8714726,1736959213.8719933,1736959213.8719933,1736959213.9217443
agv2,1736959213.8719933,1736959213.8744776,1736959213.8744776,1736959213.9227772
agv2,1736959214.8735218,1736959214.8740375,1736959214.8740375,1736959214.922118
agv2,1736959216.9342022,1736959216.9350405,1736959216.9350405,1736959216.9923027
agv2,1736959218.9902906,1736959218.9912817,1736959218.9912817,1736959219.0322819
agv2,1736959221.043718,1736959221.0445445,1736959221.0445445,1736959221.0921361
agv2,1736959223.1033342,1736959223.1053038,1736959223.1053038,1736959223.1514893
agv2,1736959225.1553872,1736959225.1563835,1736959225.1563835,1736959225.2017226
agv2,1736959227.2137277,1736959227.2147315,1736959227.2147315,1736959227.261627
agv2,1736959229.268085,1736959229.2690878,1736959229.2690878,1736959229.3111918
agv2,1736959231.3189335,1736959231.3194551,1736959231.3194551,1736959231.3251688
agv2,1736959231.3235164,1736959231.3251688,1736959231.3251688,1736959231.3708534
agv2,1736959233.3742049,1736959233.3752007,1736959233.3752007,1736959233.4206476
agv2,1736959233.3752007,1736959233.3772962,1736959233.3772962,1736959233.4216328
agv2,1736959234.3760808,1736959234.3769023,1736959234.3769023,1736959234.4222791
agv2,1736959236.4331095,1736959236.4340925,1736959236.4340925,1736959236.480636
agv2,1736959237.434649,1736959237.4356434,1736959237.4356434,1736959237.4803023
agv2,1736959238.436455,1736959238.4404707,1736959238.4404707,1736959238.4924724
agv2,1736959240.439494,1736959240.4404929,1736959240.4404929,1736959240.4568212
agv2,1736959240.455822,1736959240.4568212,1736959240.4568212,1736959240.500744
agv2,1736959242.5133872,1736959242.5143797,1736959242.5143797,1736959242.561455
agv2,1736959242.5143797,1736959242.5162182,1736959242.5162182,1736959242.562456
agv2,1736959243.5153332,1736959243.5163338,1736959243.5163338,1736959243.5604076
agv2,1736959245.573067,1736959245.5737169,1736959245.5737169,1736959245.6210163
agv2,1736959247.6250186,1736959247.6258354,1736959247.6258354,1736959247.670578
agv2,1736959249.6901214,1736959249.6911166,1736959249.6911166,1736959249.741558
agv2,1736959251.742011,1736959251.7428386,1736959251.7428386,1736959251.7893574
agv2,1736959253.803777,1736959253.8047736,1736959253.8047736,1736959253.8498173
agv2,1736959255.8626382,1736959255.86372,1736959255.86372,1736959255.909617
agv2,1736959257.9183412,1736959257.9194005,1736959257.9194005,1736959257.9593759
agv2,1736959259.9763815,1736959259.97738,1736959259.97738,1736959260.0199294
agv2,1736959259.97738,1736959259.9823833,1736959259.9823833,1736959260.0204542
agv2,1736959260.9786623,1736959260.9810011,1736959260.9810011,1736959261.029233
agv2,1736959261.9807634,1736959261.9816449,1736959261.9816449,1736959262.0286524
agv2,1736959262.981571,1736959262.9823895,1736959262.9823895,1736959263.029301
agv2,1736959264.983904,1736959264.9848912,1736959264.9848912,1736959265.00055
agv2,1736959264.9995482,1736959265.00055,1736959265.00055,1736959265.0592217
agv2,1736959267.0580864,1736959267.058603,1736959267.058603,1736959267.108869
agv2,1736959267.0591204,1736959267.0619204,1736959267.0624387,1736959267.1098692
agv2,1736959269.0597107,1736959269.060468,1736959269.060468,1736959269.1082137
agv2,1736959271.1195529,1736959271.1205297,1736959271.1205297,1736959271.1686478
agv2,1736959273.182676,1736959273.1837819,1736959273.1837819,1736959273.2279925
agv2,1736959275.2439191,1736959275.2449198,1736959275.2449198,1736959275.2489266
agv2,1736959275.2489266,1736959275.2979264,1736959275.2979264,1736959275.3009262
agv2,1736959277.315682,1736959277.316672,1736959277.316672,1736959277.368384
agv2,1736959277.318674,1736959277.3223839,1736959277.3223839,1736959277.369384
agv2,1736959278.3213346,1736959278.3223345,1736959278.3223345,1736959278.368264
agv2,1736959280.373723,1736959280.3747244,1736959280.3747244,1736959280.4180195
agv2,1736959282.4340603,1736959282.4350607,1736959282.4350607,1736959282.4779315
agv2,1736959284.488642,1736959284.489633,1736959284.489633,1736959284.4927993
agv2,1736959284.491804,1736959284.4927993,1736959284.4927993,1736959284.5374606
agv2,1736959286.5466676,1736959286.5474741,1736959286.5474741,1736959286.597164
agv2,1736959286.5474741,1736959286.5507004,1736959286.5507004,1736959286.598159
agv2,1736959287.5487516,1736959287.5526798,1736959287.5526798,1736959287.598435
agv2,1736959289.5999084,1736959289.6009047,1736959289.6009047,1736959289.6493368
agv2,1736959291.6548052,1736959291.6553257,1736959291.6553257,1736959291.697365
agv2,1736959293.7116592,1736959293.7134902,1736959293.7134902,1736959293.7574244
agv2,1736959295.7634995,1736959295.7645001,1736959295.7645001,1736959295.8063617
agv2,1736959297.8302803,1736959297.831537,1736959297.831537,1736959297.876601
agv2,1736959299.891006,1736959299.8915424,1736959299.8915424,1736959299.9372106
agv2,1736959301.9537184,1736959301.9547582,1736959301.9547582,1736959301.9967263
agv2,1736959304.0115578,1736959304.012886,1736959304.012886,1736959304.01722
agv2,1736959304.016123,1736959304.01722,1736959304.01722,1736959304.0669098
agv2,1736959306.076794,1736959306.0777938,1736959306.0777938,1736959306.126651
agv2,1736959306.076794,1736959306.0800488,1736959306.0800488,1736959306.1272094
agv2,1736959307.0786722,1736959307.0797153,1736959307.0797153,1736959307.1266427
agv2,1736959309.1390307,1736959309.1430101,1736959309.1430101,1736959309.1874433
agv2,1736959310.1452692,1736959310.147259,1736959310.147259,1736959310.1961496
agv2,1736959311.146696,1736959311.148351,1736959311.148351,1736959311.1964338
agv2,1736959313.1480584,1736959313.1490254,1736959313.1490254,1736959313.1618023
agv2,1736959313.1608331,1736959313.1618023,1736959313.1618023,1736959313.2061872
agv2,1736959315.215041,1736959315.217037,1736959315.217037,1736959315.266319
agv2,1736959315.217037,1736959315.221877,1736959315.221877,1736959315.266319
agv2,1736959317.218557,1736959317.219358,1736959317.219358,1736959317.2657278
agv2,1736959319.2729492,1736959319.2737918,1736959319.2737918,1736959319.2785397
agv2,1736959319.2774293,1736959319.2785397,1736959319.2785397,1736959319.3261712
agv2,1736959321.3521507,1736959321.3561373,1736959321.3561373,1736959321.4055977
agv2,1736959321.3561373,1736959321.3688567,1736959321.3688567,1736959321.406619
agv2,1736959322.3589685,1736959322.359967,1736959322.359967,1736959322.406286
agv2,1736959324.4179802,1736959324.4189773,1736959324.4189773,1736959324.4649796
agv2,1736959324.4219785,1736959324.424978,1736959324.424978,1736959324.4659789
agv2,1736959326.4800105,1736959326.481003,1736959326.481003,1736959326.5251653
agv2,1736959326.481003,1736959326.4833207,1736959326.4833207,1736959326.526163
agv2,1736959327.4823906,1736959327.483459,1736959327.483459,1736959327.5354898
agv2,1736959329.594701,1736959329.5957038,1736959329.5957038,1736959329.6460671
agv2,1736959331.6549084,1736959331.6560392,1736959331.6560392,1736959331.7054946
agv2,1736959333.8237317,1736959333.8247156,1736959333.8247156,1736959333.8647697
agv2,1736959336.0769856,1736959336.0779862,1736959336.0779862,1736959336.1247919
agv2,1736959338.127152,1736959338.1281078,1736959338.1281078,1736959338.175122
agv2,1736959340.185603,1736959340.1864498,1736959340.1864498,1736959340.190961
agv2,1736959340.1899588,1736959340.190961,1736959340.190961,1736959340.2346141
agv2,1736959342.3239732,1736959342.3259664,1736959342.3259664,1736959342.3746462
agv2,1736959342.3259664,1736959342.3334987,1736959342.3334987,1736959342.3756735
agv2,1736959343.3280885,1736959343.329088,1736959343.329088,1736959343.374607
agv2,1736959345.459377,1736959345.46096,1736959345.46096,1736959345.50463
agv2,1736959347.5342503,1736959347.5381951,1736959347.5381951,1736959347.5843098
agv2,1736959349.5985131,1736959349.6027994,1736959349.6027994,1736959349.6545117
agv2,1736959351.6478107,1736959351.6498103,1736959351.6498103,1736959351.6942704
agv2,1736959351.6498103,1736959351.654075,1736959351.654075,1736959351.6953025
agv2,1736959352.651729,1736959352.6526697,1736959352.6526697,1736959352.6942148
agv2,1736959353.653458,1736959353.6553617,1736959353.6553617,1736959353.7041836
agv2,1736959354.6551557,1736959354.6556692,1736959354.656182,1736959354.7045834
agv2,1736959356.655934,1736959356.6567686,1736959356.6567686,1736959356.6709976
agv2,1736959356.6699474,1736959356.6709976,1736959356.6709976,1736959356.7139785
agv2,1736959358.7271879,1736959358.7281885,1736959358.7281885,1736959358.773789
agv2,1736959358.7281885,1736959358.731189,1736959358.731189,1736959358.7747867
agv2,1736959359.7289155,1736959359.730923,1736959359.730923,1736959359.7755463
agv2,1736959361.7856681,1736959361.786654,1736959361.786654,1736959361.834271
agv2,1736959363.8511252,1736959363.8527231,1736959363.8527231,1736959363.893994
agv2,1736959365.9147606,1736959365.9167495,1736959365.9168942,1736959365.9638634
agv2,1736959367.9699302,1736959367.970933,1736959367.970933,1736959368.0135128
agv2,1736959370.0297642,1736959370.030761,1736959370.030761,1736959370.073391
agv2,1736959372.0876997,1736959372.0886977,1736959372.0886977,1736959372.1332765
agv2,1736959372.090697,1736959372.092916,1736959372.092916,1736959372.1332765
agv2,1736959374.148245,1736959374.148768,1736959374.148768,1736959374.1930034
agv2,1736959374.148768,1736959374.1515753,1736959374.1515753,1736959374.1940162
agv2,1736959375.1499386,1736959375.1509092,1736959375.1509092,1736959375.192232
agv2,1736959377.211755,1736959377.212723,1736959377.212723,1736959377.2528462
agv2,1736959379.2613137,1736959379.2625,1736959379.2625,1736959379.3027384
agv2,1736959381.3138537,1736959381.3147202,1736959381.3147202,1736959381.3197372
agv2,1736959381.3186724,1736959381.3197372,1736959381.3197372,1736959381.3630035
agv2,1736959383.377295,1736959383.3783598,1736959383.3783598,1736959383.422466
agv2,1736959383.3783598,1736959383.3816686,1736959383.3816686,1736959383.4234753
agv2,1736959384.3799493,1736959384.3809528,1736959384.3809528,1736959384.422966
agv2,1736959386.4399652,1736959386.4407852,1736959386.4407852,1736959386.4449232
agv2,1736959386.4438534,1736959386.4449232,1736959386.4449232,1736959386.4929671
agv2,1736959388.4999104,1736959388.500878,1736959388.500878,1736959388.5424807
agv2,1736959388.500878,1736959388.5041611,1736959388.5041611,1736959388.5434792
agv2,1736959389.5022395,1736959389.5062487,1736959389.5062487,1736959389.5528238
agv2,1736959391.5904582,1736959391.5914595,1736959391.5914595,1736959391.6315742
agv2,1736959393.659585,1736959393.6605854,1736959393.6605854,1736959393.7013383
agv2,1736959395.7261035,1736959395.726947,1736959395.726947,1736959395.7709107
agv2,1736959397.780358,1736959397.7814581,1736959397.7814581,1736959397.8310199
agv2,1736959399.8396752,1736959399.8406777,1736959399.8406777,1736959399.844814
agv2,1736959399.844814,1736959399.8913257,1736959399.8913257,1736959399.8933258
agv2,1736959401.9135325,1736959401.940805,1736959401.940805,1736959401.9608545
agv2,1736959401.9140499,1736959401.9431715,1736959401.9431715,1736959401.9608545
agv2,1736959402.915189,1736959402.9161885,1736959402.9161885,1736959402.96106
agv2,1736959404.9743476,1736959404.9753144,1736959404.9753144,1736959405.0203876
agv2,1736959409.9763722,1736959409.9783707,1736959409.9783707,1736959410.0211735
agv2,1736959414.9784148,1736959414.9802551,1736959414.9802551,1736959415.0300345
agv2,1736959416.9801526,1736959416.9811506,1736959416.9811506,1736959416.9989636
agv2,1736959416.9979634,1736959417.029961,1736959417.029961,1736959417.0499625
agv2,1736959419.055956,1736959419.0569558,1736959419.0569558,1736959419.1101801
agv2,1736959419.0569558,1736959419.0591795,1736959419.0591795,1736959419.1107118
agv2,1736959420.058368,1736959420.0602798,1736959420.0602798,1736959420.1096663
agv2,1736959422.1141427,1736959422.1184087,1736959422.1184087,1736959422.1604726
agv2,1736959424.1642792,1736959424.1661565,1736959424.1661565,1736959424.2100418
agv2,1736959426.224454,1736959426.2250686,1736959426.2250686,1736959426.2697475
agv2,1736959428.2792418,1736959428.2802482,1736959428.2802482,1736959428.3291755
agv2,1736959428.2792418,1736959428.2835348,1736959428.284052,1736959428.3301764
agv2,1736959429.281713,1736959429.2830462,1736959429.2830462,1736959429.3295176
agv2,1736959434.2832634,1736959434.285214,1736959434.285214,1736959434.3286972
agv2,1736959439.2849977,1736959439.2867513,1736959439.2867513,1736959439.3309062
agv2,1736959441.2867415,1736959441.2867415,1736959441.28774,1736959441.30264
agv2,1736959441.3016422,1736959441.30264,1736959441.30264,1736959441.349239
agv2,1736959443.3576536,1736959443.3586535,1736959443.3586535,1736959443.410617
agv2,1736959443.3586535,1736959443.3614347,1736959443.3614347,1736959443.4126174
agv2,1736959445.3602781,1736959445.362274,1736959445.362274,1736959445.4086874
agv2,1736959447.4177809,1736959447.4207814,1736959447.4207814,1736959447.430646
agv2,1736959447.4275615,1736959447.4306998,1736959447.4306998,1736959447.4789977
agv2,1736959449.4818258,1736959449.4828265,1736959449.4828265,1736959449.5287642
agv2,1736959449.4828265,1736959449.4877443,1736959449.4877443,1736959449.5287642
agv2,1736959450.4843237,1736959450.4848397,1736959450.4848397,1736959450.5303645
agv2,1736959452.5415163,1736959452.5455284,1736959452.5455284,1736959452.598443
agv2,1736959452.5535858,1736959452.5579324,1736959452.5579324,1736959452.5994437
agv2,1736959454.6111622,1736959454.612142,1736959454.612142,1736959454.6583517
agv2,1736959454.612142,1736959454.6159172,1736959454.6159172,1736959454.659529
agv2,1736959455.6137083,1736959455.6156962,1736959455.6156962,1736959455.6583302
agv2,1736959457.6615243,1736959457.6682765,1736959457.6682765,1736959457.7083752
agv2,1736959459.7225883,1736959459.723335,1736959459.723335,1736959459.7273512
agv2,1736959459.7263494,1736959459.7677727,1736959459.7677727,1736959459.7878964
agv2,1736959461.7870812,1736959461.7880826,1736959461.7880826,1736959461.8374581
agv2,1736959461.7880826,1736959461.792331,1736959461.792331,1736959461.8384583
agv2,1736959462.7893822,1736959462.7903588,1736959462.7903588,1736959462.8479207
agv2,1736959464.8445935,1736959464.8455946,1736959464.8455946,1736959464.8880365
agv2,1736959466.9058821,1736959466.9069345,1736959466.9069345,1736959466.9474025
agv2,1736959468.962433,1736959468.9634333,1736959468.9634333,1736959468.9677114
agv2,1736959468.9671695,1736959468.9677114,1736959468.9677114,1736959469.0176535
agv2,1736959471.026135,1736959471.0271385,1736959471.0271385,1736959471.0774057
agv2,1736959471.0271385,1736959471.030553,1736959471.030553,1736959471.07849
agv2,1736959472.0279498,1736959472.0289211,1736959472.0289211,1736959472.0772707
agv2,1736959474.0893724,1736959474.0902414,1736959474.0902414,1736959474.1390574
agv2,1736959476.1478379,1736959476.1488373,1736959476.1488373,1736959476.1965547
agv2,1736959478.2060952,1736959478.20691,1736959478.20691,1736959478.2564735
agv2,1736959480.2677238,1736959480.2687025,1736959480.2687025,1736959480.317191
agv2,1736959482.3304615,1736959482.3319943,1736959482.3329968,1736959482.3766513
agv2,1736959484.3875697,1736959484.3885725,1736959484.3885725,1736959484.4367228
agv2,1736959486.4448128,1736959486.44591,1736959486.44591,1736959486.4863167
agv2,1736959488.5004103,1736959488.5014167,1736959488.5014167,1736959488.5564525
agv2,1736959488.506509,1736959488.508281,1736959488.508281,1736959488.5564525
agv2,1736959490.568067,1736959490.5688887,1736959490.5688887,1736959490.6162002
agv2,1736959490.5688887,1736959490.5714912,1736959490.5714912,1736959490.6162002
agv2,1736959491.5706599,1736959491.5721781,1736959491.5721781,1736959491.6268325
agv2,1736959493.6335127,1736959493.637508,1736959493.637508,1736959493.686163
agv2,1736959494.6393156,1736959494.640316,1736959494.640316,1736959494.6861324
agv2,1736959495.6401265,1736959495.6411264,1736959495.6411264,1736959495.6859677
agv2,1736959497.6413376,1736959497.642181,1736959497.642181,1736959497.656859
agv2,1736959497.6557856,1736959497.656859,1736959497.656859,1736959497.7068324
agv2,1736959499.718652,1736959499.7196493,1736959499.7196493,1736959499.7657986
agv2,1736959499.7196493,1736959499.7223823,1736959499.7223823,1736959499.766805
agv2,1736959501.7209961,1736959501.7219932,1736959501.7219932,1736959501.7754025
agv2,1736960576.0118992,1736960576.0139358,1736960576.0139358,1736960576.0912688
agv2,1736960576.0312479,1736960576.0583825,1736960576.0583825,1736960576.0921993
agv2,1736960578.0856178,1736960578.0867224,1736960578.0867224,1736960578.1316583
agv2,1736960580.1484442,1736960580.1492522,1736960580.1492522,1736960580.190652
agv2,1736960582.2052267,1736960582.2062075,1736960582.2062075,1736960582.2509577
agv2,1736960582.2082016,1736960582.2113223,1736960582.2113326,1736960582.2519228
agv2,1736960584.2685564,1736960584.2694001,1736960584.2694001,1736960584.3212755
agv2,1736960584.2704,1736960584.2727757,1736960584.2727757,1736960584.3217971
agv2,1736960585.2711596,1736960585.2728417,1736960585.2728417,1736960585.3208125
agv2,1736960587.3265672,1736960587.3275776,1736960587.3275776,1736960587.3709292
agv2,1736960589.388149,1736960589.389076,1736960589.389076,1736960589.4302814
agv2,1736960591.4572852,1736960591.4582832,1736960591.4582832,1736960591.499887
agv2,1736960593.5198374,1736960593.5208337,1736960593.5208337,1736960593.5697718
agv2,1736960595.5769243,1736960595.5788417,1736960595.5788417,1736960595.619903
agv2,1736960597.6293764,1736960597.6337717,1736960597.6337717,1736960597.6795335
agv2,1736960599.6843843,1736960599.6879606,1736960599.6879606,1736960599.729326
agv2,1736960601.7458153,1736960601.7473395,1736960601.7473395,1736960601.7895243
agv2,1736960603.8012462,1736960603.8031352,1736960603.8031352,1736960603.8489828
agv2,1736960605.8655012,1736960605.866871,1736960605.866871,1736960605.9091415
agv2,1736960607.9251742,1736960607.9281526,1736960607.9281526,1736960607.9681954
agv2,1736960609.9820542,1736960609.983041,1736960609.983041,1736960610.0285308
agv2,1736960612.0404701,1736960612.041359,1736960612.041359,1736960612.0885286
agv2,1736960614.0936875,1736960614.094687,1736960614.094687,1736960614.138163
agv2,1736960616.1549673,1736960616.1557944,1736960616.1557944,1736960616.1981664
agv2,1736960618.213482,1736960618.2158577,1736960618.2168589,1736960618.25791
agv2,1736960620.26466,1736960620.266656,1736960620.266656,1736960620.3075912
agv2,1736960622.322677,1736960622.3256705,1736960622.3256705,1736960622.3670638
agv2,1736960624.3818262,1736960624.3827896,1736960624.3827896,1736960624.4273436
agv2,1736960626.444766,1736960626.4455948,1736960626.4455948,1736960626.4877183
agv2,1736960628.5028746,1736960628.5068595,1736960628.5068595,1736960628.5467296
agv2,1736960630.5537639,1736960630.5555737,1736960630.5555737,1736960630.5964983
agv2,1736960632.6136177,1736960632.6157086,1736960632.6157086,1736960632.625511
agv2,1736960632.6238616,1736960632.625511,1736960632.625511,1736960632.6769152
agv2,1736960634.6819022,1736960634.6828983,1736960634.6828983,1736960634.7267342
agv2,1736960634.6828983,1736960634.6893883,1736960634.6893883,1736960634.7277522
agv2,1736960635.6847525,1736960635.6857455,1736960635.6857455,1736960635.7269294
agv2,1736960637.7502897,1736960637.751289,1736960637.751289,1736960637.7572887
agv2,1736960638.7543354,1736960638.754855,1736960638.754855,1736960638.797061
agv2,1736960639.75629,1736960639.7584233,1736960639.7584233,1736960639.8071892
agv2,1736960641.757914,1736960641.7588499,1736960641.7588499,1736960641.7930083
agv2,1736960641.7910116,1736960641.8177013,1736960641.8177013,1736960641.837102
agv2,1736960643.8475132,1736960643.8486187,1736960643.8486187,1736960643.8965368
agv2,1736960643.8486187,1736960643.854063,1736960643.854063,1736960643.8975134
agv2,1736960645.8509574,1736960645.8526306,1736960645.8526306,1736960645.8963382
agv2,1736960647.9012868,1736960647.9022768,1736960647.9022768,1736960647.9093006
agv2,1736960647.9082468,1736960647.9093006,1736960647.9093006,1736960647.9559116
agv2,1736960649.9602551,1736960649.9622517,1736960649.9622517,1736960650.0059133
agv2,1736960649.9622517,1736960649.9677863,1736960649.9683044,1736960650.0069294
agv2,1736960650.9635603,1736960650.964534,1736960650.964534,1736960651.0060222
agv2,1736960653.0147884,1736960653.0163207,1736960653.0163207,1736960653.0660748
agv2,1736960655.062738,1736960655.0637789,1736960655.0637789,1736960655.10623
agv2,1736960657.1167407,1736960657.1183531,1736960657.1183531,1736960657.165696
agv2,1736960659.174959,1736960659.1759562,1736960659.1759562,1736960659.224749
agv2,1736960661.2264779,1736960661.2272413,1736960661.2272413,1736960661.2753334
agv2,1736960663.2825174,1736960663.2834842,1736960663.2834842,1736960663.292026
agv2,1736960663.2909677,1736960663.292026,1736960663.292026,1736960663.3347056
agv2,1736960665.3465443,1736960665.3487935,1736960665.3487935,1736960665.3946404
agv2,1736960665.34781,1736960665.3542638,1736960665.3542638,1736960665.3956294
agv2,1736960666.3505983,1736960666.351568,1736960666.351568,1736960666.394598
agv2,1736960668.4081724,1736960668.4091015,1736960668.4091015,1736960668.4543934
agv2,1736960670.465292,1736960670.4687788,1736960670.4687788,1736960670.4746711
agv2,1736960670.472989,1736960670.5144732,1736960670.5144732,1736960670.5246217
agv2,1736960672.5304453,1736960672.5645583,1736960672.5645583,1736960672.574662
agv2,1736960672.5322452,1736960672.5672903,1736960672.5672903,1736960672.5752106
agv2,1736960673.5335412,1736960673.5345461,1736960673.5345461,1736960673.58474
agv2,1736960675.583512,1736960675.584344,1736960675.584344,1736960675.634453
agv2,1736960677.644081,1736960677.6450834,1736960677.6450834,1736960677.6943245
agv2,1736960679.6996336,1736960679.700626,1736960679.700626,1736960679.70725
agv2,1736960679.7061284,1736960679.7535157,1736960679.7535157,1736960679.758248
agv2,1736960681.7607574,1736960681.764696,1736960681.764696,1736960681.8136914
agv2,1736960681.764696,1736960681.7766883,1736960681.7766883,1736960681.8147197
agv2,1736960682.7671626,1736960682.7692297,1736960682.7692297,1736960682.8137605
agv2,1736960684.8256123,1736960684.8296833,1736960684.8296833,1736960684.8734581
agv2,1736960686.884801,1736960686.8855855,1736960686.8855855,1736960686.9346762
agv2,1736960688.9411175,1736960688.942113,1736960688.942113,1736960688.9831505
agv2,1736960690.9995017,1736960691.0021763,1736960691.0021763,1736960691.053485
agv2,1736960691.0086477,1736960691.0099268,1736960691.0099268,1736960691.053485
agv2,1736960693.0674772,1736960693.0684454,1736960693.0689542,1736960693.1126797
agv2,1736960693.0689683,1736960693.071339,1736960693.071339,1736960693.1136744
agv2,1736960694.070429,1736960694.071431,1736960694.071431,1736960694.1135097
agv2,1736960696.128248,1736960696.1302469,1736960696.1302469,1736960696.1729307
agv2,1736960701.1314373,1736960701.1334379,1736960701.1334379,1736960701.1828218
agv2,1736960706.1331959,1736960706.1351957,1736960706.1351957,1736960706.1829872
agv2,1736960708.1350205,1736960708.1358528,1736960708.1358528,1736960708.15329
agv2,1736960708.1508677,1736960708.192553,1736960708.192553,1736960708.2022884
agv2,1736960710.2074468,1736960710.2084198,1736960710.2084198,1736960710.2522373
agv2,1736960710.2084198,1736960710.2122934,1736960710.2122934,1736960710.2522373
agv2,1736960712.2098136,1736960712.2118073,1736960712.2118073,1736960712.2523713
agv2,1736960714.2716527,1736960714.2726383,1736960714.2726383,1736960714.2780423
agv2,1736960714.2769449,1736960714.2780423,1736960714.2780423,1736960714.321558
agv2,1736960716.3308659,1736960716.3316627,1736960716.3316627,1736960716.3815916
agv2,1736960716.3316627,1736960716.335042,1736960716.335042,1736960716.382361
agv2,1736960717.3324764,1736960717.3334777,1736960717.3334777,1736960717.381476
agv2,1736960719.395362,1736960719.396434,1736960719.396434,1736960719.441637
agv2,1736960721.4558744,1736960721.4568694,1736960721.4568694,1736960721.501312
agv2,1736960723.5130787,1736960723.516725,1736960723.516725,1736960723.5610914
agv2,1736960725.5721905,1736960725.5731936,1736960725.5731936,1736960725.578382
agv2,1736960725.5771992,1736960725.6206784,1736960725.6206784,1736960725.6268897
agv2,1736960727.6334527,1736960727.6342869,1736960727.6342869,1736960727.6802855
agv2,1736960727.6342869,1736960727.6382384,1736960727.6382384,1736960727.681247
agv2,1736960728.636821,1736960728.6409245,1736960728.6409245,1736960728.680795
agv2,1736960730.696521,1736960730.6975157,1736960730.6975157,1736960730.7399523
agv2,1736960732.7585225,1736960732.7625742,1736960732.7625742,1736960732.8101027
agv2,1736960734.8179724,1736960734.8195794,1736960734.8195794,1736960734.8705273
agv2,1736960734.8230095,1736960734.8245924,1736960734.8245924,1736960734.8705273
agv2,1736960736.8758643,1736960736.8777514,1736960736.8777514,1736960736.9202454
agv2,1736960736.8777514,1736960736.8845084,1736960736.8845084,1736960736.9211154
agv2,1736960737.8790486,1736960737.8808746,1736960737.8808746,1736960737.9316485
agv2,1736960739.9303854,1736960739.9313529,1736960739.9313529,1736960739.9797504
agv2,1736960741.9946635,1736960741.9992583,1736960741.9992583,1736960742.009803
agv2,1736960742.0081587,1736960742.0600061,1736960742.0600061,1736960742.063801
agv2,1736960744.064762,1736960744.0656269,1736960744.0656269,1736960744.109521
agv2,1736960744.0656269,1736960744.070542,1736960744.070542,1736960744.110517
agv2,1736960745.0673144,1736960745.0683143,1736960745.0683143,1736960745.1093397
agv2,1736960747.123744,1736960747.125633,1736960747.125633,1736960747.1697674
agv2,1736960749.1808822,1736960749.1818688,1736960749.1818688,1736960749.2298748
agv2,1736960751.242623,1736960751.2435858,1736960751.2435858,1736960751.28949
agv2,1736960753.2948852,1736960753.2958841,1736960753.2958841,1736960753.3387897
agv2,1736960755.3581192,1736960755.3590946,1736960755.3590946,1736960755.4101958
agv2,1736960757.4126582,1736960757.4136581,1736960757.4136581,1736960757.4581046
agv2,1736960757.4168673,1736960757.4189863,1736960757.4189863,1736960757.4590726
agv2,1736960759.4753618,1736960759.4763649,1736960759.4763649,1736960759.5192811
agv2,1736960759.4763649,1736960759.4798691,1736960759.4798691,1736960759.5192811
agv2,1736960760.4779594,1736960760.4789593,1736960760.4789593,1736960760.5287547
agv2,1736960762.5380511,1736960762.5390487,1736960762.5390487,1736960762.5894268
agv2,1736960763.5535567,1736960763.5555625,1736960763.5555625,1736960763.599463
agv2,1736960764.5696328,1736960764.5706286,1736960764.5706286,1736960764.6189685
agv2,1736960766.5710845,1736960766.571651,1736960766.571651,1736960766.5949192
agv2,1736960766.5927567,1736960766.5949192,1736960766.5949192,1736960766.6382391
agv2,1736960768.647577,1736960768.6485796,1736960768.6485796,1736960768.6999304
agv2,1736960768.6485796,1736960768.6520772,1736960768.6520772,1736960768.7019212
agv2,1736960770.6496894,1736960770.6505208,1736960770.6505208,1736960770.6992738
agv2,1736960772.7094984,1736960772.7112007,1736960772.7112007,1736960772.7215488
agv2,1736960772.7199566,1736960772.758006,1736960772.758006,1736960772.7680454
agv2,1736960774.775835,1736960774.8083146,1736960774.8083146,1736960774.8280625
agv2,1736960774.780278,1736960774.812999,1736960774.812999,1736960774.828619
agv2,1736960775.7823248,1736960775.7841525,1736960775.7841525,1736960775.8280492
agv2,1736960777.8317735,1736960777.8327754,1736960777.8327754,1736960777.8778765
agv2,1736960779.8896673,1736960779.8904831,1736960779.8904831,1736960779.937152
agv2,1736960781.9456766,1736960781.9475708,1736960781.9475708,1736960781.9973578
agv2,1736960784.006075,1736960784.007937,1736960784.007937,1736960784.057129
agv2,1736960786.077052,1736960786.0802846,1736960786.0802846,1736960786.1280046
agv2,1736960788.138634,1736960788.139634,1736960788.139634,1736960788.1456351
agv2,1736960788.1446347,1736960788.1872072,1736960788.1872072,1736960788.197152
agv1,1736960788.701787,1736960788.7036085,1736960788.7036085,1736960788.7101295
agv1,1736960788.7242887,1736960788.759438,1736960788.759438,1736960788.8180823
agv2,1736960790.2089918,1736960790.2128727,1736960790.2128727,1736960790.2565536
agv2,1736960790.2128727,1736960790.2243369,1736960790.2244096,1736960790.257449
agv1,1736960790.7864344,1736960790.790367,1736960790.790367,1736960790.8364458
agv1,1736960790.790367,1736960790.8049746,1736960790.8049746,1736960790.8374338
agv2,1736960791.2153647,1736960791.2193608,1736960791.2193608,1736960791.2676795
agv1,1736960792.7934296,1736960792.7942748,1736960792.7942748,1736960792.8368433
agv2,1736960793.2750793,1736960793.2780898,1736960793.2780898,1736960793.3270385
agv1,1736960794.8535504,1736960794.8565412,1736960794.8565412,1736960794.8695776
agv1,1736960794.8669896,1736960794.9068944,1736960794.9068944,1736960794.9171324
agv2,1736960795.3318644,1736960795.333867,1736960795.333867,1736960795.3873122
agv2,1736960795.338329,1736960795.3399653,1736960795.339985,1736960795.3873122
agv1,1736960796.922132,1736960796.926478,1736960796.926478,1736960796.9769502
agv1,1736960796.926478,1736960796.9361563,1736960796.9362056,1736960796.9779499
agv2,1736960797.3950884,1736960797.39608,1736960797.39608,1736960797.4471855
agv2,1736960797.39608,1736960797.3989503,1736960797.3989503,1736960797.4471855
agv1,1736960797.9290075,1736960797.9299276,1736960797.9299276,1736960797.976647
agv2,1736960798.3969269,1736960798.4009938,1736960798.4009938,1736960798.447014
agv1,1736960799.9874146,1736960799.988986,1736960799.988986,1736960800.0363123
agv2,1736960800.4496973,1736960800.4506962,1736960800.4506962,1736960800.496232
agv1,1736960802.0396109,1736960802.0406108,1736960802.0406108,1736960802.0865014
agv2,1736960802.503861,1736960802.5084374,1736960802.5084374,1736960802.5563717
agv1,1736960804.1015851,1736960804.1035304,1736960804.1035304,1736960804.145826
agv2,1736960804.563061,1736960804.5670576,1736960804.5670576,1736960804.5888908
agv2,1736960804.58394,1736960804.6269057,1736960804.6269057,1736960804.6365747
agv1,1736960806.1543958,1736960806.1552026,1736960806.1552026,1736960806.196484
agv2,1736960806.639449,1736960806.6401658,1736960806.641161,1736960806.6867363
agv2,1736960806.6401658,1736960806.645395,1736960806.645395,1736960806.6867363
agv2,1736960807.6418314,1736960807.642829,1736960807.642829,1736960807.6859517
agv1,1736960808.2228074,1736960808.223784,1736960808.223784,1736960808.2757692
agv1,1736960808.229401,1736960808.2311988,1736960808.2311988,1736960808.2767584
agv2,1736960809.7025964,1736960809.7065723,1736960809.7065723,1736960809.746614
agv1,1736960810.2919815,1736960810.2958949,1736960810.2958949,1736960810.345068
agv1,1736960810.2958949,1736960810.3036354,1736960810.3036354,1736960810.3460684
agv1,1736960811.298267,1736960811.2990818,1736960811.3000638,1736960811.3455415
agv2,1736960811.761652,1736960811.7622452,1736960811.7622452,1736960811.8054712
agv1,1736960813.352206,1736960813.3532143,1736960813.3532143,1736960813.4055283
agv1,1736960813.3572211,1736960813.3617167,1736960813.3617167,1736960813.4063196
agv2,1736960813.81163,1736960813.813959,1736960813.813959,1736960813.855295
agv1,1736960815.4143472,1736960815.4162343,1736960815.4162343,1736960815.4649343
agv1,1736960815.4162343,1736960815.4220002,1736960815.4220002,1736960815.4659343
agv2,1736960815.8653932,1736960815.8665214,1736960815.8665214,1736960815.915102
agv1,1736960816.4174762,1736960816.4184089,1736960816.4184089,1736960816.465903
agv2,1736960817.923034,1736960817.9238813,1736960817.9238813,1736960817.9290025
agv1,1736960818.483158,1736960818.484833,1736960818.4853697,1736960818.525599
agv2,1736960819.9866483,1736960819.987729,1736960819.987729,1736960820.036667
agv1,1736960820.5432868,1736960820.545423,1736960820.545423,1736960820.5851955
agv2,1736960822.0478897,1736960822.0487025,1736960822.0487025,1736960822.095379
agv1,1736960822.6359265,1736960822.6378956,1736960822.6378956,1736960822.685339
agv2,1736960824.1342533,1736960824.135083,1736960824.135083,1736960824.1395612
agv2,1736960824.1390307,1736960824.1395612,1736960824.1395612,1736960824.1852782
agv1,1736960824.688391,1736960824.691127,1736960824.691127,1736960824.7350872
agv2,1736960826.1937368,1736960826.194738,1736960826.194738,1736960826.2448995
agv2,1736960826.194738,1736960826.1980228,1736960826.1980228,1736960826.2458994
agv1,1736960826.7469075,1736960826.7505257,1736960826.7505257,1736960826.7955468
agv2,1736960827.1968915,1736960827.1977863,1736960827.1977863,1736960827.2451956
agv1,1736960828.8047853,1736960828.8055983,1736960828.8055983,1736960828.8549302
agv2,1736960829.2553937,1736960829.2563386,1736960829.2563386,1736960829.3047512
agv2,1736960830.258367,1736960830.2593675,1736960830.2593675,1736960830.3051808
agv1,1736960830.86571,1736960830.8665287,1736960830.8665287,1736960830.9144845
agv2,1736960831.2594395,1736960831.2604392,1736960831.2604392,1736960831.3049796
agv1,1736960832.9292362,1736960832.9302626,1736960832.9302626,1736960832.9755468
agv2,1736960833.2612429,1736960833.2620366,1736960833.2620366,1736960833.2813373
agv2,1736960833.2793355,1736960833.3142529,1736960833.3142529,1736960833.3242528
agv1,1736960834.985246,1736960834.9862487,1736960834.9862487,1736960835.0346303
agv2,1736960835.3343403,1736960835.3369036,1736960835.3369036,1736960835.383886
agv2,1736960835.3378928,1736960835.342893,1736960835.342893,1736960835.3848867
agv1,1736960837.0448806,1736960837.0466712,1736960837.0466712,1736960837.094303
agv2,1736960837.3396618,1736960837.3406582,1736960837.3406582,1736960837.3838463
agv1,1736960839.0987532,1736960839.0997198,1736960839.0997198,1736960839.1442297
agv2,1736960839.3965313,1736960839.3975296,1736960839.3975296,1736960839.4438279
agv2,1736960839.4015326,1736960839.4045374,1736960839.4045374,1736960839.4448287
agv1,1736960841.154697,1736960841.1563296,1736960841.1563296,1736960841.2044604
agv2,1736960841.4579375,1736960841.4588897,1736960841.4588897,1736960841.5038064
agv2,1736960841.4588897,1736960841.4620013,1736960841.4620013,1736960841.504807
agv2,1736960842.4598172,1736960842.4608116,1736960842.4608116,1736960842.5043526
agv1,1736960843.2141037,1736960843.2150917,1736960843.2150917,1736960843.2638924
agv2,1736960844.5182881,1736960844.5190046,1736960844.5190046,1736960844.563418
agv2,1736960844.5225978,1736960844.5236754,1736960844.5236754,1736960844.5644178
agv1,1736960845.2744873,1736960845.2754889,1736960845.2754889,1736960845.2834125
agv1,1736960845.2817175,1736960845.3239164,1736960845.3239164,1736960845.3340037
agv2,1736960846.6118302,1736960846.6128228,1736960846.6128228,1736960846.6638033
agv2,1736960846.6128228,1736960846.6166723,1736960846.6166723,1736960846.664804
agv1,1736960847.3765235,1736960847.380481,1736960847.380481,1736960847.433421
agv1,1736960847.380481,1736960847.3929005,1736960847.3929005,1736960847.434423
agv2,1736960847.6141577,1736960847.615159,1736960847.615159,1736960847.6633458
agv1,1736960848.3830733,1736960848.38404,1736960848.38404,1736960848.4335122
agv2,1736960849.6906385,1736960849.6916385,1736960849.6916385,1736960849.7331488
agv1,1736960850.4501593,1736960850.4511611,1736960850.4511611,1736960850.4934497
agv2,1736960851.756868,1736960851.7578604,1736960851.7578604,1736960851.8039193
agv1,1736960852.5183668,1736960852.5193653,1736960852.5193653,1736960852.5635352
agv2,1736960853.822561,1736960853.8235276,1736960853.8235276,1736960853.8736458
agv1,1736960854.5967984,1736960854.5987966,1736960854.5987966,1736960854.6526573
agv2,1736960855.9541767,1736960855.955176,1736960855.955176,1736960856.002688
agv1,1736960856.71957,1736960856.720571,1736960856.720571,1736960856.763618
agv2,1736960858.020069,1736960858.0210688,1736960858.0210688,1736960858.0630996
agv1,1736960858.82032,1736960858.8213236,1736960858.8213236,1736960858.8629673
agv2,1736960860.1404192,1736960860.1414227,1736960860.1414227,1736960860.1624355
agv2,1736960860.161437,1736960860.1624355,1736960860.1624355,1736960860.2130535
agv1,1736960860.90894,1736960860.9099395,1736960860.9099395,1736960860.953267
agv1,1736960862.981788,1736960862.9827886,1736960862.9827886,1736960863.0326557
agv1,1736960862.9827886,1736960862.9877882,1736960862.9877882,1736960863.033663
agv1,1736960863.9843187,1736960863.9853184,1736960863.9853184,1736960863.9896517
agv2,1736960868.1785018,1736960868.1795032,1736960868.1795032,1736960868.1835
agv1,1736960868.9860058,1736960868.9870088,1736960868.9870088,1736960869.0329163
agv2,1736960872.1992059,1736960872.201206,1736960872.201206,1736960872.2523928
agv2,1736960872.201206,1736960872.2045743,1736960872.2045743,1736960872.2523928
agv1,1736960873.9875531,1736960873.9885533,1736960873.9885533,1736960874.031635
agv2,1736960874.2069464,1736960874.2079225,1736960874.2079225,1736960874.2619593
agv1,1736960875.988766,1736960875.9896116,1736960875.9896116,1736960876.009564
agv1,1736960876.007563,1736960876.009564,1736960876.009564,1736960876.0517092
agv1,1736960876.0085647,1736960876.0137844,1736960876.0137844,1736960876.0527096
agv2,1736960876.2803986,1736960876.2813997,1736960876.2813997,1736960876.3220623
agv2,1736960878.3601794,1736960878.3611515,1736960878.3611515,1736960878.365912
agv2,1736960878.365925,1736960878.3671598,1736960878.3671598,1736960878.3721566
agv2,1736960880.4244452,1736960880.4254103,1736960880.4254103,1736960880.471642
agv2,1736960880.4254103,1736960880.4288337,1736960880.4288337,1736960880.4726202
agv2,1736960881.4267614,1736960881.4277604,1736960881.4277604,1736960881.4711633
agv2,1736960883.493552,1736960883.4945533,1736960883.4945533,1736960883.5419793
agv2,1736960885.5735877,1736960885.5745628,1736960885.5745628,1736960885.6320076
agv2,1736960887.6345031,1736960887.635505,1736960887.635505,1736960887.6437433
agv2,1736960887.642625,1736960887.6911268,1736960887.6911268,1736960887.697195
agv2,1736960887.7046947,1736960887.7528145,1736960887.7528145,1736960887.8018956
agv2,1736960889.7102962,1736960889.711141,1736960889.711141,1736960889.7608156
agv1,1736960890.016039,1736960890.0711138,1736960890.0711138,1736960890.111634
agv1,1736960890.037035,1736960890.0761104,1736960890.0761104,1736960890.1126328
agv2,1736960891.7797644,1736960891.780832,1736960891.780832,1736960891.8314693
agv2,1736960891.780832,1736960891.784294,1736960891.784294,1736960891.8319867
agv2,1736960892.7820594,1736960892.7831113,1736960892.7831113,1736960892.8306537
agv2,1736960894.8535988,1736960894.8545961,1736960894.8545961,1736960894.9013867
agv2,1736960894.858523,1736960894.8593934,1736960894.859916,1736960894.9013867
agv2,1736960896.924185,1736960896.925193,1736960896.925193,1736960896.9706013
agv2,1736960896.925193,1736960896.9281864,1736960896.9281864,1736960896.9716015
agv2,1736960897.926248,1736960897.9272528,1736960897.9272528,1736960897.970734
agv2,1736960899.9820874,1736960899.9830854,1736960899.9830854,1736960900.0306628
agv2,1736960902.0467381,1736960902.0477452,1736960902.0477452,1736960902.090635
agv2,1736960902.0487375,1736960902.0527546,1736960902.0527546,1736960902.0916321
agv2,1736960903.0505168,1736960903.0515165,1736960903.0515165,1736960903.1005158
agv1,1736960904.0544627,1736960904.056029,1736960904.056029,1736960904.100775
agv2,1736960908.0518103,1736960908.0530252,1736960908.0530252,1736960908.100433
agv1,1736960910.0796275,1736960910.0816238,1736960910.0816238,1736960910.086638
agv1,1736960912.1445532,1736960912.1455536,1736960912.1455536,1736960912.1904056
agv1,1736960912.1455536,1736960912.148865,1736960912.1488938,1736960912.1914074
agv2,1736960913.0546675,1736960913.055635,1736960913.055635,1736960913.099788
agv1,1736960914.146829,1736960914.147826,1736960914.147826,1736960914.1898422
agv2,1736960915.0588827,1736960915.0598812,1736960915.0598812,1736960915.1041842
agv2,1736960915.1021857,1736960915.119694,1736960915.119694,1736960915.149704
agv1,1736960916.203897,1736960916.20489,1736960916.20489,1736960916.2112653
agv1,1736960916.2102697,1736960916.259856,1736960916.259856,1736960916.2651615
agv2,1736960917.1605666,1736960917.1615663,1736960917.1615663,1736960917.2105675
agv2,1736960917.1615663,1736960917.1655674,1736960917.1655674,1736960917.2105675
agv2,1736960918.1626642,1736960918.1636631,1736960918.1636631,1736960918.2203996
agv1,1736960918.2884216,1736960918.2894244,1736960918.2894244,1736960918.339916
agv1,1736960918.2894244,1736960918.2924206,1736960918.2924206,1736960918.340915
agv1,1736960919.2904618,1736960919.2914622,1736960919.2914622,1736960919.3398688
agv2,1736960920.2258744,1736960920.2268717,1736960920.2268717,1736960920.2697825
agv1,1736960921.3675504,1736960921.3685477,1736960921.3685477,1736960921.4090939
agv2,1736960922.3024194,1736960922.3039682,1736960922.3039682,1736960922.3495953
agv1,1736960923.4315379,1736960923.432538,1736960923.432538,1736960923.479091
agv2,1736960924.3560066,1736960924.3570058,1736960924.3570058,1736960924.399238
agv1,1736960925.491364,1736960925.492351,1736960925.492351,1736960925.5394363
agv2,1736960926.4222467,1736960926.423247,1736960926.423247,1736960926.468845
agv1,1736960927.556978,1736960927.557937,1736960927.557937,1736960927.562503
agv1,1736960927.5614364,1736960927.562503,1736960927.562503,1736960927.6092927
agv2,1736960928.4854126,1736960928.4864128,1736960928.4864128,1736960928.4942205
agv2,1736960928.4932165,1736960928.5388536,1736960928.5388536,1736960928.5438614
agv1,1736960929.628933,1736960929.629935,1736960929.629935,1736960929.6787882
agv1,1736960929.629935,1736960929.6331556,1736960929.6331556,1736960929.6797843
agv2,1736960930.567146,1736960930.5684447,1736960930.5684557,1736960930.6186764
agv2,1736960930.5684557,1736960930.570741,1736960930.570741,1736960930.6196706
agv1,1736960930.6315897,1736960930.6324003,1736960930.6324003,1736960930.6788268
agv2,1736960931.5691671,1736960931.5706882,1736960931.5706882,1736960931.6192408
agv1,1736960932.709497,1736960932.7104971,1736960932.7104971,1736960932.7358167
agv1,1736960932.734815,1736960932.7358167,1736960932.736817,1736960932.778898
agv2,1736960933.627899,1736960933.6288996,1736960933.6288996,1736960933.6783657
agv1,1736960934.795964,1736960934.7969449,1736960934.7969449,1736960934.8383713
agv1,1736960934.795964,1736960934.7991517,1736960934.7991517,1736960934.8393738
agv2,1736960935.7023091,1736960935.7033117,1736960935.7033117,1736960935.7483091
agv1,1736960935.7978194,1736960935.7988193,1736960935.7988193,1736960935.8488479
agv2,1736960937.9443758,1736960937.9453764,1736960937.9453764,1736960937.9503767
agv2,1736960937.9513774,1736960937.9983773,1736960937.9983773,1736960938.0488882
agv1,1736960938.0488882,1736960938.049887,1736960938.049887,1736960938.0978873
agv2,1736960940.0416343,1736960940.0426316,1736960940.0426316,1736960940.0886312
agv2,1736960940.0426316,1736960940.046632,1736960940.046632,1736960940.0886312
agv1,1736960940.130678,1736960940.131713,1736960940.131713,1736960940.177902
agv2,1736960941.0439422,1736960941.0449486,1736960941.0449486,1736960941.0879412
agv1,1736960942.3220615,1736960942.3231094,1736960942.3231094,1736960942.3331084
agv1,1736960942.3311067,1736960942.3341053,1736960942.3341053,1736960942.3783867
agv2,1736960943.2684524,1736960943.269447,1736960943.269447,1736960943.3279698
agv2,1736960943.2764456,1736960943.2784452,1736960943.2784452,1736960943.328972
agv1,1736960944.5616477,1736960944.5626454,1736960944.5626454,1736960944.608646
agv1,1736960944.5626454,1736960944.567647,1736960944.567647,1736960944.6096554
agv2,1736960945.4734116,1736960945.4744132,1736960945.4744132,1736960945.5184133
agv2,1736960945.4744132,1736960945.479415,1736960945.479415,1736960945.5184133
agv1,1736960945.5801952,1736960945.5821798,1736960945.5821798,1736960945.6277776
agv2,1736960946.4764488,1736960946.4774468,1736960946.4784474,1736960946.5274806
agv1,1736960947.745157,1736960947.7466724,1736960947.7466724,1736960947.797765
agv1,1736960947.7536714,1736960947.7546782,1736960947.7546782,1736960947.7987654
agv2,1736960948.6156375,1736960948.6176157,1736960948.6176157,1736960948.6676102
agv1,1736960949.8949869,1736960949.895987,1736960949.895987,1736960949.9578228
agv1,1736960949.895987,1736960949.9000013,1736960949.9000013,1736960949.9588203
agv2,1736960950.762584,1736960950.7656417,1736960950.7656417,1736960950.8078957
agv1,1736960950.8975163,1736960950.898517,1736960950.898517,1736960950.9475183
agv2,1736960953.0476742,1736960953.0508952,1736960953.0511231,1736960953.098641
agv1,1736960953.2046418,1736960953.2066486,1736960953.2066486,1736960953.2576475
agv1,1736960953.2136407,1736960953.2206397,1736960953.2206397,1736960953.258639
agv2,1736960955.2208426,1736960955.2228432,1736960955.2228432,1736960955.2673616
agv1,1736960955.3883617,1736960955.3893614,1736960955.3893614,1736960955.4369915
agv1,1736960955.3893614,1736960955.394904,1736960955.394904,1736960955.4379907
agv1,1736960956.3922145,1736960956.39521,1736960956.39521,1736960956.437252
agv2,1736960957.4670277,1736960957.4680307,1736960957.4680307,1736960957.5176291
agv1,1736960958.5549085,1736960958.5559068,1736960958.5559068,1736960958.6075728
agv2,1736960959.5363858,1736960959.5373862,1736960959.5373862,1736960959.5973296
agv1,1736960960.6343935,1736960960.635362,1736960960.635362,1736960960.6426964
agv1,1736960960.6416378,1736960960.6426964,1736960960.6426964,1736960960.6868272
agv2,1736960961.599877,1736960961.6009774,1736960961.6009774,1736960961.6466608
agv1,1736960962.693023,1736960962.6938217,1736960962.6938217,1736960962.7462735
agv1,1736960962.6938217,1736960962.696785,1736960962.696785,1736960962.7472715
agv2,1736960963.6603835,1736960963.6612577,1736960963.6612577,1736960963.7065408
agv1,1736960963.6952467,1736960963.6963348,1736960963.6963348,1736960963.7365174
agv2,1736960965.7166026,1736960965.7176049,1736960965.7176049,1736960965.722605
agv1,1736960965.7526033,1736960965.753604,1736960965.753604,1736960965.7596166
agv2,1736960965.7216046,1736960965.722605,1736960965.722605,1736960965.776604
agv1,1736960965.7586052,1736960965.7596166,1736960965.7596166,1736960965.8171277
agv2,1736960967.7767696,1736960967.7777617,1736960967.7777617,1736960967.8264356
agv2,1736960967.7777617,1736960967.7811148,1736960967.7811148,1736960967.827476
agv1,1736960967.8105936,1736960967.8264356,1736960967.8264356,1736960967.8568947
agv1,1736960967.8115861,1736960967.829622,1736960967.829622,1736960967.8578932
agv2,1736960968.7786078,1736960968.779608,1736960968.779608,1736960968.826608
agv1,1736960968.8126075,1736960968.813608,1736960968.813608,1736960968.8566418
agv2,1736960970.834994,1736960970.8359866,1736960970.8359866,1736960970.8762176
agv1,1736960970.8762176,1736960970.8771951,1736960970.8771951,1736960970.880938
agv1,1736960972.9336236,1736960972.934612,1736960972.934612,1736960972.9766948
agv1,1736960975.016599,1736960975.017665,1736960975.017665,1736960975.0656822
agv2,1736960975.8370717,1736960975.8381078,1736960975.8381078,1736960975.8861823
agv1,1736960977.067777,1736960977.0683005,1736960977.0683005,1736960977.1162899
agv1,1736960979.1322134,1736960979.13301,1736960979.13301,1736960979.1761847
agv2,1736960980.8385673,1736960980.8391,1736960980.8391,1736960980.8857446
agv1,1736960981.2083468,1736960981.209347,1736960981.209347,1736960981.2554197
agv2,1736960982.839885,1736960982.8408864,1736960982.8408864,1736960982.8758857
agv2,1736960982.8738868,1736960982.885888,1736960982.885888,1736960982.9254866
agv1,1736960983.3048737,1736960983.3058736,1736960983.3058736,1736960983.3128746
agv1,1736960983.311876,1736960983.3554864,1736960983.3554864,1736960983.35908
agv2,1736960985.490282,1736960985.4912841,1736960985.4912841,1736960985.535371
agv2,1736960985.4912841,1736960985.4941645,1736960985.4941645,1736960985.5363686
agv1,1736960986.1441188,1736960986.1461174,1736960986.1461174,1736960986.1959383
agv1,1736960986.152118,1736960986.167695,1736960986.167695,1736960986.1959383
agv1,1736960987.2145457,1736960987.2165458,1736960987.2165458,1736960987.2666605
agv2,1736960987.5066292,1736960987.508209,1736960987.508209,1736960987.5559034
agv1,1736960989.7072191,1736960989.7092154,1736960989.7092154,1736960989.7550783
agv2,1736960989.8692734,1736960989.870798,1736960989.870798,1736960989.9154522
agv2,1736960989.9375122,1736960989.9652264,1736960989.9652264,1736960990.0157456
agv2,1736960992.0975623,1736960992.0985627,1736960992.0985627,1736960992.1455977
agv2,1736960992.0985627,1736960992.102566,1736960992.102566,1736960992.1455977
agv2,1736960993.1009476,1736960993.1018908,1736960993.1018908,1736960993.1449523
agv1,1736960994.744321,1736960994.7453215,1736960994.7453215,1736960994.79542
agv2,1736960995.1956797,1736960995.1986783,1736960995.1986783,1736960995.245068
agv2,1736960997.5198817,1736960997.5218775,1736960997.5218775,1736960997.5651238
agv2,1736960999.7427268,1736960999.7437255,1736960999.7437255,1736960999.7492423
agv1,1736960999.747253,1736960999.7492423,1736960999.7492423,1736960999.795181
agv1,1736961001.7484183,1736961001.7494175,1736961001.7494175,1736961001.7782018
agv1,1736961001.7772036,1736961001.804277,1736961001.804277,1736961001.8248587
agv2,1736961002.091639,1736961002.0926437,1736961002.09364,1736961002.1350267
agv1,1736961003.9793832,1736961003.9803793,1736961003.9803793,1736961004.0248992
agv1,1736961003.9803793,1736961003.9978988,1736961003.9978988,1736961004.0258982
agv2,1736961004.3533027,1736961004.3553002,1736961004.3553002,1736961004.4040902
agv1,1736961005.983616,1736961005.9846075,1736961005.9846075,1736961006.0346048
agv2,1736961006.5383732,1736961006.5393715,1736961006.5403733,1736961006.5845635
agv1,1736961008.1173792,1736961008.1183794,1736961008.1183794,1736961008.1470942
agv1,1736961008.1460986,1736961008.1470942,1736961008.1470942,1736961008.2044685
agv2,1736961008.663449,1736961008.664973,1736961008.664973,1736961008.7141466
agv2,1736961010.7419696,1736961010.7430284,1736961010.7430284,1736961010.7839334
agv2,1736961012.8048663,1736961012.805867,1736961012.805867,1736961012.811858
agv2,1736961012.8102229,1736961012.8113408,1736961012.8113408,1736961012.8542578
agv2,1736961014.8915484,1736961014.8922646,1736961014.8922646,1736961014.9432752
agv2,1736961014.8922646,1736961014.8954723,1736961014.8954723,1736961014.9442751
agv2,1736961015.8934767,1736961015.8944845,1736961015.8944845,1736961015.944025
agv1,1736961016.1659763,1736961016.1669772,1736961016.1669772,1736961016.213778
agv2,1736961017.9513752,1736961017.9523706,1736961017.9523706,1736961017.9577472
agv2,1736961017.9566941,1736961018.0138874,1736961018.0138874,1736961018.018124
agv2,1736961020.0356717,1736961020.0366707,1736961020.0366707,1736961020.0832176
agv2,1736961020.0366707,1736961020.0399094,1736961020.0399094,1736961020.0841818
agv2,1736961021.0382924,1736961021.03928,1736961021.03928,1736961021.0838215
agv2,1736961023.1059237,1736961023.1065192,1736961023.1065192,1736961023.11147
agv2,1736961023.1103864,1736961023.11147,1736961023.11147,1736961023.1630037
agv2,1736961025.175616,1736961025.176609,1736961025.176609,1736961025.2229042
agv2,1736961025.176609,1736961025.1797032,1736961025.1797032,1736961025.2238753
agv2,1736961026.177876,1736961026.178868,1736961026.178868,1736961026.223372
agv2,1736961028.2356281,1736961028.2365952,1736961028.2365952,1736961028.2415955
agv2,1736961028.2405987,1736961028.2415955,1736961028.2415955,1736961028.2925937
agv1,1736961030.1713233,1736961030.1723213,1736961030.1723213,1736961030.2127662
agv2,1736961030.3012054,1736961030.3022046,1736961030.3022046,1736961030.3522036
agv2,1736961030.3022046,1736961030.3052034,1736961030.3052034,1736961030.3532033
agv2,1736961031.3040864,1736961031.3050528,1736961031.3050528,1736961031.3530474
agv1,1736961032.2606246,1736961032.2616234,1736961032.2616234,1736961032.312696
agv1,1736961032.2616234,1736961032.2656257,1736961032.2656257,1736961032.3136947
agv1,1736961033.2629645,1736961033.2635648,1736961033.2635648,1736961033.3131456
agv2,1736961033.3737485,1736961033.3747373,1736961033.3747373,1736961033.4224932
agv1,1736961035.3288133,1736961035.3298144,1736961035.3298144,1736961035.3726234
agv2,1736961035.4420815,1736961035.4430583,1736961035.4430583,1736961035.4487998
agv2,1736961035.4477103,1736961035.4487998,1736961035.4487998,1736961035.4923604
agv1,1736961037.4635162,1736961037.4645085,1736961037.4645085,1736961037.5126376
agv2,1736961037.5681963,1736961037.5697174,1736961037.5697174,1736961037.5818944
agv2,1736961037.5808961,1736961037.5818944,1736961037.5818944,1736961037.6325827
agv2,1736961038.582405,1736961038.5833998,1736961038.5833998,1736961038.632483
agv1,1736961039.53988,1736961039.540845,1736961039.540845,1736961039.581856
agv2,1736961040.6466322,1736961040.6476355,1736961040.6476355,1736961040.6921883
agv1,1736961041.6170995,1736961041.6181037,1736961041.6181037,1736961041.6621733
agv2,1736961042.7516022,1736961042.7526047,1736961042.7526047,1736961042.802131
agv1,1736961043.710883,1736961043.7118847,1736961043.7118847,1736961043.7624264
agv2,1736961044.8285923,1736961044.8295956,1736961044.8295956,1736961044.8725889
agv2,1736961044.8295956,1736961044.832588,1736961044.832588,1736961044.8725889
agv1,1736961045.784589,1736961045.7855897,1736961045.7855897,1736961045.8316622
agv2,1736961045.830679,1736961045.8316622,1736961045.8316622,1736961045.8816626
agv2,1736961046.8317506,1736961046.8323612,1736961046.8323612,1736961046.882169
agv1,1736961047.8392415,1736961047.84032,1736961047.8404024,1736961047.8445742
agv2,1736961047.8324282,1736961047.834028,1736961047.834028,1736961047.8923159
agv1,1736961047.8435135,1736961047.8923159,1736961047.8923159,1736961047.8975034
agv2,1736961049.8339944,1736961049.8349931,1736961049.8349931,1736961049.8555892
agv2,1736961049.8545864,1736961049.8555892,1736961049.8555892,1736961049.9014835
agv1,1736961049.973641,1736961049.9746401,1736961049.9746401,1736961050.0220864
agv1,1736961049.9746401,1736961049.9797776,1736961049.9797776,1736961050.0230887
agv1,1736961050.9756684,1736961050.9766667,1736961050.9766667,1736961051.0311546
agv2,1736961051.9251819,1736961051.9259632,1736961051.9259632,1736961051.9713333
agv2,1736961051.9259632,1736961051.929951,1736961051.929951,1736961051.9723332
agv2,1736961052.9276414,1736961052.9286397,1736961052.9286397,1736961052.971291
agv1,1736961053.044628,1736961053.0456295,1736961053.0456295,1736961053.0537658
agv1,1736961053.0526788,1736961053.0914543,1736961053.0914543,1736961053.1014698
agv2,1736961055.0238805,1736961055.0244288,1736961055.0253978,1736961055.0715904
agv1,1736961055.1467102,1736961055.1477058,1736961055.1477058,1736961055.191135
agv1,1736961055.1477058,1736961055.1508086,1736961055.1508086,1736961055.1921332
agv1,1736961056.1488607,1736961056.1498609,1736961056.1498609,1736961056.1909165
agv2,1736961057.0970676,1736961057.0980575,1736961057.0980575,1736961057.1510606
agv1,1736961058.2275739,1736961058.2285728,1736961058.2285728,1736961058.2327902
agv1,1736961058.2321818,1736961058.2327902,1736961058.2327902,1736961058.2817695
agv2,1736961059.1781962,1736961059.1801898,1736961059.1801898,1736961059.2214947
agv1,1736961060.3839083,1736961060.3848965,1736961060.3848965,1736961060.4312024
agv1,1736961060.3848965,1736961060.3879337,1736961060.3879337,1736961060.4322035
agv2,1736961061.3306458,1736961061.3317266,1736961061.3317266,1736961061.3984094
agv1,1736961061.38641,1736961061.3874104,1736961061.3874104,1736961061.430948
agv1,1736961063.5485904,1736961063.5505903,1736961063.5505903,1736961063.5745926
agv1,1736961063.5735931,1736961063.5745926,1736961063.5745926,1736961063.6311996
agv1,1736961065.7667062,1736961065.7677076,1736961065.7677076,1736961065.8109477
agv1,1736961065.7677076,1736961065.7705808,1736961065.7705808,1736961065.8119407
agv1,1736961066.768984,1736961066.7705119,1736961066.7705119,1736961066.8105009
agv1,1736961068.8317003,1736961068.8352141,1736961068.8352141,1736961068.881152
agv1,1736961070.9215882,1736961070.922588,1736961070.922588,1736961070.9704802
agv1,1736961070.9272103,1736961070.928871,1736961070.928871,1736961070.9714808
agv1,1736961073.059645,1736961073.0606475,1736961073.0606475,1736961073.1106863
agv1,1736961073.0606475,1736961073.0646453,1736961073.0646453,1736961073.1116872
agv1,1736961074.062486,1736961074.0634842,1736961074.0634842,1736961074.110485
agv1,1736961076.1707034,1736961076.1717024,1736961076.1717024,1736961076.2207012
agv1,1736961078.2812243,1736961078.2819772,1736961078.2819772,1736961078.3298724
agv1,1736961081.1086147,1736961081.1106093,1736961081.1106093,1736961081.1584034
agv1,1736961081.1574068,1736961081.1584034,1736961081.1584034,1736961081.2105489
agv1,1736961082.1644192,1736961082.165418,1736961082.165418,1736961082.210642
agv1,1736961087.1655438,1736961087.1665452,1736961087.1665452,1736961087.2101102
agv1,1736961092.1670284,1736961092.1680279,1736961092.1680279,1736961092.2099981
agv1,1736961094.1686075,1736961094.1696064,1736961094.1696064,1736961094.2051644
agv1,1736961094.2031584,1736961094.2051644,1736961094.2051644,1736961094.2492416
agv1,1736961096.3672013,1736961096.3682044,1736961096.3682044,1736961096.4189286
agv1,1736961096.3682044,1736961096.3711827,1736961096.3711827,1736961096.4199262
agv1,1736961097.3702993,1736961097.3713033,1736961097.3713033,1736961097.4192986
agv1,1736961099.4751394,1736961099.4756637,1736961099.4756637,1736961099.5186586
agv1,1736961101.6329565,1736961101.633993,1736961101.633993,1736961101.6791353
agv1,1736961103.725193,1736961103.7261965,1736961103.7261965,1736961103.7318163
agv1,1736961103.730184,1736961103.7794025,1736961103.7794025,1736961103.7835398
agv1,1736961105.990606,1736961105.991605,1736961105.991605,1736961106.010606
agv1,1736961106.0096083,1736961106.0490015,1736961106.0490015,1736961106.068042
agv1,1736961107.0249426,1736961107.0269265,1736961107.0269265,1736961107.0686445
agv1,1736961109.4200644,1736961109.4210565,1736961109.4210565,1736961109.4270551
agv1,1736961109.4260552,1736961109.4270551,1736961109.4270551,1736961109.47816
agv1,1736961111.5083053,1736961111.5093005,1736961111.5093005,1736961111.5578232
agv1,1736961111.5093005,1736961111.5163014,1736961111.5163014,1736961111.558822
agv1,1736961112.5103998,1736961112.5113995,1736961112.5113995,1736961112.5584042
agv1,1736961114.7186697,1736961114.7193468,1736961114.7193468,1736961114.7254057
agv1,1736961114.7241821,1736961114.7254057,1736961114.7254057,1736961114.768663
agv1,1736961116.806511,1736961116.8075118,1736961116.8075118,1736961116.8580263
agv1,1736961116.8075118,1736961116.8135126,1736961116.8135126,1736961116.8590245
agv1,1736961117.8096533,1736961117.8106527,1736961117.8106527,1736961117.857653
agv1,1736961119.921368,1736961119.9223669,1736961119.9223669,1736961119.9683673
agv1,1736961122.031539,1736961122.0325363,1736961122.0325363,1736961122.0405445
agv1,1736961122.039537,1736961122.088183,1736961122.088183,1736961122.0926826
agv1,1736961124.1205225,1736961124.1214888,1736961124.1214888,1736961124.1677992
agv1,1736961124.1214888,1736961124.1238766,1736961124.1238766,1736961124.1688015
agv1,1736961125.1227484,1736961125.1237535,1736961125.1237535,1736961125.16736
agv1,1736961127.2027953,1736961127.2038808,1736961127.2038808,1736961127.246919
agv1,1736961129.274583,1736961129.2755845,1736961129.2755845,1736961129.3271759
agv1,1736961130.2767684,1736961130.2777693,1736961130.2777693,1736961130.3276088
agv1,1736961131.2802372,1736961131.2812374,1736961131.2812374,1736961131.3269799
agv1,1736961133.2814965,1736961133.2825003,1736961133.2825003,1736961133.301795
agv1,1736961133.2997942,1736961133.326793,1736961133.326793,1736961133.346795
agv1,1736961135.4165788,1736961135.4175794,1736961135.4175794,1736961135.4669132
agv1,1736961135.4175794,1736961135.4208243,1736961135.4208243,1736961135.467913
agv1,1736961136.4192798,1736961136.4201262,1736961136.4201262,1736961136.4665523
agv1,1736961138.5165873,1736961138.518575,1736961138.518575,1736961138.5665476
agv1,1736961140.5926762,1736961140.593678,1736961140.593678,1736961140.6366765
agv1,1736961142.6757631,1736961142.6767497,1736961142.6767497,1736961142.726123
agv1,1736961144.7538815,1736961144.7548802,1736961144.7548802,1736961144.7958565
agv1,1736961144.7548802,1736961144.7577567,1736961144.7577567,1736961144.796857
agv1,1736961145.7557359,1736961145.7567363,1736961145.7567363,1736961145.8067403
agv1,1736961150.760532,1736961150.7625318,1736961150.7625318,1736961150.8061187
agv1,1736961155.7637215,1736961155.764714,1736961155.764714,1736961155.8154619
agv1,1736961157.7650383,1736961157.766042,1736961157.766042,1736961157.7884002
agv1,1736961157.7863982,1736961157.7884002,1736961157.7884002,1736961157.8362074
agv1,1736961159.856879,1736961159.8578336,1736961159.8578336,1736961159.9058602
agv1,1736961159.8578336,1736961159.8601484,1736961159.8601484,1736961159.9058602
agv1,1736961161.8589401,1736961161.8599398,1736961161.8599398,1736961161.9048483
agv1,1736961163.9411087,1736961163.9431052,1736961163.9431052,1736961163.954108
agv1,1736961163.9521053,1736961163.954108,1736961163.954108,1736961164.0051036
agv1,1736961166.0834577,1736961166.0854652,1736961166.0854652,1736961166.1454563
agv1,1736961166.0854652,1736961166.0914564,1736961166.0914564,1736961166.1464648
agv1,1736961167.0874321,1736961167.0884306,1736961167.0884306,1736961167.1353867
agv1,1736961169.1694865,1736961169.1704843,1736961169.1704843,1736961169.2146642
agv1,1736961171.2659252,1736961171.2669258,1736961171.2669258,1736961171.3145578
agv1,1736961173.3848042,1736961173.3858027,1736961173.3858027,1736961173.4347816
agv1,1736961175.4488356,1736961175.4508364,1736961175.4508364,1736961175.461632
agv1,1736961175.4594352,1736961175.461632,1736961175.461632,1736961175.504033
agv1,1736961177.8771994,1736961177.8771994,1736961177.8771994,1736961177.9247506
agv1,1736961177.8781993,1736961177.8821986,1736961177.8821986,1736961177.9247506
agv1,1736961178.878909,1736961178.8797057,1736961178.8797057,1736961178.924764
agv1,1736961180.977938,1736961180.9789286,1736961180.9789286,1736961181.02456
agv1,1736961183.042393,1736961183.0433831,1736961183.0433831,1736961183.0475297
agv1,1736961183.0469773,1736961183.0945718,1736961183.0945718,1736961183.0973382
agv1,1736961185.1064024,1736961185.1440315,1736961185.1440315,1736961185.1541543
agv1,1736961185.1071675,1736961185.1459928,1736961185.1459928,1736961185.1547403
agv1,1736961186.1088774,1736961186.1098487,1736961186.1098487,1736961186.1541872
agv1,1736961188.1674836,1736961188.1684828,1736961188.1684828,1736961188.2241433
agv1,1736961190.2296784,1736961190.2306447,1736961190.2306447,1736961190.2841222
agv1,1736961192.291128,1736961192.2921,1736961192.2921,1736961192.2961047
agv1,1736961192.2961047,1736961192.3439965,1736961192.3439965,1736961192.3466299
agv1,1736961194.378052,1736961194.378793,1736961194.378793,1736961194.4237068
agv1,1736961194.378793,1736961194.3816648,1736961194.3816648,1736961194.4247098
agv1,1736961195.3805516,1736961195.3815484,1736961195.3815484,1736961195.423413
agv1,1736961197.510593,1736961197.5116138,1736961197.5116138,1736961197.5536113
agv1,1736961199.5743818,1736961199.5753965,1736961199.5753965,1736961199.62341
agv1,1736961201.6670473,1736961201.6680462,1736961201.6680462,1736961201.722625
agv1,1736961203.754534,1736961203.7550533,1736961203.7555716,1736961203.8032744
agv1,1736961205.8230188,1736961205.824018,1736961205.824018,1736961205.8300188
agv1,1736961205.8290186,1736961205.8300188,1736961205.8300188,1736961205.873018
agv1,1736961208.027957,1736961208.028957,1736961208.028957,1736961208.0821888
agv1,1736961208.0389588,1736961208.0754704,1736961208.0754704,1736961208.083189
agv1,1736961209.0480857,1736961209.0490854,1736961209.0490854,1736961209.0930865
agv1,1736961211.159105,1736961211.1601045,1736961211.1601045,1736961211.310245
agv1,1736961212.324397,1736961212.3253963,1736961212.3253963,1736961212.3724015
agv1,1736961213.3254592,1736961213.326462,1736961213.326462,1736961213.3720148
agv1,1736961215.326897,1736961215.3278968,1736961215.3278968,1736961215.3509042
agv1,1736961215.3489,1736961215.3509042,1736961215.3509042,1736961215.4027936
agv1,1736961217.4509635,1736961217.4523551,1736961217.4523551,1736961217.5023265
agv1,1736961217.4523551,1736961217.4567118,1736961217.4567118,1736961217.5033283
agv1,1736961219.4540293,1736961219.4550273,1736961219.4550273,1736961219.5020313
agv1,1736961221.729984,1736961221.73153,1736961221.73153,1736961221.78229
agv1,1736961221.7390435,1736961221.7420456,1736961221.7420456,1736961221.7833002
agv1,1736961223.931746,1736961223.9337485,1736961223.9337485,1736961223.9817436
agv1,1736961223.9357545,1736961223.940754,1736961223.940754,1736961223.9827454
agv1,1736961225.0104985,1736961225.0124996,1736961225.0124996,1736961225.0625277
agv1,1736961227.414177,1736961227.4151785,1736961227.4151785,1736961227.4621809
agv1,1736961229.608535,1736961229.609534,1736961229.609534,1736961229.651637
agv1,1736961231.7737052,1736961231.7737052,1736961231.7747014,1736961231.8209198
agv1,1736961233.927633,1736961233.928598,1736961233.928598,1736961233.9342513
agv1,1736961233.9334214,1736961233.9342513,1736961233.9347808,1736961233.9808784
agv1,1736961236.0568743,1736961236.0578723,1736961236.0578723,1736961236.1008708
agv1,1736961236.0578723,1736961236.0618706,1736961236.0618706,1736961236.101871
agv1,1736961237.0591798,1736961237.0601768,1736961237.0601768,1736961237.101178
agv1,1736961239.1364782,1736961239.1374803,1736961239.1374803,1736961239.1809971
agv1,1736961241.2203817,1736961241.2213817,1736961241.2213817,1736961241.2703943
agv1,1736961243.3182812,1736961243.3192794,1736961243.3192794,1736961243.3609056
agv1,1736961245.3820915,1736961245.3830924,1736961245.3830924,1736961245.430091
agv1,1736961247.4415226,1736961247.4426646,1736961247.4426646,1736961247.4903145
agv1,1736961249.5332274,1736961249.5352283,1736961249.5352283,1736961249.5472267
agv1,1736961249.5462253,1736961249.5472267,1736961249.5472267,1736961249.5902274
agv1,1736961251.6037836,1736961251.6043687,1736961251.6043687,1736961251.6504714
agv1,1736961251.6043687,1736961251.6079528,1736961251.6079528,1736961251.6514623
agv1,1736961252.6060107,1736961252.6070266,1736961252.6070266,1736961252.6514306
agv1,1736961254.736824,1736961254.7383687,1736961254.7388995,1736961254.7798734
agv1,1736961256.7951393,1736961256.7961402,1736961256.7961402,1736961256.8503225
agv1,1736961258.873179,1736961258.874037,1736961258.874037,1736961258.9203193
agv1,1736961258.874037,1736961258.8763273,1736961258.8763273,1736961258.9203193
agv1,1736961259.8750417,1736961259.8760436,1736961259.8760436,1736961259.9200416
agv1,1736961264.8762317,1736961264.876747,1736961264.876747,1736961264.9194236
agv1,1736961269.8771853,1736961269.879186,1736961269.879186,1736961269.9288142
agv1,1736961271.878747,1736961271.8817518,1736961271.8827534,1736961271.928742
agv1,1736961271.9497416,1736961271.9892933,1736961271.9892933,1736961272.0393202
agv1,1736961274.0060863,1736961274.007092,1736961274.007092,1736961274.0494313
agv1,1736961274.007092,1736961274.010949,1736961274.010949,1736961274.049948
agv1,1736961275.00907,1736961275.0100677,1736961275.0100677,1736961275.0586514
agv1,1736961277.0910873,1736961277.0920863,1736961277.0920863,1736961277.139086
agv1,1736961279.175231,1736961279.176804,1736961279.176804,1736961279.2188191
agv1,1736961281.336678,1736961281.3386772,1736961281.3386772,1736961281.3887646
agv1,1736961283.5035403,1736961283.5045416,1736961283.5045416,1736961283.5480425
agv1,1736961285.568375,1736961285.5693734,1736961285.5693734,1736961285.6180122
agv1,1736961287.6600935,1736961287.6612105,1736961287.6612105,1736961287.7080452
agv1,1736961287.6654687,1736961287.6681333,1736961287.6681333,1736961287.7090433
agv1,1736961289.7256346,1736961289.7266507,1736961289.7266507,1736961289.7780015
agv1,1736961289.7266507,1736961289.7296746,1736961289.7296746,1736961289.778997
agv1,1736961290.7286804,1736961290.7306793,1736961290.7306793,1736961290.777779
agv1,1736961292.8719275,1736961292.8729262,1736961292.8729262,1736961292.8809252
agv1,1736961292.8799248,1736961292.9281585,1736961292.9281585,1736961292.9331594
agv1,1736961295.0039966,1736961295.0047753,1736961295.0047753,1736961295.047541
agv1,1736961295.0047753,1736961295.0066025,1736961295.0066025,1736961295.0485408
agv1,1736961296.0064256,1736961296.0074282,1736961296.0074282,1736961296.0474954
agv1,1736961298.0637288,1736961298.0647244,1736961298.0647244,1736961298.0694034
agv1,1736961298.0683086,1736961298.1171455,1736961298.1171455,1736961298.1215496
agv1,1736961300.1257105,1736961300.167764,1736961300.167764,1736961300.1778219
agv1,1736961300.1267135,1736961300.1701279,1736961300.1701279,1736961300.178365
agv1,1736961301.127627,1736961301.1283398,1736961301.1283398,1736961301.1771116
agv2,1736961302.7940927,1736961302.795093,1736961302.795093,1736961302.8004644
agv2,1736961302.8143883,1736961302.8480496,1736961302.8480496,1736961302.8970501
agv1,1736961303.1885538,1736961303.1895523,1736961303.1895523,1736961303.23763
agv2,1736961304.903963,1736961304.904966,1736961304.904966,1736961304.9470758
agv1,1736961305.2746518,1736961305.275375,1736961305.275375,1736961305.2809577
agv1,1736961305.2798681,1736961305.327603,1736961305.327603,1736961305.3372242
agv2,1736961306.979729,1736961306.9807281,1736961306.9807281,1736961307.0272462
agv1,1736961307.3488314,1736961307.3498278,1736961307.3498278,1736961307.3970125
agv1,1736961307.3488314,1736961307.3515065,1736961307.3515065,1736961307.3980086
agv1,1736961308.3507411,1736961308.3517404,1736961308.3517404,1736961308.3970966
agv2,1736961309.0415757,1736961309.0427022,1736961309.0427022,1736961309.047555
agv2,1736961309.0464714,1736961309.0870647,1736961309.0870647,1736961309.0970893
agv3,1736961310.319251,1736961310.320251,1736961310.320251,1736961310.3232527
agv3,1736961310.3362505,1736961310.3667715,1736961310.3667715,1736961310.4166622
agv1,1736961310.4212883,1736961310.4222884,1736961310.4222884,1736961310.4294844
agv1,1736961310.427659,1736961310.477016,1736961310.477016,1736961310.4814239
agv2,1736961311.1170323,1736961311.1181347,1736961311.1181347,1736961311.166626
agv2,1736961311.1181347,1736961311.121899,1736961311.121899,1736961311.1676233
agv2,1736961312.1196547,1736961312.1207232,1736961312.1207232,1736961312.1671422
agv3,1736961312.3877282,1736961312.38928,1736961312.38928,1736961312.4366045
agv3,1736961312.3922553,1736961312.3951035,1736961312.3951035,1736961312.4376013
agv1,1736961312.4847083,1736961312.485695,1736961312.485695,1736961312.5367403
agv1,1736961312.485695,1736961312.4896991,1736961312.4896991,1736961312.5387433
agv1,1736961313.4872901,1736961313.4882884,1736961313.4882884,1736961313.5470307
agv2,1736961314.192888,1736961314.1938794,1736961314.1938794,1736961314.2369792
agv3,1736961314.3944774,1736961314.395478,1736961314.395478,1736961314.4364767
agv1,1736961315.5584397,1736961315.5591602,1736961315.5591602,1736961315.6062548
agv2,1736961316.2581258,1736961316.2601256,1736961316.261124,1736961316.306885
agv3,1736961316.4659028,1736961316.4666548,1736961316.4666548,1736961316.471397
agv3,1736961316.4703326,1736961316.471397,1736961316.471397,1736961316.5164666
agv1,1736961317.6458888,1736961317.6468792,1736961317.6468792,1736961317.6960447
agv2,1736961318.3432622,1736961318.344793,1736961318.344793,1736961318.3867836
agv3,1736961318.5523748,1736961318.5543756,1736961318.5543756,1736961318.6063595
agv3,1736961318.557646,1736961318.563374,1736961318.563374,1736961318.6073604
agv3,1736961319.559217,1736961319.560218,1736961319.560218,1736961319.6062157
agv1,1736961319.7125094,1736961319.7125094,1736961319.7138157,1736961319.8216534
agv2,1736961320.5578268,1736961320.5588276,1736961320.5588276,1736961320.606379
agv3,1736961321.7996864,1736961321.8006725,1736961321.8006725,1736961321.8459418
agv1,1736961321.934123,1736961321.9351227,1736961321.9351227,1736961321.9392686
agv2,1736961322.6408951,1736961322.6418896,1736961322.6418896,1736961322.686482
agv3,1736961323.886061,1736961323.8870602,1736961323.8870602,1736961323.9364557
agv1,1736961324.0305424,1736961324.0315297,1736961324.0315297,1736961324.0375347
agv1,1736961324.0365312,1736961324.0375347,1736961324.0375347,1736961324.0855298
agv2,1736961324.8518884,1736961324.8528867,1736961324.8528867,1736961324.8959992
agv3,1736961326.257566,1736961326.259541,1736961326.2605004,1736961326.306298
agv1,1736961326.436974,1736961326.4379745,1736961326.4379745,1736961326.485999
agv1,1736961326.438977,1736961326.4459746,1736961326.4459746,1736961326.4869747
agv2,1736961327.1350057,1736961327.1360018,1736961327.1360018,1736961327.1862335
agv1,1736961327.4467824,1736961327.4487836,1736961327.4487836,1736961327.4954994
agv3,1736961328.4627268,1736961328.464725,1736961328.464725,1736961328.5057354
agv2,1736961329.345393,1736961329.346397,1736961329.346397,1736961329.3959954
agv1,1736961329.6570356,1736961329.6580348,1736961329.6580348,1736961329.7060328
agv3,1736961330.6330037,1736961330.6342387,1736961330.6342387,1736961330.6755328
agv2,1736961331.5116222,1736961331.512624,1736961331.512624,1736961331.556628
agv3,1736961332.8083568,1736961332.8098726,1736961332.8098726,1736961332.8555858
agv2,1736961333.6073172,1736961333.6088333,1736961333.6088333,1736961333.6558323
agv1,1736961334.66569,1736961334.6666982,1736961334.6666982,1736961334.6726906
agv3,1736961334.9126446,1736961334.913645,1736961334.913645,1736961334.9655507
agv3,1736961334.9166467,1736961334.922193,1736961334.922193,1736961334.9665537
agv2,1736961335.7499452,1736961335.7509437,1736961335.7509437,1736961335.795498
agv3,1736961337.0712714,1736961337.0722733,1736961337.0722733,1736961337.1253736
agv3,1736961337.0762737,1736961337.0853455,1736961337.0853455,1736961337.1283603
agv2,1736961337.858839,1736961337.8598428,1736961337.8598428,1736961337.905842
agv3,1736961338.0812106,1736961338.0822098,1736961338.0822098,1736961338.1253033
agv1,1736961339.6667082,1736961339.6677063,1736961339.6677063,1736961339.7147868
agv2,1736961339.957828,1736961339.9588273,1736961339.9588273,1736961340.0048726
agv3,1736961340.176178,1736961340.177189,1736961340.177189,1736961340.1829755
agv3,1736961340.1821773,1736961340.1829755,1736961340.1829755,1736961340.2257118
agv1,1736961341.668858,1736961341.671856,1736961341.671856,1736961341.7033727
agv1,1736961341.7013736,1736961341.724939,1736961341.724939,1736961341.7555401
agv2,1736961342.1224096,1736961342.1234086,1736961342.1234086,1736961342.1755075
agv3,1736961342.351909,1736961342.352901,1736961342.352901,1736961342.4054098
agv3,1736961342.3579028,1736961342.3599062,1736961342.3599062,1736961342.4074054
agv3,1736961343.3598495,1736961343.3608484,1736961343.3608484,1736961343.4049885
agv1,1736961343.914283,1736961343.9152732,1736961343.9152732,1736961343.9648385
agv1,1736961343.9152732,1736961343.9208026,1736961343.9208026,1736961343.9658382
agv2,1736961344.349742,1736961344.3507404,1736961344.3507404,1736961344.3947723
agv1,1736961344.9209478,1736961344.9219468,1736961344.9219468,1736961344.9645107
agv3,1736961345.4639401,1736961345.465939,1736961345.465939,1736961345.51525
agv2,1736961346.5785336,1736961346.5805273,1736961346.5805273,1736961346.5985339
agv2,1736961346.5945282,1736961346.63453,1736961346.63453,1736961346.6465294
agv1,1736961347.1415489,1736961347.1435483,1736961347.1435483,1736961347.1845467
agv3,1736961347.7621276,1736961347.764122,1736961347.764122,1736961347.80512
agv2,1736961348.8374422,1736961348.8404427,1736961348.8404427,1736961348.8954427
agv2,1736961348.8504457,1736961348.8594487,1736961348.8594487,1736961348.8974438
agv1,1736961349.4677134,1736961349.469251,1736961349.469251,1736961349.5151966
agv2,1736961349.8661165,1736961349.8681092,1736961349.8681092,1736961349.9172685
agv3,1736961350.3871102,1736961350.3881147,1736961350.3881147,1736961350.4351082
agv1,1736961351.871094,1736961351.8723414,1736961351.8723414,1736961351.9146488
agv2,1736961352.1218803,1736961352.122876,1736961352.122876,1736961352.1648269
agv3,1736961352.5089645,1736961352.5109642,1736961352.5109642,1736961352.5544453
agv2,1736961353.125719,1736961353.1267178,1736961353.1267178,1736961353.1742337
agv1,1736961354.0335329,1736961354.0345333,1736961354.0345333,1736961354.0840588
agv1,1736961354.0335329,1736961354.0390575,1736961354.0390575,1736961354.0850573
agv2,1736961354.13524,1736961354.136239,1736961354.136239,1736961354.1849
agv3,1736961354.6236022,1736961354.6245878,1736961354.6245878,1736961354.6743
agv1,1736961355.0362427,1736961355.0372434,1736961355.0372434,1736961355.0843344
agv1,1736961356.0453267,1736961356.0628662,1736961356.0628662,1736961356.104804
agv2,1736961356.1463237,1736961356.149324,1736961356.149324,1736961356.1763625
agv2,1736961356.1748426,1736961356.2038796,1736961356.2038796,1736961356.2240715
agv3,1736961356.7661557,1736961356.7681537,1736961356.7681537,1736961356.8141584
agv1,1736961357.0669086,1736961357.0679083,1736961357.0679083,1736961357.114591
agv2,1736961358.290835,1736961358.291437,1736961358.291437,1736961358.3336806
agv2,1736961358.291437,1736961358.3018825,1736961358.3018825,1736961358.334674
agv3,1736961358.8459423,1736961358.8469393,1736961358.8469393,1736961358.8939424
agv1,1736961359.0680838,1736961359.0690846,1736961359.0690846,1736961359.0915968
agv1,1736961359.090593,1736961359.123536,1736961359.123536,1736961359.143774
agv2,1736961360.2951152,1736961360.297115,1736961360.297115,1736961360.3440337
agv3,1736961361.032791,1736961361.0337882,1736961361.0337882,1736961361.0944118
agv1,1736961361.2903914,1736961361.291394,1736961361.291394,1736961361.3340418
agv1,1736961361.291394,1736961361.3006048,1736961361.3006048,1736961361.335043
agv2,1736961362.435717,1736961362.4367037,1736961362.4367037,1736961362.4448304
agv2,1736961362.4433134,1736961362.4448304,1736961362.4448304,1736961362.4944026
agv3,1736961363.2403224,1736961363.2413216,1736961363.2413216,1736961363.283413
agv1,1736961363.2949817,1736961363.3245215,1736961363.3245215,1736961363.3445203
agv2,1736961364.7992597,1736961364.80026,1736961364.80026,1736961364.844276
agv2,1736961364.8012586,1736961364.8048644,1736961364.8048644,1736961364.844276
agv3,1736961365.4701788,1736961365.4711797,1736961365.4711797,1736961365.5134852
agv1,1736961365.5520644,1736961365.553788,1736961365.553788,1736961365.5628235
agv1,1736961365.5618222,1736961365.6038263,1736961365.6038263,1736961365.616825
agv2,1736961365.802299,1736961365.8042934,1736961365.8042934,1736961365.8533704
agv3,1736961367.5919278,1736961367.592925,1736961367.592925,1736961367.6339958
agv1,1736961367.6559942,1736961367.656996,1736961367.656996,1736961367.703711
agv1,1736961367.656996,1736961367.661558,1736961367.661558,1736961367.7047102
agv2,1736961367.921031,1736961367.9220426,1736961367.9220426,1736961367.9636447
agv1,1736961368.6580076,1736961368.6590028,1736961368.6590028,1736961368.7038283
agv3,1736961369.7268848,1736961369.7277894,1736961369.7277894,1736961369.7731562
agv2,1736961370.0515592,1736961370.052564,1736961370.052564,1736961370.0940313
agv2,1736961370.1157374,1736961370.1442518,1736961370.1442518,1736961370.193943
agv1,1736961370.8490205,1736961370.8500226,1736961370.8500226,1736961370.8930314
agv3,1736961372.0174367,1736961372.0184374,1736961372.0184374,1736961372.022471
agv2,1736961372.3422801,1736961372.3432767,1736961372.3432767,1736961372.3933537
agv2,1736961372.3442771,1736961372.3512774,1736961372.3512774,1736961372.394357
agv1,1736961373.0396917,1736961373.0406897,1736961373.0406897,1736961373.0837493
agv2,1736961373.345925,1736961373.3469253,1736961373.3469253,1736961373.3935
agv3,1736961374.210099,1736961374.2110963,1736961374.2110963,1736961374.2180965
agv3,1736961374.2170968,1736961374.2634618,1736961374.2634618,1736961374.2702415
agv1,1736961375.3774617,1736961375.378464,1736961375.378464,1736961375.4235535
agv2,1736961375.6248822,1736961375.6259868,1736961375.6259868,1736961375.6727562
agv3,1736961376.4511266,1736961376.452117,1736961376.452117,1736961376.5027945
agv3,1736961376.4531198,1736961376.4575117,1736961376.4575117,1736961376.503793
agv3,1736961377.4539216,1736961377.4549227,1736961377.4549227,1736961377.5028315
agv1,1736961377.5374827,1736961377.537998,1736961377.5389962,1736961377.5833352
agv2,1736961377.7875493,1736961377.7885487,1736961377.7885487,1736961377.8330967
agv3,1736961379.7729816,1736961379.7739806,1736961379.7739806,1736961379.8231058
agv1,1736961379.8565083,1736961379.858024,1736961379.858024,1736961379.9029896
agv2,1736961380.1081476,1736961380.109152,1736961380.109152,1736961380.1531484
agv3,1736961382.2314801,1736961382.2329934,1736961382.2329934,1736961382.2830036
agv1,1736961382.316703,1736961382.3212056,1736961382.3212056,1736961382.3634593
agv2,1736961382.565365,1736961382.5663497,1736961382.5663497,1736961382.6126761
agv3,1736961384.343612,1736961384.344607,1736961384.344607,1736961384.3929648
agv1,1736961384.4260714,1736961384.4271395,1736961384.4271395,1736961384.4721794
agv2,1736961384.6303365,1736961384.63086,1736961384.63086,1736961384.672114
agv3,1736961386.4461117,1736961386.4471147,1736961386.4471147,1736961386.4926295
agv3,1736961386.4471147,1736961386.4501138,1736961386.4501138,1736961386.493671
agv1,1736961386.543583,1736961386.5475826,1736961386.5475826,1736961386.5925827
agv2,1736961386.7472959,1736961386.748297,1736961386.748297,1736961386.7550826
agv2,1736961386.7539232,1736961386.801967,1736961386.801967,1736961386.8058844
agv3,1736961387.453615,1736961387.4556124,1736961387.4556124,1736961387.5023515
agv3,1736961388.4894924,1736961388.4905295,1736961388.4905295,1736961388.532571
agv1,1736961388.6427975,1736961388.6437948,1736961388.6437948,1736961388.6496038
agv1,1736961388.6484895,1736961388.6927626,1736961388.6927626,1736961388.695676
agv2,1736961388.8494585,1736961388.8504548,1736961388.8504548,1736961388.892211
agv2,1736961388.8504548,1736961388.8537087,1736961388.8537087,1736961388.8932076
agv3,1736961389.4910154,1736961389.4920077,1736961389.4920077,1736961389.5521245
agv2,1736961389.8529317,1736961389.8549316,1736961389.8549316,1736961389.9029324
agv1,1736961390.7339563,1736961390.7349594,1736961390.7349594,1736961390.782361
agv1,1736961390.7339563,1736961390.738485,1736961390.738485,1736961390.7833588
agv3,1736961391.4921763,1736961391.4931867,1736961391.4931867,1736961391.513178
agv3,1736961391.5121782,1736961391.513178,1736961391.513178,1736961391.5625813
agv1,1736961391.7358975,1736961391.7368999,1736961391.7368999,1736961391.7824163
agv2,1736961391.962204,1736961391.963723,1736961391.963723,1736961392.0124872
agv2,1736961392.9769268,1736961392.9779265,1736961392.9779265,1736961393.0219462
agv3,1736961393.6377852,1736961393.638777,1736961393.638777,1736961393.6823695
agv3,1736961393.638777,1736961393.6429524,1736961393.6429524,1736961393.683369
agv1,1736961393.8839781,1736961393.8849761,1736961393.8849761,1736961393.8899753
agv2,1736961393.978088,1736961393.9811392,1736961393.9821322,1736961394.0221303
agv3,1736961394.6407094,1736961394.6417153,1736961394.6417153,1736961394.6827059
agv2,1736961395.98228,1736961395.9832833,1736961395.9832833,1736961396.0055351
agv2,1736961396.004534,1736961396.0320492,1736961396.0320492,1736961396.0521731
agv1,1736961396.1129239,1736961396.1149259,1736961396.1149259,1736961396.121924
agv1,1736961396.1199257,1736961396.162435,1736961396.162435,1736961396.172438
agv3,1736961396.8037672,1736961396.8067656,1736961396.8067656,1736961396.852284
agv2,1736961398.1740968,1736961398.174619,1736961398.174619,1736961398.2216132
agv2,1736961398.174619,1736961398.1776147,1736961398.1776147,1736961398.2226207
agv1,1736961398.2981806,1736961398.3003914,1736961398.3003914,1736961398.3421967
agv1,1736961398.2993915,1736961398.3053901,1736961398.3053901,1736961398.3421967
agv3,1736961398.942695,1736961398.9436731,1736961398.9436731,1736961399.0021899
agv1,1736961399.3010917,1736961399.3020554,1736961399.3020554,1736961399.351866
agv2,1736961400.176217,1736961400.17722,1736961400.17722,1736961400.2222579
agv3,1736961401.0576565,1736961401.0576565,1736961401.0576565,1736961401.1014287
agv1,1736961401.4178536,1736961401.4188576,1736961401.4188576,1736961401.4617782
agv2,1736961402.2595928,1736961402.2608473,1736961402.2608473,1736961402.2679577
agv2,1736961402.2668738,1736961402.311719,1736961402.311719,1736961402.3159342
agv3,1736961403.2035313,1736961403.2045088,1736961403.2045088,1736961403.2518444
agv1,1736961403.5718706,1736961403.5728407,1736961403.5728407,1736961403.6211588
agv2,1736961404.4449332,1736961404.445452,1736961404.445452,1736961404.4919739
agv2,1736961404.445452,1736961404.4494624,1736961404.4494624,1736961404.4925005
agv3,1736961405.3230307,1736961405.3242764,1736961405.3242764,1736961405.3302748
agv3,1736961405.3292725,1736961405.3302748,1736961405.3302748,1736961405.38175
agv2,1736961405.4471486,1736961405.4481475,1736961405.4481475,1736961405.5017798
agv1,1736961405.6718822,1736961405.672456,1736961405.672456,1736961405.721219
agv1,1736961405.6764042,1736961405.6820037,1736961405.6820037,1736961405.7222161
agv3,1736961407.401221,1736961407.4017482,1736961407.4017482,1736961407.4622245
agv3,1736961407.4017482,1736961407.4070902,1736961407.4075983,1736961407.4628284
agv2,1736961407.5061555,1736961407.5071557,1736961407.5071557,1736961407.5513856
agv1,1736961407.746788,1736961407.7477872,1736961407.7477872,1736961407.7917862
agv1,1736961407.7477872,1736961407.7527885,1736961407.7527885,1736961407.792789
agv3,1736961408.404246,1736961408.406253,1736961408.406253,1736961408.451337
agv1,1736961408.7502851,1736961408.7512832,1736961408.7512832,1736961408.8013394
agv2,1736961409.9807425,1736961409.981739,1736961409.981739,1736961410.0313504
agv3,1736961410.8866909,1736961410.8876917,1736961410.8876917,1736961410.9313407
agv1,1736961411.2184517,1736961411.2189772,1736961411.2189772,1736961411.2609622
agv2,1736961412.0786757,1736961412.0797336,1736961412.0797336,1736961412.1211429
agv3,1736961412.988944,1736961412.9899435,1736961412.990945,1736961413.03105
agv1,1736961413.32447,1736961413.3254642,1736961413.3254642,1736961413.3319607
agv1,1736961413.3307688,1736961413.3709674,1736961413.3709674,1736961413.3809702
agv2,1736961414.1487677,1736961414.149766,1736961414.149766,1736961414.1907692
agv3,1736961415.126134,1736961415.1271343,1736961415.1271343,1736961415.1311367
agv3,1736961415.130135,1736961415.1311367,1736961415.1311367,1736961415.1804807
agv1,1736961415.4740539,1736961415.475061,1736961415.475061,1736961415.5210867
agv1,1736961415.475061,1736961415.4790537,1736961415.4790537,1736961415.5220876
agv2,1736961416.2799795,1736961416.2815053,1736961416.2815053,1736961416.3304968
agv2,1736961416.286497,1736961416.288499,1736961416.288499,1736961416.3314972
agv1,1736961416.4765613,1736961416.4775624,1736961416.4775624,1736961416.5209513
agv3,1736961417.342697,1736961417.3436937,1736961417.3436937,1736961417.3912518
agv3,1736961417.3436937,1736961417.3466933,1736961417.3466933,1736961417.3912518
agv3,1736961418.3448071,1736961418.3457935,1736961418.3457935,1736961418.3906841
agv2,1736961418.5101025,1736961418.5111036,1736961418.5111036,1736961418.5602813
agv2,1736961418.5111036,1736961418.5141027,1736961418.5141027,1736961418.5612812
agv1,1736961418.719106,1736961418.7211132,1736961418.7211132,1736961418.7707305
agv2,1736961419.5120525,1736961419.513055,1736961419.513055,1736961419.560942
agv1,1736961419.7247005,1736961419.7256963,1736961419.7256963,1736961419.7711694
agv3,1736961420.4331725,1736961420.4341722,1736961420.4341722,1736961420.4419413
agv3,1736961420.4401925,1736961420.4805162,1736961420.4805162,1736961420.490516
agv1,1736961420.7268398,1736961420.727839,1736961420.727839,1736961420.7703617
agv2,1736961421.5910165,1736961421.5925417,1736961421.5925417,1736961421.6403837
agv3,1736961422.5774,1736961422.5783749,1736961422.5783749,1736961422.6206942
agv3,1736961422.5783749,1736961422.5859456,1736961422.5859456,1736961422.621685
agv1,1736961422.731954,1736961422.733948,1736961422.733948,1736961422.7619464
agv1,1736961422.7599576,1736961422.7619464,1736961422.7619464,1736961422.8109562
agv3,1736961423.5797193,1736961423.5808184,1736961423.5808184,1736961423.630644
agv2,1736961423.7591903,1736961423.7601895,1736961423.7601895,1736961423.7651532
agv1,1736961424.8681092,1736961424.8688867,1736961424.8688867,1736961424.9099913
agv1,1736961424.8688867,1736961424.874284,1736961424.8748903,1736961424.9109952
agv3,1736961425.636726,1736961425.6378112,1736961425.6378112,1736961425.6806388
agv2,1736961425.8123093,1736961425.8131247,1736961425.8131247,1736961425.8598843
agv1,1736961426.8704145,1736961426.8714097,1736961426.8714097,1736961426.9202764
agv3,1736961427.6927006,1736961427.6937053,1736961427.6937053,1736961427.7403424
agv2,1736961427.867513,1736961427.869029,1736961427.869029,1736961427.910189
agv1,1736961428.9292626,1736961428.9302464,1736961428.9302464,1736961428.9382327
agv1,1736961428.9371746,1736961428.980196,1736961428.980196,1736961428.9908307
agv3,1736961429.7516303,1736961429.7526171,1736961429.7526171,1736961429.80048
agv2,1736961429.9241269,1736961429.9251263,1736961429.9251263,1736961429.9705257
agv1,1736961430.9928799,1736961430.993851,1736961430.993851,1736961431.0400717
agv1,1736961430.993851,1736961430.9995317,1736961430.9995725,1736961431.0410674
agv3,1736961431.8115385,1736961431.8125062,1736961431.8125062,1736961431.8163247
agv2,1736961431.9832163,1736961431.9840038,1736961431.9840038,1736961431.9911964
agv1,1736961431.9960728,1736961432.0388968,1736961432.0388968,1736961432.0439
agv2,1736961431.9887154,1736961432.0298588,1736961432.0298588,1736961432.050901
agv3,1736961433.866994,1736961433.8679967,1736961433.8679967,1736961433.9200468
agv3,1736961433.872996,1736961433.8745718,1736961433.8745718,1736961433.921044
agv2,1736961434.0449758,1736961434.0460594,1736961434.0460594,1736961434.0904005
agv2,1736961434.0460594,1736961434.0514379,1736961434.0514379,1736961434.0913994
agv1,1736961434.071762,1736961434.1003983,1736961434.1003983,1736961434.1194015
agv2,1736961435.0472314,1736961435.048516,1736961435.048516,1736961435.0899985
agv3,1736961435.925178,1736961435.926179,1736961435.926179,1736961435.970599
agv3,1736961435.926179,1736961435.9312136,1736961435.9312136,1736961435.9716003
agv1,1736961436.1303985,1736961436.1314712,1736961436.1314712,1736961436.1800206
agv3,1736961436.928171,1736961436.92886,1736961436.92886,1736961436.969434
agv2,1736961437.1129339,1736961437.114931,1736961437.114931,1736961437.1593041
agv1,1736961438.1908753,1736961438.1918697,1736961438.1918697,1736961438.2392352
agv3,1736961438.9833205,1736961438.9842887,1736961438.9842887,1736961439.029484
agv2,1736961439.1671221,1736961439.16809,1736961439.16809,1736961439.2092357
agv1,1736961440.2564175,1736961440.257383,1736961440.257383,1736961440.2996068
agv2,1736961441.2338002,1736961441.234767,1736961441.234767,1736961441.279883
agv2,1736961441.2357702,1736961441.2388604,1736961441.2388604,1736961441.280881
agv2,1736961442.2376673,1736961442.2390652,1736961442.2390652,1736961442.279674
agv1,1736961442.315675,1736961442.316669,1736961442.316669,1736961442.3594823
agv3,1736961443.984948,1736961443.986023,1736961443.986023,1736961444.0288708
agv1,1736961444.3755672,1736961444.3765674,1736961444.3765674,1736961444.419249
agv1,1736961446.4315462,1736961446.433546,1736961446.433546,1736961446.4395475
agv1,1736961446.4385462,1736961446.4395475,1736961446.4395475,1736961446.4895356
agv2,1736961447.2398202,1736961447.2408175,1736961447.2408175,1736961447.2888827
agv1,1736961448.4977777,1736961448.4987772,1736961448.4987772,1736961448.549013
agv1,1736961448.4987772,1736961448.5014153,1736961448.5014153,1736961448.550011
agv3,1736961448.9861321,1736961448.987134,1736961448.987134,1736961449.0296228
agv1,1736961449.5000498,1736961449.501042,1736961449.501042,1736961449.5481327
agv3,1736961450.9871662,1736961450.9884317,1736961450.9884317,1736961451.0057187
agv3,1736961451.0047154,1736961451.0057187,1736961451.0057187,1736961451.048788
agv1,1736961451.5609248,1736961451.5619192,1736961451.5619192,1736961451.6085625
agv2,1736961452.2408054,1736961452.2418053,1736961452.2418053,1736961452.2891545
agv3,1736961453.065884,1736961453.0668778,1736961453.0668778,1736961453.1092134
agv1,1736961453.6240053,1736961453.6269891,1736961453.6269891,1736961453.6686254
agv2,1736961454.2422173,1736961454.243208,1736961454.243208,1736961454.2638595
agv2,1736961454.2628608,1736961454.2638595,1736961454.2638595,1736961454.3090596
agv1,1736961455.6804557,1736961455.6814528,1736961455.6814528,1736961455.7288768
agv2,1736961456.3184855,1736961456.3195727,1736961456.3195727,1736961456.3689349
agv2,1736961456.3195727,1736961456.3229437,1736961456.3229437,1736961456.3689349
agv2,1736961457.3202844,1736961457.3208013,1736961457.3208013,1736961457.368094
agv1,1736961457.7332597,1736961457.7342567,1736961457.7342567,1736961457.7788095
agv3,1736961458.0673828,1736961458.0673828,1736961458.068383,1736961458.1089938
agv2,1736961459.383206,1736961459.384176,1736961459.384176,1736961459.4283822
agv1,1736961459.7946224,1736961459.7956216,1736961459.7956216,1736961459.837849
agv2,1736961461.4442651,1736961461.445263,1736961461.445263,1736961461.488118
agv1,1736961461.8537738,1736961461.854774,1736961461.854774,1736961461.8615584
agv1,1736961461.8605587,1736961461.8615584,1736961461.8615584,1736961461.9081795
agv3,1736961463.068676,1736961463.0691934,1736961463.0691934,1736961463.1181939
agv2,1736961463.497712,1736961463.498708,1736961463.498708,1736961463.5476778
agv1,1736961463.9141114,1736961463.91511,1736961463.91511,1736961463.9582028
agv1,1736961463.91511,1736961463.918112,1736961463.918112,1736961463.9592044
agv1,1736961464.91661,1736961464.9176154,1736961464.9176154,1736961464.9586122
agv3,1736961465.0700707,1736961465.0710645,1736961465.0710645,1736961465.0928638
agv3,1736961465.09187,1736961465.0928638,1736961465.0928638,1736961465.1384602
agv2,1736961465.5533385,1736961465.554339,1736961465.554339,1736961465.5978022
agv1,1736961466.9773295,1736961466.9783285,1736961466.9783285,1736961467.0283153
agv1,1736961466.9783285,1736961466.9821815,1736961466.9821815,1736961467.0293715
agv3,1736961467.153081,1736961467.15408,1736961467.15408,1736961467.198173
agv3,1736961467.15408,1736961467.1605282,1736961467.1605282,1736961467.200172
agv2,1736961467.6191523,1736961467.6229103,1736961467.6229103,1736961467.6686938
agv1,1736961467.9799845,1736961467.9809842,1736961467.9809842,1736961468.0275989
agv3,1736961469.1549795,1736961469.155977,1736961469.155977,1736961469.1980612
agv2,1736961469.6855123,1736961469.686511,1736961469.686511,1736961469.7275128
agv3,1736961471.2192707,1736961471.2203507,1736961471.2203507,1736961471.2267444
agv3,1736961471.2253606,1736961471.2267222,1736961471.2267444,1736961471.277713
agv2,1736961471.7436743,1736961471.7446787,1736961471.7446787,1736961471.7976205
agv2,1736961471.7494442,1736961471.7510912,1736961471.7510912,1736961471.7986207
agv1,1736961472.9819825,1736961472.9829814,1736961472.9829814,1736961473.0278022
agv3,1736961473.2771084,1736961473.279099,1736961473.279099,1736961473.3277447
agv3,1736961473.2781045,1736961473.2835712,1736961473.2835712,1736961473.3287373
agv2,1736961473.8008623,1736961473.8028526,1736961473.8028526,1736961473.8479698
agv2,1736961473.801856,1736961473.8075979,1736961473.8075979,1736961473.8484924
agv3,1736961474.2799075,1736961474.2829168,1736961474.2829168,1736961474.327907
agv2,1736961474.803821,1736961474.804821,1736961474.804821,1736961474.8483973
agv3,1736961476.3393486,1736961476.3393486,1736961476.3393486,1736961476.387292
agv2,1736961476.8552122,1736961476.856204,1736961476.856204,1736961476.8973467
agv1,1736961477.9833927,1736961477.984372,1736961477.984372,1736961478.027236
agv3,1736961478.3938162,1736961478.3947997,1736961478.3947997,1736961478.4368927
agv2,1736961478.9031506,1736961478.9042873,1736961478.9042873,1736961478.9475868
agv1,1736961479.9846947,1736961479.9862156,1736961479.9862156,1736961480.0131056
agv1,1736961480.0121078,1736961480.0131056,1736961480.0131056,1736961480.0574896
agv3,1736961480.451112,1736961480.452112,1736961480.452112,1736961480.4974523
agv2,1736961480.956769,1736961480.9577649,1736961480.9577649,1736961480.9631147
agv2,1736961480.961765,1736961481.0071154,1736961481.0071154,1736961481.0115306
agv1,1736961482.0601616,1736961482.0611622,1736961482.0611622,1736961482.1068296
agv1,1736961482.0621612,1736961482.0661612,1736961482.0661612,1736961482.107829
agv3,1736961482.5047174,1736961482.505718,1736961482.505718,1736961482.5467522
agv2,1736961482.5252357,1736961482.5567553,1736961482.5567553,1736961482.6072643
agv3,1736961482.6082115,1736961482.6478207,1736961482.6478207,1736961482.6965404
agv1,1736961483.0640833,1736961483.0650847,1736961483.0650847,1736961483.107083
agv3,1736961484.616551,1736961484.617551,1736961484.617551,1736961484.6665525
agv1,1736961485.1186762,1736961485.119687,1736961485.119687,1736961485.1671095
agv3,1736961486.6772952,1736961486.6782968,1736961486.6782968,1736961486.7267673
agv1,1736961487.174098,1736961487.175099,1736961487.175099,1736961487.2167408
agv3,1736961488.7384336,1736961488.7418084,1736961488.7418084,1736961488.7828643
agv3,1736961488.7818675,1736961488.7828643,1736961488.7828643,1736961488.826678
agv1,1736961489.2319684,1736961489.2339692,1736961489.2339692,1736961489.2770102
agv3,1736961490.840138,1736961490.8411384,1736961490.8411384,1736961490.8861928
agv1,1736961491.287619,1736961491.2886221,1736961491.2886221,1736961491.3369486
agv3,1736961492.8904417,1736961492.8914397,1736961492.8914397,1736961492.9362118
agv1,1736961493.3426323,1736961493.3446324,1736961493.3446324,1736961493.3861468
agv3,1736961494.944188,1736961494.94519,1736961494.94519,1736961494.9861665
agv1,1736961495.399345,1736961495.400341,1736961495.400341,1736961495.4463866
agv2,1736961496.529982,1736961496.53098,1736961496.53098,1736961496.5346198
agv3,1736961497.01677,1736961497.01777,1736961497.01777,1736961497.0247717
agv3,1736961497.023772,1736961497.0659044,1736961497.0659044,1736961497.0759025
agv1,1736961497.4706197,1736961497.4716234,1736961497.4716234,1736961497.5172174
agv2,1736961498.6020443,1736961498.603046,1736961498.603046,1736961498.646107
agv2,1736961498.603046,1736961498.6100445,1736961498.6100445,1736961498.647109
agv3,1736961499.0848804,1736961499.086883,1736961499.086883,1736961499.1364288
agv3,1736961499.086883,1736961499.089881,1736961499.089881,1736961499.1364288
agv1,1736961499.542151,1736961499.5431516,1736961499.5431516,1736961499.5861502
agv2,1736961499.6051512,1736961499.6061685,1736961499.6061685,1736961499.655663
agv3,1736961500.0882072,1736961500.089208,1736961500.089208,1736961500.1362395
agv1,1736961501.6003199,1736961501.6013212,1736961501.6013212,1736961501.6203585
agv1,1736961501.6193588,1736961501.655878,1736961501.655878,1736961501.6658754
agv2,1736961501.6648762,1736961501.6658754,1736961501.6658754,1736961501.6708758
agv2,1736961501.6698768,1736961501.671875,1736961501.671875,1736961501.715679
agv3,1736961502.1476316,1736961502.1486175,1736961502.1486175,1736961502.196237
agv2,1736961503.741422,1736961503.7424233,1736961503.7424233,1736961503.786235
agv2,1736961503.7424233,1736961503.7461457,1736961503.7461457,1736961503.786235
agv3,1736961504.2143695,1736961504.2153723,1736961504.2153723,1736961504.2558835
agv2,1736961504.743776,1736961504.7447765,1736961504.7447765,1736961504.7861779
agv3,1736961506.2775733,1736961506.2785816,1736961506.2785816,1736961506.3263767
agv2,1736961506.815079,1736961506.8161492,1736961506.8161492,1736961506.8662639
agv1,1736961507.624431,1736961507.625428,1736961507.625428,1736961507.6654623
agv3,1736961508.341576,1736961508.342576,1736961508.342576,1736961508.3860278
agv2,1736961508.876065,1736961508.8770676,1736961508.8770676,1736961508.885194
agv2,1736961508.8830347,1736961508.8846571,1736961508.8846571,1736961508.9363494
agv1,1736961509.6862235,1736961509.6870959,1736961509.6870959,1736961509.7359898
agv1,1736961509.6870959,1736961509.6920888,1736961509.6920888,1736961509.7369854
agv3,1736961510.3983943,1736961510.3995125,1736961510.3995125,1736961510.445897
agv1,1736961510.6880715,1736961510.6890743,1736961510.6890743,1736961510.7359357
agv2,1736961510.945304,1736961510.946309,1736961510.946309,1736961510.9958196
agv2,1736961510.946309,1736961510.9503038,1736961510.9503038,1736961510.9968212
agv2,1736961511.948213,1736961511.9511094,1736961511.9511094,1736961511.9953926
agv3,1736961512.4568653,1736961512.457763,1736961512.457763,1736961512.463999
agv3,1736961512.4629471,1736961512.463999,1736961512.463999,1736961512.505
agv1,1736961512.7521174,1736961512.7541163,1736961512.7541163,1736961512.796079
agv2,1736961514.0073507,1736961514.0083516,1736961514.0083516,1736961514.0555346
agv3,1736961514.5223916,1736961514.523387,1736961514.523387,1736961514.5658119
agv3,1736961514.523387,1736961514.52891,1736961514.52891,1736961514.5668218
agv1,1736961514.8092103,1736961514.8102095,1736961514.8102095,1736961514.8152106
agv3,1736961515.5248506,1736961515.5258515,1736961515.5258515,1736961515.5777647
agv1,1736961516.8711913,1736961516.8721893,1736961516.8721893,1736961516.926518
agv1,1736961516.8762593,1736961516.8780155,1736961516.8780155,1736961516.9285219
agv3,1736961517.5850904,1736961517.5868704,1736961517.5868704,1736961517.6357627
agv1,1736961518.9341247,1736961518.936123,1736961518.936123,1736961518.9859486
agv1,1736961518.9351177,1736961518.9401176,1736961518.9401176,1736961518.9859486
agv2,1736961519.0091379,1736961519.011137,1736961519.011137,1736961519.0558884
agv1,1736961519.937092,1736961519.9380922,1736961519.9380922,1736961519.9850917
agv1,1736961521.9985876,1736961521.9991035,1736961521.9991035,1736961522.0049515
agv1,1736961522.0038695,1736961522.0049515,1736961522.0049515,1736961522.0542593
agv3,1736961522.5894542,1736961522.5905895,1736961522.5905895,1736961522.634113
agv2,1736961524.0109792,1736961524.012981,1736961524.012981,1736961524.063751
agv1,1736961524.0697508,1736961524.1133506,1736961524.1133506,1736961524.1224606
agv1,1736961524.070753,1736961524.117659,1736961524.117659,1736961524.1230037
agv1,1736961525.071809,1736961525.1136065,1736961525.1136065,1736961525.1196072
agv2,1736961526.0125678,1736961526.0135696,1736961526.0135696,1736961526.0285423
agv2,1736961526.0270264,1736961526.0635014,1736961526.0635014,1736961526.074032
agv1,1736961527.1359398,1736961527.1369336,1736961527.1369336,1736961527.1840508
agv3,1736961527.5905852,1736961527.5915844,1736961527.5915844,1736961527.6341283
agv2,1736961528.0862803,1736961528.0872796,1736961528.0872796,1736961528.1333208
agv2,1736961528.0872796,1736961528.0908043,1736961528.0908043,1736961528.1343205
agv2,1736961529.088511,1736961529.0895107,1736961529.0895107,1736961529.133537
agv1,1736961529.1966054,1736961529.1976047,1736961529.1976047,1736961529.2431793
agv3,1736961529.5918891,1736961529.59289,1736961529.59289,1736961529.6129246
agv3,1736961529.6119235,1736961529.6139226,1736961529.6139226,1736961529.6626608
agv2,1736961531.151466,1736961531.1524649,1736961531.1524649,1736961531.1939955
agv1,1736961531.2587283,1736961531.2597299,1736961531.260728,1736961531.303171
agv3,1736961531.6775558,1736961531.6785564,1736961531.6785564,1736961531.7232418
agv3,1736961531.6785564,1736961531.6825984,1736961531.6825984,1736961531.7242422
agv2,1736961533.2128797,1736961533.2148805,1736961533.2148805,1736961533.263398
agv1,1736961533.3224316,1736961533.3239565,1736961533.3239565,1736961533.3729954
agv3,1736961533.6797283,1736961533.6807287,1736961533.6807287,1736961533.7232423
agv2,1736961535.278559,1736961535.2795608,1736961535.2795608,1736961535.323774
agv1,1736961535.3864036,1736961535.3889453,1736961535.3889453,1736961535.432867
agv3,1736961535.7435203,1736961535.7445211,1736961535.7445211,1736961535.75252
agv3,1736961535.7515192,1736961535.7930777,1736961535.7930777,1736961535.8130772
agv2,1736961537.3407655,1736961537.3412807,1736961537.3412807,1736961537.3927376
agv2,1736961537.3412807,1736961537.345091,1736961537.345091,1736961537.3937378
agv1,1736961537.4465983,1736961537.4475732,1736961537.4475732,1736961537.493137
agv3,1736961537.8185444,1736961537.8235397,1736961537.8235397,1736961537.8726141
agv3,1736961537.8235397,1736961537.8436189,1736961537.8436189,1736961537.8736136
agv2,1736961538.34322,1736961538.347225,1736961538.347225,1736961538.3922162
agv3,1736961538.8262072,1736961538.8272064,1736961538.8272064,1736961538.8722079
agv2,1736961539.3466463,1736961539.347647,1736961539.347647,1736961539.3921719
agv2,1736961540.3486776,1736961540.3496704,1736961540.3496704,1736961540.3929505
agv3,1736961540.8950574,1736961540.896058,1736961540.896058,1736961540.9421299
agv2,1736961542.3500538,1736961542.3510199,1736961542.3510199,1736961542.3824372
agv2,1736961542.3814514,1736961542.4020624,1736961542.4020624,1736961542.4328594
agv3,1736961542.9482605,1736961542.9491723,1736961542.9491723,1736961542.9926815
agv2,1736961544.400464,1736961544.4014652,1736961544.4014652,1736961544.4523244
agv2,1736961544.4014652,1736961544.4043987,1736961544.4043987,1736961544.4533231
agv3,1736961545.002667,1736961545.0046475,1736961545.0046475,1736961545.0517395
agv2,1736961546.4055643,1736961546.4065657,1736961546.4065657,1736961546.4518692
agv3,1736961547.0705519,1736961547.0725663,1736961547.0725663,1736961547.122544
agv2,1736961548.4661534,1736961548.4672983,1736961548.4672983,1736961548.5116818
agv2,1736961548.4672983,1736961548.4695027,1736961548.4695027,1736961548.5127072
agv3,1736961549.1376047,1736961549.1386025,1736961549.1386025,1736961549.1433485
agv3,1736961549.142067,1736961549.1433485,1736961549.1433485,1736961549.191371
agv2,1736961549.4680383,1736961549.4690745,1736961549.4690745,1736961549.5117161
agv3,1736961551.2001731,1736961551.2010205,1736961551.2010205,1736961551.2521572
agv3,1736961551.2010205,1736961551.204759,1736961551.204759,1736961551.2521572
agv2,1736961551.5218632,1736961551.5233781,1736961551.5233781,1736961551.5719945
agv2,1736961551.5285578,1736961551.530557,1736961551.5315552,1736961551.572996
agv1,1736961551.5484662,1736961551.5819929,1736961551.5819929,1736961551.5961096
agv1,1736961551.549471,1736961551.5915756,1736961551.5915756,1736961551.597104
agv3,1736961552.2030516,1736961552.2040396,1736961552.2040396,1736961552.2514677
agv2,1736961553.5881393,1736961553.591514,1736961553.591514,1736961553.6415143
agv2,1736961553.591514,1736961553.5968668,1736961553.5968668,1736961553.6425636
agv3,1736961554.2646346,1736961554.2678273,1736961554.2678273,1736961554.3121915
agv2,1736961554.593108,1736961554.594223,1736961554.594223,1736961554.6417432
agv3,1736961556.3205302,1736961556.3245852,1736961556.3245852,1736961556.3709385
agv2,1736961556.6479623,1736961556.648963,1736961556.648963,1736961556.6539667
agv2,1736961556.6529648,1736961556.7011454,1736961556.7011454,1736961556.7051163
agv3,1736961558.3729763,1736961558.373834,1736961558.373834,1736961558.4211726
agv2,1736961558.7131684,1736961558.7141902,1736961558.7141902,1736961558.7621286
agv2,1736961558.7141902,1736961558.7167692,1736961558.7167873,1736961558.763129
agv2,1736961559.7153652,1736961559.716368,1736961559.716368,1736961559.7613645
agv3,1736961560.4392078,1736961560.4402103,1736961560.4402103,1736961560.4810793
agv2,1736961561.7720764,1736961561.7735937,1736961561.7735937,1736961561.82138
agv3,1736961562.4917874,1736961562.492783,1736961562.492783,1736961562.5407298
agv2,1736961563.825014,1736961563.825982,1736961563.825982,1736961563.870959
agv3,1736961564.5460043,1736961564.5469918,1736961564.5469918,1736961564.5516334
agv3,1736961564.5505762,1736961564.5902715,1736961564.5902715,1736961564.6010065
agv1,1736961565.555899,1736961565.5579014,1736961565.5579014,1736961565.6013248
agv2,1736961565.8788812,1736961565.8798804,1736961565.8798804,1736961565.9208267
agv3,1736961566.608579,1736961566.609626,1736961566.609626,1736961566.660515
agv3,1736961566.610143,1736961566.6124692,1736961566.6124692,1736961566.6615465
agv1,1736961567.6167717,1736961567.6179085,1736961567.6179085,1736961567.6602025
agv1,1736961567.6179085,1736961567.6217036,1736961567.6217036,1736961567.6612003
agv2,1736961567.9445736,1736961567.9455752,1736961567.9455752,1736961567.9905741
agv1,1736961568.6192646,1736961568.6202652,1736961568.6202652,1736961568.659921
agv3,1736961569.6673396,1736961569.6681802,1736961569.6681802,1736961569.7100458
agv2,1736961570.0000546,1736961570.0010555,1736961570.0010555,1736961570.0070562
agv2,1736961570.0060549,1736961570.0505993,1736961570.0505993,1736961570.0535996
agv1,1736961570.6731267,1736961570.675156,1736961570.675156,1736961570.7203357
agv1,1736961571.6766253,1736961571.677475,1736961571.677475,1736961571.7217846
agv3,1736961571.717785,1736961571.7217846,1736961571.7217846,1736961571.7703388
agv2,1736961572.0594983,1736961572.0605001,1736961572.0605001,1736961572.1113312
agv2,1736961572.0605001,1736961572.0635014,1736961572.0635014,1736961572.1143255
agv1,1736961572.6780906,1736961572.6790845,1736961572.6790845,1736961572.7298486
agv2,1736961573.06315,1736961573.0651503,1736961573.0651503,1736961573.1108239
agv3,1736961573.821517,1736961573.8225183,1736961573.8225183,1736961573.8701057
agv1,1736961574.6794293,1736961574.6804264,1736961574.6804264,1736961574.7023816
agv1,1736961574.7013814,1736961574.7023816,1736961574.7023816,1736961574.7499373
agv2,1736961575.1949263,1736961575.1974516,1736961575.1974516,1736961575.239813
agv3,1736961575.8977113,1736961575.898708,1736961575.898708,1736961575.9502685
agv3,1736961575.8997073,1736961575.9017074,1736961575.9017074,1736961575.9502685
agv1,1736961576.7745345,1736961576.7755337,1736961576.7755337,1736961576.8196497
agv1,1736961576.7755337,1736961576.7780838,1736961576.7780838,1736961576.8206437
agv3,1736961576.901584,1736961576.9025793,1736961576.9025793,1736961576.949693
agv2,1736961577.2577794,1736961577.2587824,1736961577.2587824,1736961577.266551
agv2,1736961577.265476,1736961577.3099856,1736961577.3099856,1736961577.3150616
agv1,1736961577.7769866,1736961577.7779863,1736961577.7779863,1736961577.8198302
agv3,1736961577.903221,1736961577.9041805,1736961577.9041805,1736961577.949761
agv3,1736961578.9043674,1736961578.9053679,1736961578.9053679,1736961578.9499683
agv2,1736961579.3232381,1736961579.3242307,1736961579.3242307,1736961579.370262
agv2,1736961579.3242307,1736961579.3272274,1736961579.328228,1736961579.370262
agv1,1736961579.8397846,1736961579.8413749,1736961579.8413749,1736961579.8900864
agv2,1736961580.3258708,1736961580.326954,1736961580.326954,1736961580.3700104
agv3,1736961580.9053767,1736961580.9063783,1736961580.9063783,1736961580.9217224
agv3,1736961580.9207218,1736961580.9217224,1736961580.9217224,1736961580.9699254
agv1,1736961581.8976831,1736961581.8987281,1736961581.8987281,1736961581.9399052
agv2,1736961582.3904467,1736961582.391431,1736961582.391431,1736961582.439678
agv3,1736961582.9980664,1736961583.0000663,1736961583.0000663,1736961583.0476446
agv3,1736961583.0456448,1736961583.0896397,1736961583.0896397,1736961583.0996406
agv1,1736961583.9959145,1736961583.997914,1736961583.997914,1736961584.038965
agv1,1736961583.9969165,1736961584.0028405,1736961584.0028405,1736961584.0399578
agv3,1736961584.0514789,1736961584.0524762,1736961584.0524762,1736961584.0991173
agv2,1736961584.4904494,1736961584.4914474,1736961584.4914474,1736961584.5393112
agv1,1736961584.9983988,1736961585.0004022,1736961585.0004022,1736961585.0489202
agv3,1736961586.1480389,1736961586.1490405,1736961586.1490405,1736961586.1888545
agv2,1736961586.5787184,1736961586.579243,1736961586.579243,1736961586.5852385
agv2,1736961586.5842385,1736961586.5852385,1736961586.5852385,1736961586.6287537
agv3,1736961588.2649822,1736961588.2659798,1736961588.2659798,1736961588.3089116
agv2,1736961588.6963372,1736961588.6973326,1736961588.6973326,1736961588.739032
agv2,1736961588.6973326,1736961588.699753,1736961588.699753,1736961588.7395768
agv2,1736961589.698717,1736961589.6997173,1736961589.6997173,1736961589.7485273
agv1,1736961590.0000842,1736961590.0007727,1736961590.0007727,1736961590.0482676
agv3,1736961590.320966,1736961590.321967,1736961590.321967,1736961590.3689868
agv2,1736961591.76183,1736961591.7626145,1736961591.7626145,1736961591.8091836
agv3,1736961592.3859427,1736961592.387555,1736961592.387555,1736961592.4282525
agv2,1736961593.8535163,1736961593.8546035,1736961593.8546035,1736961593.8979926
agv3,1736961594.4732332,1736961594.47423,1736961594.47423,1736961594.5182092
agv1,1736961595.001737,1736961595.0027363,1736961595.0027363,1736961595.0488422
agv2,1736961595.9054945,1736961595.906497,1736961595.906497,1736961595.9487045
agv3,1736961596.5228553,1736961596.5238552,1736961596.5238552,1736961596.530764
agv3,1736961596.529699,1736961596.5687478,1736961596.5687478,1736961596.588748
agv1,1736961597.003741,1736961597.004742,1736961597.004742,1736961597.0226972
agv1,1736961597.0217016,1736961597.0585678,1736961597.0586448,1736961597.068425
agv2,1736961597.9627242,1736961597.9637246,1736961597.9637246,1736961598.0085144
agv3,1736961598.578552,1736961598.5793533,1736961598.5793533,1736961598.6285272
agv3,1736961598.5793533,1736961598.5822573,1736961598.5822573,1736961598.6285272
agv1,1736961599.0732524,1736961599.074256,1736961599.074256,1736961599.118322
agv1,1736961599.074256,1736961599.077202,1736961599.077202,1736961599.1193182
agv3,1736961599.5805686,1736961599.5815902,1736961599.5815902,1736961599.6284053
agv2,1736961600.0215633,1736961600.0225644,1736961600.0225644,1736961600.0683448
agv1,1736961601.0751562,1736961601.076159,1736961601.076159,1736961601.118461
agv3,1736961601.6324944,1736961601.6334953,1736961601.6334953,1736961601.6782522
agv2,1736961602.0757349,1736961602.0767398,1736961602.0767398,1736961602.1179404
agv1,1736961603.1322227,1736961603.1332235,1736961603.1332235,1736961603.1374097
agv1,1736961603.1362996,1736961603.1776505,1736961603.1776505,1736961603.188182
agv3,1736961603.7178826,1736961603.7188828,1736961603.7188828,1736961603.7681386
agv2,1736961604.1477365,1736961604.149256,1736961604.149256,1736961604.1973531
agv2,1736961604.1522431,1736961604.1550653,1736961604.1550653,1736961604.1983557
agv1,1736961605.2126138,1736961605.2136185,1736961605.2136185,1736961605.2581902
agv1,1736961605.2136185,1736961605.215546,1736961605.215546,1736961605.2587054
agv3,1736961605.778025,1736961605.779025,1736961605.779025,1736961605.7834785
agv3,1736961605.7824237,1736961605.7834785,1736961605.7834785,1736961605.827609
agv2,1736961606.2104368,1736961606.21144,1736961606.21144,1736961606.2581627
agv1,1736961606.2144377,1736961606.216438,1736961606.216438,1736961606.2581627
agv2,1736961606.21144,1736961606.2134378,1736961606.2134378,1736961606.2581627
agv2,1736961607.2125897,1736961607.2135751,1736961607.2135751,1736961607.257212
agv3,1736961607.8668191,1736961607.8678236,1736961607.8678236,1736961607.9169564
agv3,1736961607.8678236,1736961607.8710358,1736961607.8710358,1736961607.9179556
agv1,1736961608.301058,1736961608.3020637,1736961608.3020637,1736961608.3473122
agv3,1736961608.8697338,1736961608.8705933,1736961608.8705933,1736961608.9175956
agv2,1736961609.2727063,1736961609.2737062,1736961609.2737062,1736961609.317167
agv2,1736961610.2745216,1736961610.277551,1736961610.277551,1736961610.3167832
agv1,1736961610.3516629,1736961610.352479,1736961610.352479,1736961610.3974092
agv3,1736961610.3694758,1736961610.4078743,1736961610.4078743,1736961610.4681025
agv1,1736961610.453817,1736961610.4989998,1736961610.4989998,1736961610.5478182
agv2,1736961611.2787418,1736961611.2816381,1736961611.2825093,1736961611.3274117
agv3,1736961612.375012,1736961612.3760386,1736961612.3760386,1736961612.3797445
agv2,1736961613.2808607,1736961613.282395,1736961613.282395,1736961613.299306
agv2,1736961613.298309,1736961613.3373787,1736961613.3373787,1736961613.346997
agv3,1736961614.8605897,1736961614.8621066,1736961614.8621066,1736961614.9065952
agv2,1736961615.7856047,1736961615.7866418,1736961615.7866418,1736961615.8375278
agv2,1736961615.787158,1736961615.7894526,1736961615.7894526,1736961615.8375278
agv3,1736961616.9177015,1736961616.9196975,1736961616.9196975,1736961616.951802
agv3,1736961616.9509535,1736961616.951802,1736961616.951802,1736961616.9963853
agv2,1736961617.787999,1736961617.78995,1736961617.78995,1736961617.8365898
agv3,1736961619.0019274,1736961619.0029135,1736961619.0029135,1736961619.0466275
agv2,1736961619.8571,1736961619.8590984,1736961619.8590984,1736961619.8849256
agv2,1736961619.8829272,1736961619.917462,1736961619.917462,1736961619.9364562
agv3,1736961621.0734332,1736961621.0742872,1736961621.0742872,1736961621.0866113
agv3,1736961621.0843217,1736961621.0866113,1736961621.0866113,1736961621.136511
agv2,1736961621.9471774,1736961621.9480054,1736961621.9490042,1736961621.99641
agv2,1736961621.9490042,1736961621.952356,1736961621.952356,1736961621.9972892
agv2,1736961622.9498756,1736961622.951729,1736961622.951729,1736961622.9968212
agv3,1736961623.1420062,1736961623.1434307,1736961623.1434307,1736961623.18607
agv3,1736961623.1434307,1736961623.1467094,1736961623.1467094,1736961623.1870694
agv3,1736961624.1449718,1736961624.145967,1736961624.145967,1736961624.1863995
agv1,1736961624.4583104,1736961624.46031,1736961624.46031,1736961624.5063114
agv2,1736961625.0116742,1736961625.0126662,1736961625.0126662,1736961625.0558553
agv3,1736961626.2021706,1736961626.2030964,1736961626.2030964,1736961626.2461953
agv1,1736961626.524902,1736961626.5258994,1736961626.5258994,1736961626.5659363
agv2,1736961627.0705662,1736961627.0746152,1736961627.0746152,1736961627.093113
agv2,1736961627.0896244,1736961627.093113,1736961627.093113,1736961627.1457434
agv3,1736961628.2600942,1736961628.2620003,1736961628.2620003,1736961628.306591
agv1,1736961628.5828218,1736961628.5838232,1736961628.5838232,1736961628.589416
agv1,1736961628.5888836,1736961628.589416,1736961628.589416,1736961628.6355546
agv2,1736961629.1446583,1736961629.145618,1736961629.145618,1736961629.1964276
agv2,1736961629.145618,1736961629.1497014,1736961629.149711,1736961629.1964276
agv2,1736961630.1474698,1736961630.1483054,1736961630.1483054,1736961630.1956975
agv3,1736961630.3091137,1736961630.3101065,1736961630.3101065,1736961630.3561518
agv3,1736961630.3101065,1736961630.31411,1736961630.31411,1736961630.3561518
agv1,1736961630.6402643,1736961630.6412659,1736961630.6412659,1736961630.685264
agv1,1736961630.6412659,1736961630.644264,1736961630.644264,1736961630.6862638
agv3,1736961631.311634,1736961631.3145778,1736961631.3145778,1736961631.3555675
agv1,1736961631.6422453,1736961631.6432412,1736961631.6432412,1736961631.685432
agv2,1736961632.2109458,1736961632.2119408,1736961632.2119408,1736961632.2557297
agv1,1736961633.7063081,1736961633.710298,1736961633.710298,1736961633.7555377
agv2,1736961634.2750988,1736961634.2760994,1736961634.2760994,1736961634.3255715
agv1,1736961635.7631183,1736961635.764949,1736961635.764949,1736961635.768749
agv1,1736961635.768749,1736961635.7709916,1736961635.7709916,1736961635.7743256
agv3,1736961636.3141055,1736961636.3151133,1736961636.3151133,1736961636.3556888
agv2,1736961636.3287113,1736961636.3654768,1736961636.3654768,1736961636.3757203
agv1,1736961637.822845,1736961637.8238106,1736961637.8238106,1736961637.875104
agv1,1736961637.8238106,1736961637.8298416,1736961637.8298416,1736961637.8761065
agv2,1736961638.3852303,1736961638.3862312,1736961638.3872313,1736961638.4352286
agv1,1736961638.825907,1736961638.828911,1736961638.828911,1736961638.8754432
agv2,1736961640.4519446,1736961640.452784,1736961640.452784,1736961640.4966574
agv1,1736961640.8831365,1736961640.8871057,1736961640.8871057,1736961640.9450567
agv3,1736961641.3165004,1736961641.3205261,1736961641.3205261,1736961641.3649545
agv2,1736961642.5067232,1736961642.5087192,1736961642.5087192,1736961642.5147777
agv2,1736961642.5129385,1736961642.5147777,1736961642.5147777,1736961642.5660357
agv1,1736961642.9384825,1736961642.9394834,1736961642.9394834,1736961642.985051
agv3,1736961643.319818,1736961643.3208203,1736961643.3208203,1736961643.334823
agv3,1736961643.3338203,1736961643.334823,1736961643.334823,1736961643.3854263
agv2,1736961644.5725706,1736961644.5735734,1736961644.5735734,1736961644.6143227
agv2,1736961644.5735734,1736961644.5764287,1736961644.5764372,1736961644.6153224
agv1,1736961644.999778,1736961645.000605,1736961645.000605,1736961645.004947
agv1,1736961645.003877,1736961645.004947,1736961645.004947,1736961645.05603
agv3,1736961645.3974042,1736961645.3994038,1736961645.3994038,1736961645.444937
agv3,1736961645.4004061,1736961645.4044058,1736961645.4054036,1736961645.4459372
agv2,1736961645.5749643,1736961645.5759652,1736961645.5759652,1736961645.6246977
agv3,1736961646.4018164,1736961646.4026217,1736961646.4026217,1736961646.4452322
agv1,1736961647.0837636,1736961647.0847616,1736961647.0847616,1736961647.1348047
agv1,1736961647.0847616,1736961647.086794,1736961647.086794,1736961647.1358051
agv2,1736961647.640688,1736961647.6417038,1736961647.6417038,1736961647.6851258
agv1,1736961648.0862763,1736961648.088278,1736961648.088278,1736961648.1342154
agv3,1736961648.461102,1736961648.462098,1736961648.462098,1736961648.5041847
agv2,1736961649.702132,1736961649.7051294,1736961649.7051294,1736961649.7544599
agv1,1736961650.1450167,1736961650.1490657,1736961650.1490657,1736961650.1953676
agv3,1736961650.5150638,1736961650.5160651,1736961650.5160651,1736961650.564172
agv2,1736961651.7581277,1736961651.7590873,1736961651.7590873,1736961651.8041508
agv1,1736961652.1980708,1736961652.2020695,1736961652.2020695,1736961652.2444668
agv3,1736961652.5682235,1736961652.5688508,1736961652.5688508,1736961652.614581
agv2,1736961653.8177154,1736961653.8187125,1736961653.8187125,1736961653.8634744
agv2,1736961653.8187125,1736961653.8225472,1736961653.8225472,1736961653.8649702
agv1,1736961654.2568245,1736961654.2578275,1736961654.2578275,1736961654.3038254
agv3,1736961654.6279886,1736961654.6289864,1736961654.6289864,1736961654.6741443
agv3,1736961654.6279886,1736961654.6319327,1736961654.6319327,1736961654.6741443
agv2,1736961654.8202004,1736961654.8212016,1736961654.8212016,1736961654.8642006
agv3,1736961655.6298547,1736961655.6308548,1736961655.6308548,1736961655.6738544
agv1,1736961656.3225155,1736961656.3268707,1736961656.3268707,1736961656.3757288
agv3,1736961656.6310554,1736961656.6320531,1736961656.6320531,1736961656.673728
agv3,1736961657.632788,1736961657.6347873,1736961657.6347873,1736961657.6842685
agv1,1736961658.394112,1736961658.3951132,1736961658.3951132,1736961658.4441066
agv3,1736961659.6344438,1736961659.6366444,1736961659.6366444,1736961659.6581473
agv3,1736961659.6571486,1736961659.6831443,1736961659.6841445,1736961659.703482
agv2,1736961659.8219607,1736961659.8249595,1736961659.8249595,1736961659.8737304
agv1,1736961660.4585316,1736961660.4595323,1736961660.4595323,1736961660.5038936
agv3,1736961661.7116718,1736961661.7126753,1736961661.7126753,1736961661.7637918
agv3,1736961661.7126753,1736961661.715949,1736961661.7160397,1736961661.7637918
agv3,1757753211.8073466,1757753211.809306,1757753211.809306,1757753211.811309
agv3,1757753211.820317,1757753211.8578594,1757753211.8578594,1757753211.907755
agv3,1757753212.8632681,1757753212.865282,1757753212.865282,1757753212.907876
agv3,1757753213.9067132,1757753213.9171894,1757753213.9171894,1757753213.9574583
agv3,1757753214.951836,1757753214.9528456,1757753214.9528456,1757753214.9568415
agv3,1757753214.9548423,1757753214.9973087,1757753214.9973087,1757753215.0074098
agv3,1757753215.9973419,1757753215.9983497,1757753215.9983497,1757753216.0469637
agv3,1757753215.9973419,1757753216.0003493,1757753216.0003493,1757753216.047732
agv3,1757753216.9984605,1757753216.999468,1757753216.999468,1757753217.0474946
agv3,1757753218.0416708,1757753218.0430346,1757753218.0430346,1757753218.0868933
agv3,1757753219.0813358,1757753219.0828538,1757753219.0828538,1757753219.1268399
agv3,1757753220.1232061,1757753220.12488,1757753220.12488,1757753220.167057
agv3,1757753221.1654453,1757753221.166458,1757753221.166458,1757753221.2074854
agv3,1757753222.2118692,1757753222.2128787,1757753222.2128787,1757753222.2572532
agv3,1757753223.257468,1757753223.2590213,1757753223.2590213,1757753223.306291
agv3,1757753224.303588,1757753224.3064077,1757753224.3064077,1757753224.347185
agv3,1757753225.3451552,1757753225.34656,1757753225.34656,1757753225.3967948
agv3,1757753226.3934493,1757753226.3949983,1757753226.3949983,1757753226.4363863
agv3,1757753227.4373088,1757753227.4388304,1757753227.4388304,1757753227.4865906
agv3,1757753228.4739525,1757753228.4754794,1757753228.4754794,1757753228.5158167
agv3,1757753229.552334,1757753229.5534282,1757753229.5534282,1757753229.596119
agv3,1757753230.604653,1757753230.6062155,1757753230.6062155,1757753230.6565964
agv3,1757753231.6552656,1757753231.656735,1757753231.656735,1757753231.705642
agv3,1757753232.6934886,1757753232.69602,1757753232.69602,1757753232.7363882
agv3,1757753233.741222,1757753233.7427323,1757753233.7432706,1757753233.7867074
agv3,1757753234.8060758,1757753234.807612,1757753234.807612,1757753234.855918
agv3,1757753235.8396165,1757753235.8406231,1757753235.8406231,1757753235.8861928
agv3,1757753236.8748775,1757753236.8764231,1757753236.8764231,1757753236.9253714
agv3,1757753237.909942,1757753237.9114828,1757753237.9114828,1757753237.9561532
agv3,1757753238.9437003,1757753238.9447105,1757753238.9447105,1757753238.9861844
agv3,1757753239.9989421,1757753239.999954,1757753239.999954,1757753240.0464041
agv3,1757753241.0776799,1757753241.078693,1757753241.078693,1757753241.0872686
agv3,1757753241.085761,1757753241.1255395,1757753241.1255395,1757753241.1356275
agv3,1757753242.1404276,1757753242.141745,1757753242.141745,1757753242.1860573
agv3,1757753242.1404276,1757753242.1442616,1757753242.1442616,1757753242.1860573
agv3,1757753243.1417484,1757753243.1432757,1757753243.1432757,1757753243.1857998
agv3,1757753244.2162514,1757753244.2177691,1757753244.2177691,1757753244.275916
agv3,1757753245.2171426,1757753245.2171426,1757753245.2171426,1757753245.265637
agv3,1757753246.2181447,1757753246.219154,1757753246.219154,1757753246.265764
agv3,1757753247.2188785,1757753247.2204008,1757753247.2204008,1757753247.2424104
agv3,1757753247.240411,1757753247.2424104,1757753247.2424104,1757753247.2855332
agv3,1757753248.2714863,1757753248.2730346,1757753248.2735505,1757753248.3162017
agv3,1757753248.2720268,1757753248.2760732,1757753248.2760732,1757753248.317209
agv3,1757753250.272658,1757753250.2741854,1757753250.2741854,1757753250.315275
agv3,1757753251.309996,1757753251.31104,1757753251.31104,1757753251.3174965
agv3,1757753251.31545,1757753251.3174965,1757753251.3174965,1757753251.3651779
agv3,1757753252.3791344,1757753252.3801432,1757753252.3801432,1757753252.4244387
agv3,1757753252.3791344,1757753252.3831425,1757753252.3831425,1757753252.4264524
agv3,1757753253.3804803,1757753253.3820066,1757753253.3820066,1757753253.4251783
agv3,1757753254.4201252,1757753254.421133,1757753254.421133,1757753254.4648218
agv3,1757753255.4572055,1757753255.458215,1757753255.458215,1757753255.505309
agv3,1757753256.4940324,1757753256.4955456,1757753256.4955456,1757753256.5450153
agv3,1757753257.5296412,1757753257.5306497,1757753257.5306497,1757753257.5745971
agv3,1757753258.5729454,1757753258.5739548,1757753258.5739548,1757753258.5786765
agv3,1757753258.5776646,1757753258.624899,1757753258.624899,1757753258.62748
agv3,1757753259.6169717,1757753259.61969,1757753259.61969,1757753259.6642873
agv3,1757753259.6169717,1757753259.6241052,1757753259.6241052,1757753259.6658037
agv3,1757753260.619359,1757753260.620366,1757753260.620366,1757753260.6640449
agv3,1757753261.6607456,1757753261.6617537,1757753261.6617537,1757753261.7043667
agv3,1757753262.6957126,1757753262.6972454,1757753262.6972454,1757753262.7008033
agv3,1757753262.6998053,1757753262.7449892,1757753262.7449892,1757753262.7465036
agv3,1757753263.7398121,1757753263.7413425,1757753263.7413425,1757753263.7840452
agv3,1757753263.7403355,1757753263.7433443,1757753263.7433443,1757753263.785056
agv3,1757753264.7410543,1757753264.7420638,1757753264.7420638,1757753264.7843573
agv3,1757753265.7806532,1757753265.7942414,1757753265.7942414,1757753265.8344593
agv3,1757753266.8190458,1757753266.82012,1757753266.82012,1757753266.8642256
agv3,1757753267.8574934,1757753267.8590453,1757753267.8590453,1757753267.8656247
agv3,1757753267.8646145,1757753267.8656247,1757753267.8656247,1757753267.9137034
agv3,1757753268.8987815,1757753268.9001908,1757753268.9001908,1757753268.943425
agv3,1757753268.8987815,1757753268.9016912,1757753268.9016912,1757753268.9450214
agv3,1757753269.8997595,1757753269.9007676,1757753269.9007676,1757753269.9441822
agv3,1757753270.9356556,1757753270.9538217,1757753270.9538217,1757753270.9845014
agv3,1757753271.9734266,1757753271.9744952,1757753271.9744952,1757753272.024037
agv3,1757753273.0151958,1757753273.0165384,1757753273.0165384,1757753273.0640762
agv3,1757753274.0529494,1757753274.0539596,1757753274.0539596,1757753274.1040428
agv3,1757753275.0913327,1757753275.0928571,1757753275.0928571,1757753275.13329
agv3,1757753276.1333072,1757753276.1432817,1757753276.1432817,1757753276.183314
agv3,1757753277.1706429,1757753277.1716542,1757753277.1716542,1757753277.213298
agv3,1757753278.208835,1757753278.2099557,1757753278.2099557,1757753278.2148068
agv3,1757753278.2137995,1757753278.2148068,1757753278.2148068,1757753278.2635672
agv3,1757753279.2525156,1757753279.2535646,1757753279.2535646,1757753279.3032146
agv3,1757753279.2530427,1757753279.2560794,1757753279.2560794,1757753279.304257
agv3,1757753280.253839,1757753280.2548475,1757753280.2548475,1757753280.3032844
agv3,1757753281.2894354,1757753281.303329,1757753281.303329,1757753281.3331494
agv3,1757753282.290557,1757753282.2920709,1757753282.2920709,1757753282.333204
agv3,1757753283.2914293,1757753283.292436,1757753283.292436,1757753283.352859
agv3,1757753284.2922223,1757753284.2932289,1757753284.2932289,1757753284.3096895
agv3,1757753284.3075738,1757753284.3096895,1757753284.3096895,1757753284.3530376
agv3,1757753285.34385,1757753285.3448567,1757753285.3448567,1757753285.393154
agv3,1757753285.34385,1757753285.3478885,1757753285.3478885,1757753285.3941612
agv3,1757753287.3450625,1757753287.3460717,1757753287.3460717,1757753287.3931012
agv3,1757753288.3828156,1757753288.3833203,1757753288.3833203,1757753288.387875
agv3,1757753288.385842,1757753288.4329662,1757753288.4329662,1757753288.4349747
agv3,1757753289.424693,1757753289.4257028,1757753289.4257028,1757753289.4730487
agv3,1757753289.424693,1757753289.4276998,1757753289.4276998,1757753289.4735982
agv3,1757753290.4258456,1757753290.4273615,1757753290.4273615,1757753290.4730194
agv3,1757753291.4604816,1757753291.4721026,1757753291.4721026,1757753291.5016663
agv3,1757753292.4950569,1757753292.4965804,1757753292.4965804,1757753292.5429065
agv3,1757753293.5310872,1757753293.532096,1757753293.532096,1757753293.5824728
agv3,1757753294.5671048,1757753294.5686488,1757753294.5686488,1757753294.6126087
agv2,1757753294.8417037,1757753294.8432558,1757753294.8432558,1757753294.8467982
agv2,1757753294.8616614,1757753294.892853,1757753294.892853,1757753294.9418905
agv3,1757753295.6000044,1757753295.6015642,1757753295.6015642,1757753295.6418734
agv2,1757753295.893275,1757753295.8943064,1757753295.8943064,1757753295.941947
agv2,1757753295.893781,1757753295.8983169,1757753295.8983169,1757753295.943451
agv3,1757753296.6356056,1757753296.6366146,1757753296.6366146,1757753296.681828
agv3,1757753297.7030659,1757753297.7052832,1757753297.7052832,1757753297.7526042
agv2,1757753297.8947327,1757753297.897262,1757753297.897262,1757753297.94227
agv3,1757753298.7501183,1757753298.7512257,1757753298.7512257,1757753298.7919993
agv2,1757753298.9317708,1757753298.933322,1757753298.933322,1757753298.9403749
agv2,1757753298.9383626,1757753298.9820411,1757753298.9820411,1757753298.9923117
agv3,1757753299.7845654,1757753299.785573,1757753299.785573,1757753299.8321588
agv2,1757753299.969394,1757753299.9709213,1757753299.9709213,1757753300.0117865
agv2,1757753299.9699147,1757753299.9719214,1757753299.9719214,1757753300.0132918
agv3,1757753300.8186107,1757753300.8196168,1757753300.8196168,1757753300.8277812
agv3,1757753300.8257728,1757753300.8277812,1757753300.8277812,1757753300.8717148
agv2,1757753300.9705153,1757753300.9721203,1757753300.9721203,1757753301.0210648
agv3,1757753301.8571553,1757753301.8581908,1757753301.8581908,1757753301.9015949
agv3,1757753301.8576655,1757753301.859745,1757753301.859745,1757753301.903101
agv2,1757753302.003979,1757753302.0050452,1757753302.0060544,1757753302.0513935
agv3,1757753302.8584642,1757753302.859474,1757753302.859474,1757753302.9012413
agv2,1757753303.038855,1757753303.039863,1757753303.039863,1757753303.0812762
agv3,1757753303.8917875,1757753303.8928058,1757753303.8928058,1757753303.9414577
agv2,1757753304.0750122,1757753304.0772119,1757753304.0772119,1757753304.1220512
agv3,1757753304.925089,1757753304.9255972,1757753304.9255972,1757753304.9342349
agv3,1757753304.9327095,1757753304.9710016,1757753304.9710016,1757753304.9815183
agv2,1757753305.1077087,1757753305.109736,1757753305.109736,1757753305.1522117
agv3,1757753305.9690292,1757753305.9700398,1757753305.9700398,1757753306.011391
agv3,1757753305.9690292,1757753305.972253,1757753305.972253,1757753306.0129085
agv2,1757753306.1437442,1757753306.1447532,1757753306.1447532,1757753306.1917236
agv3,1757753306.9704428,1757753306.9717128,1757753306.9717128,1757753307.0214648
agv2,1757753307.1865401,1757753307.1880798,1757753307.1880798,1757753307.1931524
agv2,1757753307.1916423,1757753307.1931524,1757753307.1931524,1757753307.2412162
agv3,1757753308.0062273,1757753308.007236,1757753308.007236,1757753308.0519662
agv2,1757753308.229774,1757753308.2313063,1757753308.2313063,1757753308.2710764
agv2,1757753308.229774,1757753308.2328577,1757753308.2328577,1757753308.2725897
agv2,1757753309.2309773,1757753309.232105,1757753309.232105,1757753309.2811942
agv2,1757753310.269716,1757753310.2709918,1757753310.2709918,1757753310.2785764
agv2,1757753310.276565,1757753310.3213656,1757753310.3213656,1757753310.324464
agv2,1757753311.3131773,1757753311.3131773,1757753311.3131773,1757753311.3614013
agv2,1757753311.3131773,1757753311.3171172,1757753311.3171172,1757753311.362398
agv2,1757753312.3141983,1757753312.3152316,1757753312.3152316,1757753312.361192
agv3,1757753313.0073836,1757753313.0104697,1757753313.0104697,1757753313.051702
agv2,1757753313.3559575,1757753313.3573608,1757753313.3573608,1757753313.4016387
agv2,1757753314.3952408,1757753314.3968225,1757753314.3968225,1757753314.4406383
agv2,1757753315.4302354,1757753315.4313197,1757753315.4313197,1757753315.4803808
agv2,1757753316.4749548,1757753316.4769661,1757753316.4769661,1757753316.5210764
agv2,1757753317.5194802,1757753317.5305367,1757753317.5305367,1757753317.5610723
agv3,1757753318.0084054,1757753318.0094147,1757753318.0094147,1757753318.0508878
agv2,1757753318.555625,1757753318.5571668,1757753318.5571668,1757753318.6005182
agv3,1757753319.0090306,1757753319.0100431,1757753319.0100431,1757753319.026693
agv3,1757753319.02317,1757753319.0613031,1757753319.0613031,1757753319.0713809
agv2,1757753319.5945415,1757753319.5965483,1757753319.5965483,1757753319.6404436
agv3,1757753320.0579748,1757753320.0590017,1757753320.0590017,1757753320.0995884
agv3,1757753320.0584822,1757753320.060617,1757753320.060617,1757753320.101658
agv2,1757753320.6288204,1757753320.6303618,1757753320.6303618,1757753320.6716375
agv2,1757753321.6663547,1757753321.6688883,1757753321.6688883,1757753321.7101932
agv3,1757753322.0592148,1757753322.0612817,1757753322.0612817,1757753322.1112068
agv2,1757753322.7010884,1757753322.7020965,1757753322.7020965,1757753322.7502525
agv3,1757753323.0941343,1757753323.0955021,1757753323.0955021,1757753323.1040642
agv3,1757753323.1020536,1757753323.1040642,1757753323.1040642,1757753323.150758
agv2,1757753323.7311525,1757753323.7311525,1757753323.7311525,1757753323.7810454
agv3,1757753324.1346195,1757753324.136353,1757753324.136353,1757753324.1806715
agv3,1757753324.135185,1757753324.1390924,1757753324.1390924,1757753324.1812432
agv2,1757753324.7730975,1757753324.774108,1757753324.774108,1757753324.8208
agv3,1757753325.1360333,1757753325.1370413,1757753325.1370413,1757753325.1809824
agv2,1757753325.8076482,1757753325.8086598,1757753325.8086598,1757753325.850719
agv3,1757753326.1697264,1757753326.1708302,1757753326.1708302,1757753326.2203524
agv2,1757753326.846738,1757753326.8487833,1757753326.8487833,1757753326.8543007
agv2,1757753326.8527923,1757753326.8543007,1757753326.8543007,1757753326.9005346
agv3,1757753327.20862,1757753327.2097843,1757753327.2097843,1757753327.2148073
agv3,1757753327.2127993,1757753327.2597873,1757753327.2597873,1757753327.262794
agv2,1757753327.88887,1757753327.889918,1757753327.889918,1757753327.9399393
agv2,1757753327.8893998,1757753327.891924,1757753327.8929238,1757753327.9415
agv4,1757753327.9183092,1757753327.9399393,1757753327.9399393,1757753327.9807527
agv4,1757753327.9309108,1757753327.9415,1757753327.94251,1757753327.9807527
agv3,1757753328.2524014,1757753328.2538095,1757753328.2538095,1757753328.3003912
agv3,1757753328.2524014,1757753328.2553196,1757753328.2553196,1757753328.3003912
agv2,1757753328.8899493,1757753328.8914614,1757753328.8914614,1757753328.940191
agv4,1757753328.9351313,1757753328.9366758,1757753328.9366758,1757753328.9797862
agv3,1757753329.2539377,1757753329.2550075,1757753329.2550075,1757753329.299977
agv2,1757753329.9246125,1757753329.925121,1757753329.925121,1757753329.9699214
agv4,1757753329.9725091,1757753329.9735167,1757753329.9735167,1757753330.0202143
agv4,1757753329.9725091,1757753329.975084,1757753329.975084,1757753330.0212228
agv3,1757753330.2890465,1757753330.290481,1757753330.290481,1757753330.339575
agv2,1757753330.9631886,1757753330.965672,1757753330.965672,1757753331.0101542
agv3,1757753331.3280609,1757753331.3290672,1757753331.3313262,1757753331.3696585
agv4,1757753331.9734862,1757753331.975065,1757753331.975065,1757753332.0200727
agv2,1757753331.9976735,1757753332.0200727,1757753332.0200727,1757753332.040812
agv3,1757753332.3686554,1757753332.369664,1757753332.369664,1757753332.410901
agv4,1757753333.0066621,1757753333.007672,1757753333.007672,1757753333.0138679
agv4,1757753333.0118613,1757753333.0605214,1757753333.0605214,1757753333.0697103
agv2,1757753333.0325623,1757753333.064482,1757753333.064482,1757753333.0807364
agv2,1757753333.0330765,1757753333.0676987,1757753333.0676987,1757753333.082318
agv3,1757753333.4031286,1757753333.4036522,1757753333.4036522,1757753333.4491947
agv2,1757753334.034857,1757753334.035862,1757753334.035862,1757753334.080648
agv4,1757753334.0475833,1757753334.0496485,1757753334.0496485,1757753334.090451
agv4,1757753334.0480947,1757753334.0650377,1757753334.0650377,1757753334.0914514
agv3,1757753334.435607,1757753334.4366133,1757753334.4366133,1757753334.4801438
agv2,1757753335.0360758,1757753335.0380838,1757753335.0380838,1757753335.0796304
agv4,1757753335.0488102,1757753335.0519066,1757753335.0519066,1757753335.0995636
agv3,1757753335.4681177,1757753335.470886,1757753335.470886,1757753335.5194974
agv2,1757753336.0376773,1757753336.038695,1757753336.038695,1757753336.090258
agv4,1757753336.084185,1757753336.090258,1757753336.090258,1757753336.1305282
agv3,1757753336.5010073,1757753336.5016906,1757753336.5016906,1757753336.5068254
agv3,1757753336.5057003,1757753336.5499156,1757753336.5499156,1757753336.55863
agv2,1757753337.03853,1757753337.0409124,1757753337.0409124,1757753337.0607216
agv2,1757753337.0591972,1757753337.0897152,1757753337.0897152,1757753337.11004
agv4,1757753337.1205893,1757753337.121639,1757753337.121639,1757753337.1697211
agv3,1757753337.536253,1757753337.5372632,1757753337.5372632,1757753337.5801728
agv3,1757753337.536253,1757753337.5397809,1757753337.5397809,1757753337.5801728
agv2,1757753338.0894876,1757753338.0905733,1757753338.0905733,1757753338.1387975
agv2,1757753338.090049,1757753338.092581,1757753338.092581,1757753338.1405337
agv4,1757753338.1516142,1757753338.1526227,1757753338.1526227,1757753338.1999831
agv3,1757753338.5372984,1757753338.5388842,1757753338.5388842,1757753338.578606
agv2,1757753339.0908852,1757753339.0924153,1757753339.0924153,1757753339.139702
agv4,1757753339.1850755,1757753339.186607,1757753339.186607,1757753339.2291887
agv3,1757753339.564885,1757753339.5665052,1757753339.5665052,1757753339.609179
agv2,1757753340.1340694,1757753340.135604,1757753340.135604,1757753340.1790588
agv4,1757753340.219819,1757753340.2213366,1757753340.2213366,1757753340.2698212
agv3,1757753340.566016,1757753340.5675561,1757753340.5675561,1757753340.6097994
agv2,1757753341.1623933,1757753341.1639297,1757753341.1639297,1757753341.209284
agv4,1757753341.249335,1757753341.25039,1757753341.25039,1757753341.2992957
agv3,1757753341.5667067,1757753341.568223,1757753341.568223,1757753341.6095834
agv2,1757753342.3133051,1757753342.31381,1757753342.31381,1757753342.369868
agv4,1757753342.38602,1757753342.3885438,1757753342.3885438,1757753342.429547
agv3,1757753342.5677361,1757753342.5677361,1757753342.5677361,1757753342.5885453
agv3,1757753342.5870361,1757753342.5885453,1757753342.5885453,1757753342.6390603
agv2,1757753343.3482504,1757753343.350802,1757753343.350802,1757753343.398986
agv4,1757753343.4219527,1757753343.4234698,1757753343.4234698,1757753343.4280298
agv4,1757753343.4270167,1757753343.4280298,1757753343.4280298,1757753343.4796844
agv3,1757753343.6186118,1757753343.6206381,1757753343.6206381,1757753343.6688733
agv3,1757753343.6191313,1757753343.625676,1757753343.625676,1757753343.670392
agv2,1757753344.3967261,1757753344.3978794,1757753344.3978794,1757753344.4049199
agv2,1757753344.4039114,1757753344.4049199,1757753344.4049199,1757753344.4495103
agv4,1757753344.468182,1757753344.469245,1757753344.469245,1757753344.5187724
agv4,1757753344.4686964,1757753344.472657,1757753344.472657,1757753344.5202868
agv2,1757753345.4400854,1757753345.440591,1757753345.440591,1757753345.4886692
agv2,1757753345.440591,1757753345.4441247,1757753345.4441247,1757753345.490702
agv4,1757753345.469459,1757753345.4886692,1757753345.4886692,1757753345.5189831
agv3,1757753345.6206517,1757753345.6226788,1757753345.6226788,1757753345.6698856
agv2,1757753346.4413135,1757753346.44291,1757753346.44291,1757753346.4897022
agv4,1757753346.5075552,1757753346.5091205,1757753346.5091205,1757753346.5197697
agv4,1757753346.5172443,1757753346.5583272,1757753346.5583272,1757753346.569483
agv3,1757753346.6648915,1757753346.666411,1757753346.666411,1757753346.67712
agv3,1757753346.6756017,1757753346.7193837,1757753346.7193837,1757753346.7294884
agv2,1757753347.478387,1757753347.4804327,1757753347.4804327,1757753347.5295098
agv4,1757753347.5680256,1757753347.570244,1757753347.570244,1757753347.6196399
agv4,1757753347.5707562,1757753347.577358,1757753347.577358,1757753347.6201775
agv3,1757753347.7363315,1757753347.7378514,1757753347.7378514,1757753347.7439094
agv3,1757753347.7428982,1757753347.7439094,1757753347.7439094,1757753347.7888975
agv4,1757753348.5720122,1757753348.5740275,1757753348.5740275,1757753348.6190226
agv2,1757753348.6375215,1757753348.6391382,1757753348.6391382,1757753348.6895156
agv3,1757753348.7439268,1757753348.745453,1757753348.745453,1757753348.7892077
agv4,1757753349.6162527,1757753349.6193156,1757753349.6193156,1757753349.6693275
agv2,1757753349.6863496,1757753349.6883595,1757753349.6883595,1757753349.6979666
agv2,1757753349.6959138,1757753349.739224,1757753349.739224,1757753349.7656214
agv3,1757753349.7891126,1757753349.7906482,1757753349.7906482,1757753349.8390262
agv4,1757753350.655705,1757753350.656258,1757753350.656258,1757753350.6987796
agv2,1757753350.7276905,1757753350.7282455,1757753350.7282455,1757753350.7791042
agv2,1757753350.7282455,1757753350.7312846,1757753350.7312846,1757753350.779653
agv3,1757753350.820993,1757753350.8225856,1757753350.8225856,1757753350.8692946
agv4,1757753351.6901274,1757753351.6916678,1757753351.6916678,1757753351.7376564
agv2,1757753351.7290773,1757753351.7305934,1757753351.7305934,1757753351.7789342
agv3,1757753351.8553057,1757753351.8558125,1757753351.8558125,1757753351.8991826
agv4,1757753352.7240503,1757753352.725578,1757753352.725578,1757753352.768793
agv2,1757753352.7612572,1757753352.7622702,1757753352.7622702,1757753352.80889
agv3,1757753352.8884864,1757753352.8900366,1757753352.8900366,1757753352.938936
agv4,1757753353.7587843,1757753353.7597923,1757753353.7597923,1757753353.8086572
agv2,1757753353.7932665,1757753353.8086572,1757753353.8086572,1757753353.8391328
agv3,1757753353.9222295,1757753353.9248633,1757753353.9248633,1757753353.9339855
agv3,1757753353.932405,1757753353.9783208,1757753353.9783208,1757753353.9824402
agv4,1757753354.8186605,1757753354.819673,1757753354.819673,1757753354.8691437
agv3,1757753354.8737342,1757753354.9189994,1757753354.9189994,1757753354.9686036
agv4,1757753355.9070594,1757753355.9080722,1757753355.9080722,1757753355.9590127
agv4,1757753357.933926,1757753357.9354346,1757753357.9354346,1757753357.9789057
agv2,1757753358.7944498,1757753358.7954643,1757753358.7954643,1757753358.7991855
agv4,1757753358.9782329,1757753358.9797504,1757753358.980751,1757753359.0281177
agv4,1757753360.0145228,1757753360.0160422,1757753360.0160422,1757753360.068377
agv4,1757753360.0185864,1757753360.0223684,1757753360.0223684,1757753360.068377
agv4,1757753361.0580668,1757753361.0590794,1757753361.0590794,1757753361.1077929
agv4,1757753361.0580668,1757753361.063626,1757753361.063626,1757753361.1098037
agv3,1757753361.8829567,1757753361.8854651,1757753361.8854651,1757753361.9383116
agv4,1757753362.0591185,1757753362.0614467,1757753362.0614467,1757753362.108753
agv3,1757753362.9239159,1757753362.9254608,1757753362.9254608,1757753362.9679747
agv3,1757753362.9244242,1757753362.928977,1757753362.928977,1757753362.9698222
agv4,1757753363.0943744,1757753363.0953913,1757753363.0953913,1757753363.1034093
agv4,1757753363.1014104,1757753363.1034093,1757753363.1034093,1757753363.1480374
agv2,1757753363.7957077,1757753363.7972355,1757753363.7972355,1757753363.8482916
agv3,1757753363.925857,1757753363.9481802,1757753363.9481802,1757753363.9680843
agv4,1757753364.1327913,1757753364.133804,1757753364.133804,1757753364.1783497
agv4,1757753364.1327913,1757753364.137621,1757753364.137621,1757753364.1793487
agv2,1757753364.7964978,1757753364.7975059,1757753364.7975059,1757753364.8120368
agv2,1757753364.8103757,1757753364.8120368,1757753364.8120368,1757753364.8572934
agv3,1757753364.9578495,1757753364.9596179,1757753364.9596179,1757753365.0076613
agv4,1757753365.1339853,1757753365.1355057,1757753365.1355057,1757753365.1777692
agv2,1757753365.8492794,1757753365.8508086,1757753365.8508086,1757753365.8976302
agv2,1757753365.8497849,1757753365.8543308,1757753365.8543308,1757753365.8986337
agv3,1757753365.9975748,1757753365.9990938,1757753365.9990938,1757753366.0476153
agv4,1757753366.173059,1757753366.1740675,1757753366.1740675,1757753366.2187388
agv2,1757753366.8506696,1757753366.8516817,1757753366.8521922,1757753366.8977666
agv3,1757753367.0433187,1757753367.0448465,1757753367.0448465,1757753367.0873678
agv4,1757753367.217561,1757753367.218069,1757753367.218069,1757753367.225646
agv4,1757753367.2236297,1757753367.225646,1757753367.225646,1757753367.2783613
agv2,1757753367.8824823,1757753367.8835304,1757753367.8835304,1757753367.9277768
agv3,1757753368.060732,1757753368.0627406,1757753368.0627406,1757753368.108006
agv4,1757753368.253773,1757753368.25625,1757753368.25625,1757753368.2979672
agv4,1757753368.253773,1757753368.2599099,1757753368.2599099,1757753368.2984738
agv2,1757753368.912299,1757753368.9128127,1757753368.9128127,1757753368.9573193
agv2,1757753368.9128127,1757753368.915856,1757753368.915856,1757753368.9583213
agv3,1757753369.0930874,1757753369.0942588,1757753369.0942588,1757753369.1375704
agv3,1757753369.0942588,1757753369.097781,1757753369.097781,1757753369.1390793
agv4,1757753369.2552137,1757753369.255717,1757753369.255717,1757753369.2973225
agv2,1757753369.9135172,1757753369.9161444,1757753369.9161444,1757753369.9575832
agv3,1757753370.0967553,1757753370.098573,1757753370.098573,1757753370.1477177
agv4,1757753370.2884035,1757753370.2899225,1757753370.2899225,1757753370.3055475
agv4,1757753370.303542,1757753370.3376596,1757753370.3376596,1757753370.3477683
agv3,1757753370.3546033,1757753370.3875632,1757753370.3875632,1757753370.4377954
agv2,1757753370.9148529,1757753370.9163961,1757753370.9163961,1757753370.9583795
agv2,1757753371.9156191,1757753371.9176273,1757753371.9176273,1757753371.967611
agv4,1757753372.3233426,1757753372.3248515,1757753372.3248515,1757753372.3678002
agv4,1757753372.3233426,1757753372.3268707,1757753372.3268707,1757753372.3678002
agv2,1757753372.9166512,1757753372.9176605,1757753372.9176605,1757753372.933854
agv2,1757753372.9328358,1757753372.933854,1757753372.933854,1757753372.9873366
agv4,1757753373.328193,1757753373.3297691,1757753373.3297691,1757753373.3769996
agv2,1757753373.967183,1757753373.9687724,1757753373.9687724,1757753374.018109
agv2,1757753373.967728,1757753373.970294,1757753373.970294,1757753374.018618
agv4,1757753374.3616328,1757753374.3631854,1757753374.3631854,1757753374.4077842
agv4,1757753374.3616328,1757753374.3657048,1757753374.3657048,1757753374.4092937
agv4,1757753375.3645854,1757753375.3665392,1757753375.3665392,1757753375.4073472
agv2,1757753375.96879,1757753375.9703112,1757753375.9703112,1757753376.0175474
agv4,1757753376.549469,1757753376.551002,1757753376.551002,1757753376.562182
agv4,1757753376.559651,1757753376.562182,1757753376.562182,1757753376.6078112
agv2,1757753377.0231714,1757753377.024185,1757753377.024185,1757753377.0572278
agv2,1757753377.055671,1757753377.0775716,1757753377.0775716,1757753377.1076057
agv3,1757753377.3621001,1757753377.3646352,1757753377.3646352,1757753377.4074564
agv4,1757753377.5879393,1757753377.5905464,1757753377.5905464,1757753377.6371324
agv4,1757753377.5884824,1757753377.5926104,1757753377.5926104,1757753377.6390564
agv2,1757753378.0952425,1757753378.0983927,1757753378.0983927,1757753378.1469147
agv2,1757753378.0963445,1757753378.102475,1757753378.102475,1757753378.1484702
agv3,1757753378.3945467,1757753378.3965704,1757753378.3965704,1757753378.4368868
agv4,1757753378.589472,1757753378.5915253,1757753378.5915253,1757753378.637755
agv2,1757753379.1003675,1757753379.102395,1757753379.102923,1757753379.1476588
agv3,1757753379.422,1757753379.4235237,1757753379.4235237,1757753379.466721
agv4,1757753379.6706445,1757753379.6726553,1757753379.6726553,1757753379.7071803
agv4,1757753379.7051392,1757753379.7163846,1757753379.7163846,1757753379.7572498
agv2,1757753380.1646523,1757753380.1657238,1757753380.1657238,1757753380.2071507
agv2,1757753380.227312,1757753380.2671278,1757753380.2671278,1757753380.3169956
agv3,1757753380.227312,1757753380.2785115,1757753380.2785115,1757753380.3275533
agv4,1757753380.7568047,1757753380.7588315,1757753380.7588315,1757753380.766668
agv4,1757753380.7646422,1757753380.8071086,1757753380.8071086,1757753380.8167498
agv3,1757753381.2352297,1757753381.237289,1757753381.237289,1757753381.286957
agv3,1757753382.2655091,1757753382.2673771,1757753382.2673771,1757753382.3173676
agv4,1757753382.7724707,1757753382.7739959,1757753382.7739959,1757753382.8166957
agv3,1757753383.2982516,1757753383.30005,1757753383.30005,1757753383.3567889
agv4,1757753384.1304095,1757753384.1324613,1757753384.1324613,1757753384.143717
agv4,1757753384.1426973,1757753384.17735,1757753384.17735,1757753384.1968184
agv3,1757753384.328564,1757753384.3304899,1757753384.3304899,1757753384.376969
agv4,1757753385.1745484,1757753385.1762125,1757753385.1762125,1757753385.2166805
agv4,1757753385.1745484,1757753385.177221,1757753385.177221,1757753385.218201
agv4,1757753386.175654,1757753386.1768675,1757753386.1768675,1757753386.2263486
agv4,1757753387.2131763,1757753387.214695,1757753387.214695,1757753387.2564304
agv2,1757753387.234026,1757753387.266559,1757753387.266559,1757753387.2761893
agv4,1757753388.2519724,1757753388.2539835,1757753388.2539835,1757753388.2959325
agv2,1757753388.2623794,1757753388.3065157,1757753388.3065157,1757753388.309562
agv2,1757753389.294902,1757753389.2997103,1757753389.2997103,1757753389.3066201
agv4,1757753389.2937582,1757753389.295787,1757753389.295787,1757753389.336752
agv2,1757753389.3044398,1757753389.3071442,1757753389.3071442,1757753389.3566668
agv3,1757753389.3344483,1757753389.3361874,1757753389.3361874,1757753389.3766236
agv4,1757753390.3334646,1757753390.3356626,1757753390.3356626,1757753390.3439136
agv4,1757753390.341542,1757753390.3867528,1757753390.3867528,1757753390.3924458
agv2,1757753390.3439136,1757753390.388643,1757753390.388643,1757753390.393108
agv2,1757753390.344559,1757753390.3911197,1757753390.3911197,1757753390.3948414
agv2,1757753391.3453104,1757753391.3471973,1757753391.3471973,1757753391.3968377
agv4,1757753391.3768182,1757753391.3968377,1757753391.3968377,1757753391.4266815
agv4,1757753391.3779373,1757753391.3989494,1757753391.3989494,1757753391.4277496
agv4,1757753392.3794317,1757753392.3805218,1757753392.3805218,1757753392.4260578
agv2,1757753392.4012427,1757753392.4032562,1757753392.4032562,1757753392.4467466
agv4,1757753393.429594,1757753393.4316554,1757753393.4316554,1757753393.4764855
agv2,1757753393.452906,1757753393.4764855,1757753393.4764855,1757753393.506927
agv2,1757753393.4629474,1757753393.4794962,1757753393.4794962,1757753393.5079288
agv3,1757753394.3368006,1757753394.3383143,1757753394.3383143,1757753394.3853028
agv4,1757753394.4863734,1757753394.4883955,1757753394.4883955,1757753394.536331
agv2,1757753394.4960437,1757753394.4975927,1757753394.4975927,1757753394.546186
agv2,1757753394.4975927,1757753394.5011566,1757753394.5011566,1757753394.5479743
agv3,1757753395.3385472,1757753395.3406038,1757753395.3406038,1757753395.3908823
agv3,1757753395.3990405,1757753395.4470172,1757753395.4470172,1757753395.4967287
agv2,1757753395.4993021,1757753395.5008686,1757753395.5008686,1757753395.5456326
agv4,1757753395.5537922,1757753395.555393,1757753395.555393,1757753395.5600502
agv4,1757753395.559521,1757753395.5600502,1757753395.5600502,1757753395.6065161
agv4,1757753396.5614843,1757753396.5640745,1757753396.5640745,1757753396.606701
agv2,1757753396.5746863,1757753396.6157756,1757753396.6157756,1757753396.6263325
agv2,1757753397.639185,1757753397.6417456,1757753397.6417456,1757753397.6862137
agv3,1757753398.4075975,1757753398.4096081,1757753398.4096081,1757753398.4561098
agv2,1757753398.6876256,1757753398.6891448,1757753398.6891448,1757753398.6998248
agv2,1757753398.6973014,1757753398.7360237,1757753398.7360237,1757753398.755685
agv3,1757753399.4406564,1757753399.4421773,1757753399.4421773,1757753399.4854815
agv3,1757753399.4411643,1757753399.4459944,1757753399.4459944,1757753399.4864917
agv2,1757753399.7277014,1757753399.7292688,1757753399.7292688,1757753399.7327921
agv2,1757753399.7317939,1757753399.733795,1757753399.733795,1757753399.7862754
agv2,1757753400.7335181,1757753400.7361314,1757753400.7361314,1757753400.7859128
agv3,1757753401.4423976,1757753401.4439662,1757753401.4439662,1757753401.4855847
agv4,1757753401.5654747,1757753401.5679998,1757753401.5679998,1757753401.616029
agv2,1757753401.8270593,1757753401.828581,1757753401.828581,1757753401.8862872
agv3,1757753402.5023522,1757753402.5043616,1757753402.5043616,1757753402.5458758
agv2,1757753402.882752,1757753402.884309,1757753402.884853,1757753402.9260178
agv3,1757753403.563176,1757753403.5647023,1757753403.5647023,1757753403.605866
agv2,1757753403.9473822,1757753403.9499128,1757753403.9499128,1757753403.9595854
agv2,1757753403.9570568,1757753403.9595854,1757753403.9595854,1757753404.0055451
agv3,1757753404.6622567,1757753404.6643074,1757753404.6643074,1757753404.6855652
agv3,1757753404.6825228,1757753404.7154043,1757753404.7154043,1757753404.735696
agv2,1757753404.9923022,1757753404.9938238,1757753404.9938238,1757753405.0249925
agv2,1757753405.0228744,1757753405.0456684,1757753405.0456684,1757753405.0761137
agv3,1757753405.7155936,1757753405.7171967,1757753405.7171967,1757753405.7653997
agv3,1757753405.7171967,1757753405.721883,1757753405.721883,1757753405.7664268
agv2,1757753406.0353675,1757753406.0378885,1757753406.0378885,1757753406.0855658
agv4,1757753406.5676534,1757753406.5701814,1757753406.5701814,1757753406.6156201
agv3,1757753406.7183108,1757753406.720416,1757753406.720416,1757753406.7652557
agv2,1757753407.078632,1757753407.0806794,1757753407.0806794,1757753407.1259594
agv4,1757753407.5756347,1757753407.577157,1757753407.577157,1757753407.625455
agv4,1757753407.6996531,1757753407.7026803,1757753407.7026803,1757753407.7458386
agv3,1757753407.7676957,1757753407.769697,1757753407.769697,1757753407.8155184
agv2,1757753408.092129,1757753408.0941355,1757753408.0941355,1757753408.1358604
agv4,1757753408.7448015,1757753408.7468777,1757753408.7468777,1757753408.7728124
agv4,1757753408.7712436,1757753408.7738066,1757753408.7738066,1757753408.825804
agv3,1757753408.8331792,1757753408.835037,1757753408.835037,1757753408.8757799
agv2,1757753409.0997427,1757753409.1022656,1757753409.1022656,1757753409.1457992
agv4,1757753409.7725568,1757753409.7735708,1757753409.7745678,1757753409.8255577
agv3,1757753409.8955858,1757753409.896615,1757753409.896615,1757753409.9072351
agv3,1757753409.9057152,1757753409.9072351,1757753409.9072351,1757753409.9555893
agv2,1757753410.1289546,1757753410.1309645,1757753410.1309645,1757753410.1565714
agv2,1757753410.1545475,1757753410.185286,1757753410.185286,1757753410.205643
agv4,1757753410.837132,1757753410.8392208,1757753410.8392208,1757753410.8852599
agv3,1757753410.941819,1757753410.9433644,1757753410.9433644,1757753410.9841237
agv3,1757753410.9423566,1757753410.9464421,1757753410.9464421,1757753410.9861925
agv2,1757753411.1885004,1757753411.1890595,1757753411.1890595,1757753411.1941788
agv2,1757753411.191656,1757753411.1941788,1757753411.1941788,1757753411.2454123
agv4,1757753411.8989506,1757753411.9010048,1757753411.9010048,1757753411.9453342
agv3,1757753411.9433038,1757753411.9453342,1757753411.9453342,1757753411.9856517
agv4,1757753413.0055838,1757753413.0075927,1757753413.0075927,1757753413.0553572
agv3,1757753413.0594869,1757753413.0610254,1757753413.0610254,1757753413.1041584
agv2,1757753413.193231,1757753413.19479,1757753413.19479,1757753413.235358
agv4,1757753414.057095,1757753414.0586395,1757753414.0586395,1757753414.0662458
agv4,1757753414.0647287,1757753414.0662458,1757753414.0662458,1757753414.1140177
agv3,1757753414.108816,1757753414.1103303,1757753414.1103303,1757753414.1550758
agv2,1757753414.1196833,1757753414.1652496,1757753414.1652496,1757753414.2156048
agv3,1757753414.2135944,1757753414.2567966,1757753414.2573032,1757753414.305252
agv4,1757753415.0941453,1757753415.0956717,1757753415.0956717,1757753415.1438315
agv4,1757753415.0941453,1757753415.0992827,1757753415.0992827,1757753415.1463792
agv3,1757753415.2222626,1757753415.2237806,1757753415.2237806,1757753415.2652545
agv4,1757753416.0952568,1757753416.0963721,1757753416.0963721,1757753416.1439304
agv3,1757753416.2541988,1757753416.2552137,1757753416.2552137,1757753416.3049986
agv4,1757753417.145778,1757753417.1472895,1757753417.1472895,1757753417.1950436
agv3,1757753417.2826698,1757753417.283681,1757753417.283681,1757753417.3240166
agv4,1757753418.1808727,1757753418.1823978,1757753418.1823978,1757753418.224821
agv3,1757753418.312017,1757753418.313535,1757753418.313535,1757753418.3543026
agv4,1757753419.2153673,1757753419.216394,1757753419.216394,1757753419.2229483
agv4,1757753419.2204196,1757753419.264261,1757753419.264261,1757753419.274594
agv3,1757753419.3462317,1757753419.3477414,1757753419.3477414,1757753419.3948116
agv4,1757753420.258219,1757753420.2597451,1757753420.2597451,1757753420.305253
agv4,1757753420.258219,1757753420.2612734,1757753420.2612734,1757753420.3057644
agv3,1757753420.3850305,1757753420.3865557,1757753420.3865557,1757753420.4337823
agv2,1757753421.1235316,1757753421.125622,1757753421.125622,1757753421.1291568
agv4,1757753421.2592556,1757753421.2602887,1757753421.2602887,1757753421.3047004
agv3,1757753421.421115,1757753421.422126,1757753421.422126,1757753421.4277842
agv3,1757753421.4262733,1757753421.4743264,1757753421.4743264,1757753421.4768505
agv2,1757753422.152145,1757753422.1538887,1757753422.1538887,1757753422.1945472
agv4,1757753422.2882283,1757753422.289823,1757753422.289823,1757753422.2952352
agv4,1757753422.2935352,1757753422.2952352,1757753422.2952352,1757753422.3443491
agv3,1757753422.4567337,1757753422.4582467,1757753422.4582467,1757753422.5043056
agv3,1757753422.4567337,1757753422.4602568,1757753422.4602568,1757753422.5053186
agv2,1757753423.191037,1757753423.1921425,1757753423.192703,1757753423.204598
agv2,1757753423.2029521,1757753423.204598,1757753423.204598,1757753423.2541332
agv4,1757753423.3269684,1757753423.3284886,1757753423.3284886,1757753423.3739824
agv4,1757753423.3269684,1757753423.3294952,1757753423.3294952,1757753423.3739824
agv3,1757753423.458177,1757753423.4598207,1757753423.4598207,1757753423.5032365
agv4,1757753424.3282151,1757753424.3292704,1757753424.3292704,1757753424.3746011
agv3,1757753424.501619,1757753424.5031598,1757753424.5031598,1757753424.5443215
agv4,1757753425.3671522,1757753425.3686182,1757753425.3686182,1757753425.413699
agv4,1757753426.4103208,1757753426.4118314,1757753426.4118314,1757753426.415374
agv4,1757753426.414364,1757753426.415374,1757753426.415374,1757753426.4639099
agv2,1757753427.2069018,1757753427.2094116,1757753427.2094116,1757753427.253693
agv4,1757753427.455648,1757753427.4566672,1757753427.4566672,1757753427.50379
agv4,1757753427.455648,1757753427.4586217,1757753427.4586217,1757753427.5054116
agv2,1757753428.25307,1757753428.2541027,1757753428.2541027,1757753428.3043046
agv2,1757753428.25307,1757753428.2551115,1757753428.2551115,1757753428.3053162
agv4,1757753428.4573,1757753428.458839,1757753428.458839,1757753428.5042279
agv2,1757753429.2544737,1757753429.2560003,1757753429.2560003,1757753429.3030853
agv4,1757753429.5005343,1757753429.5016766,1757753429.5016766,1757753429.5441368
agv3,1757753429.502667,1757753429.5047107,1757753429.5047107,1757753429.5531766
agv2,1757753430.2913265,1757753430.295427,1757753430.2964609,1757753430.3436813
agv4,1757753430.5019865,1757753430.5035152,1757753430.5035152,1757753430.5440187
agv2,1757753431.3344867,1757753431.3360782,1757753431.3360782,1757753431.384023
agv4,1757753431.5024557,1757753431.5029786,1757753431.5029786,1757753431.5542464
agv2,1757753432.3764815,1757753432.3780584,1757753432.3780584,1757753432.4232519
agv4,1757753432.5034678,1757753432.505477,1757753432.505477,1757753432.5171418
agv4,1757753432.5150747,1757753432.5541072,1757753432.5541072,1757753432.5641835
agv2,1757753433.426389,1757753433.4278712,1757753433.4278712,1757753433.4738042
agv4,1757753433.5509603,1757753433.552498,1757753433.552498,1757753433.5929432
agv4,1757753433.5514894,1757753433.5555236,1757753433.5555236,1757753433.59395
agv2,1757753434.4668853,1757753434.4682946,1757753434.4682946,1757753434.513299
agv3,1757753434.5036476,1757753434.5047755,1757753434.5047755,1757753434.5525835
agv3,1757753435.5045667,1757753435.505072,1757753435.505072,1757753435.5227454
agv2,1757753435.505072,1757753435.5076506,1757753435.5076506,1757753435.5531468
agv2,1757753435.51065,1757753435.5121655,1757753435.513179,1757753435.5536525
agv3,1757753435.5216997,1757753435.5227454,1757753435.5227454,1757753435.5730844
agv4,1757753435.5521114,1757753435.5531468,1757753435.5531468,1757753435.593613
agv2,1757753436.5483656,1757753436.5493739,1757753436.5493739,1757753436.592943
agv2,1757753436.5483656,1757753436.552418,1757753436.552418,1757753436.5939405
agv3,1757753436.558566,1757753436.613285,1757753436.613285,1757753436.6183321
agv3,1757753436.558566,1757753436.6153212,1757753436.6153212,1757753436.6194227
agv4,1757753436.5876656,1757753436.6173296,1757753436.6173296,1757753436.6427982
agv4,1757753436.5939405,1757753436.6194227,1757753436.6194227,1757753436.6447928
agv2,1757753437.549729,1757753437.550798,1757753437.550798,1757753437.593395
agv4,1757753437.62764,1757753437.6291564,1757753437.6291564,1757753437.6734972
agv4,1757753437.62764,1757753437.6316829,1757753437.6316829,1757753437.67401
agv3,1757753438.5595648,1757753438.56008,1757753438.56008,1757753438.6027417
agv2,1757753438.5839593,1757753438.5849948,1757753438.5849948,1757753438.6326146
agv4,1757753438.62896,1757753438.6301012,1757753438.6301012,1757753438.6733153
agv3,1757753439.5978544,1757753439.5978544,1757753439.5978544,1757753439.6046495
agv3,1757753439.60264,1757753439.6046495,1757753439.6046495,1757753439.653326
agv2,1757753439.6216152,1757753439.6226218,1757753439.6226218,1757753439.663116
agv4,1757753439.6647177,1757753439.6658099,1757753439.6658099,1757753439.713557
agv3,1757753440.6341712,1757753440.634677,1757753440.634677,1757753440.6831796
agv3,1757753440.634677,1757753440.6371918,1757753440.6371918,1757753440.6841788
agv4,1757753440.6947927,1757753440.6947927,1757753440.6947927,1757753440.7019243
agv2,1757753440.653412,1757753440.6831796,1757753440.6831796,1757753440.7029262
agv4,1757753440.6994028,1757753440.7019243,1757753440.7019243,1757753440.7530398
agv3,1757753441.6351314,1757753441.6366696,1757753441.6366696,1757753441.683416
agv2,1757753441.685435,1757753441.6869671,1757753441.6869671,1757753441.7326548
agv4,1757753441.7342517,1757753441.7352602,1757753441.7352602,1757753441.782489
agv4,1757753441.7342517,1757753441.737293,1757753441.737293,1757753441.7834973
agv3,1757753442.6683998,1757753442.6699195,1757753442.6699195,1757753442.7125268
agv2,1757753442.7191772,1757753442.7201855,1757753442.7201855,1757753442.7725332
agv4,1757753442.7352345,1757753442.7362614,1757753442.7362614,1757753442.782872
agv3,1757753443.7032304,1757753443.7047448,1757753443.7047448,1757753443.7531393
agv2,1757753443.7551384,1757753443.7556458,1757753443.7556458,1757753443.7621958
agv4,1757753443.7657146,1757753443.7667236,1757753443.7667236,1757753443.7738204
agv2,1757753443.7606845,1757753443.7621958,1757753443.7621958,1757753443.8129
agv4,1757753443.7722764,1757753443.7738204,1757753443.7738204,1757753443.8230894
agv3,1757753444.7530136,1757753444.754224,1757753444.754224,1757753444.8028243
agv4,1757753444.8028243,1757753444.8073523,1757753444.8073523,1757753444.8524768
agv2,1757753444.7926633,1757753444.8045874,1757753444.8045874,1757753444.8539116
agv4,1757753444.8028243,1757753444.807895,1757753444.807895,1757753444.8539116
agv3,1757753445.790766,1757753445.7922883,1757753445.7922883,1757753445.833063
agv2,1757753445.7938874,1757753445.794898,1757753445.794898,1757753445.8428981
agv4,1757753445.8041747,1757753445.8428981,1757753445.8428981,1757753445.852727
agv3,1757753446.8255515,1757753446.8291187,1757753446.8291187,1757753446.8729794
agv2,1757753446.8255515,1757753446.8304973,1757753446.8314908,1757753446.87403
agv4,1757753446.836034,1757753446.8826718,1757753446.8826718,1757753446.8861997
agv2,1757753447.8270493,1757753447.8280578,1757753447.8280578,1757753447.8721805
agv3,1757753447.863843,1757753447.8721805,1757753447.8721805,1757753447.9128246
agv4,1757753447.8742054,1757753447.8752623,1757753447.8752623,1757753447.9228644
agv2,1757753448.828112,1757753448.8296328,1757753448.8296328,1757753448.8728056
agv3,1757753448.904627,1757753448.9061515,1757753448.9061515,1757753448.911183
agv4,1757753448.9152095,1757753448.9152095,1757753448.9152095,1757753448.9270954
agv3,1757753448.91017,1757753448.911183,1757753448.911183,1757753448.9627166
agv4,1757753448.926094,1757753448.9270954,1757753448.9270954,1757753448.9725473
agv2,1757753449.8287332,1757753449.8302455,1757753449.8302455,1757753449.8728771
agv3,1757753449.9436748,1757753449.9453404,1757753449.9453404,1757753449.9920285
agv3,1757753449.9436748,1757753449.9478593,1757753449.9488602,1757753449.993025
agv4,1757753449.9610977,1757753449.9920285,1757753449.9920285,1757753450.0127697
agv4,1757753449.9610977,1757753449.994532,1757753449.994532,1757753450.013792
agv2,1757753450.8297863,1757753450.8302913,1757753450.8302913,1757753450.8659914
agv2,1757753450.8649907,1757753450.8843882,1757753450.8843882,1757753450.9133852
agv3,1757753450.9450097,1757753450.9497616,1757753450.9497616,1757753450.991885
agv4,1757753450.962175,1757753451.002859,1757753451.002859,1757753451.0122879
agv2,1757753451.9000866,1757753451.901092,1757753451.901092,1757753451.9423714
agv2,1757753451.9000866,1757753451.9032452,1757753451.9032452,1757753451.9434144
agv3,1757753451.9765244,1757753451.9776974,1757753451.9776974,1757753452.0218015
agv4,1757753451.9940135,1757753451.9955537,1757753451.9955537,1757753452.0426269
agv2,1757753452.9016292,1757753452.9031475,1757753452.9031475,1757753452.952665
agv3,1757753453.015619,1757753453.0171714,1757753453.0171714,1757753453.0626552
agv4,1757753453.0298598,1757753453.031872,1757753453.031872,1757753453.0726247
agv2,1757753453.937705,1757753453.9424186,1757753453.9424186,1757753453.9821663
agv3,1757753454.0518992,1757753454.0529273,1757753454.0529273,1757753454.061036
agv3,1757753454.059493,1757753454.061036,1757753454.061036,1757753454.1116393
agv4,1757753454.0702126,1757753454.0707405,1757753454.0717463,1757753454.1116393
agv4,1757753454.0707405,1757753454.0748367,1757753454.0748367,1757753454.1131566
agv2,1757753454.9770381,1757753454.9785676,1757753454.9785676,1757753455.0228949
agv4,1757753455.0714395,1757753455.072527,1757753455.072527,1757753455.1215591
agv3,1757753455.100545,1757753455.102176,1757753455.102176,1757753455.1512287
agv3,1757753455.1011057,1757753455.105192,1757753455.105192,1757753455.1527598
agv2,1757753456.0215113,1757753456.0235548,1757753456.0235548,1757753456.0727422
agv4,1757753456.0722113,1757753456.073755,1757753456.073755,1757753456.1222305
agv3,1757753456.1020195,1757753456.1030283,1757753456.1030283,1757753456.1517696
agv4,1757753457.0730295,1757753457.076629,1757753457.077636,1757753457.1220584

agv3,1757753457.1454282,1757753457.146946,1757753457.146946,1757753457.1923375
agv2,1757753457.1758652,1757753457.223414,1757753457.223414,1757753457.2719266
agv4,1757753458.0741844,1757753458.0741844,1757753458.0741844,1757753458.0843947
agv4,1757753458.0886707,1757753458.131666,1757753458.131666,1757753458.1822312
agv4,1757753458.0901794,1757753458.1341808,1757753458.1341808,1757753458.1832438
agv3,1757753458.1857927,1757753458.1868773,1757753458.1868773,1757753458.1919334
agv3,1757753458.1898851,1757753458.1919334,1757753458.1919334,1757753458.242102
agv4,1757753459.0942006,1757753459.0964735,1757753459.0964735,1757753459.1414351
agv3,1757753459.2299893,1757753459.2310143,1757753459.2310143,1757753459.2721293
agv3,1757753459.2304976,1757753459.232048,1757753459.232048,1757753459.2721293
agv4,1757753460.1417851,1757753460.1438663,1757753460.1438663,1757753460.1921873
agv4,1757753460.1423233,1757753460.1458678,1757753460.1458678,1757753460.1921873
agv3,1757753460.2310514,1757753460.2323906,1757753460.2323906,1757753460.2812357
agv4,1757753461.1433926,1757753461.1443996,1757753461.1443996,1757753461.1915905
agv3,1757753461.2662373,1757753461.2673962,1757753461.2673962,1757753461.311506
agv4,1757753462.1747506,1757753462.1759064,1757753462.1759064,1757753462.2214866
agv3,1757753462.2987273,1757753462.3002365,1757753462.3002365,1757753462.3418827
agv4,1757753463.2138677,1757753463.215023,1757753463.215023,1757753463.2616622
agv3,1757753463.338177,1757753463.3397522,1757753463.3397522,1757753463.3811686
agv2,1757753464.1960986,1757753464.1973758,1757753464.1973758,1757753464.2513683
agv4,1757753464.2513683,1757753464.2528872,1757753464.2528872,1757753464.2586086
agv4,1757753464.2575936,1757753464.2586086,1757753464.2586086,1757753464.3026302
agv3,1757753464.375872,1757753464.3768804,1757753464.3768804,1757753464.4211094
agv2,1757753465.2322955,1757753465.233378,1757753465.233378,1757753465.281688
agv2,1757753465.2322955,1757753465.2358923,1757753465.2358923,1757753465.281688
agv4,1757753465.2936084,1757753465.2946153,1757753465.2946153,1757753465.340796
agv4,1757753465.2936084,1757753465.2975895,1757753465.2975895,1757753465.3423364
agv3,1757753465.409963,1757753465.4113786,1757753465.4113786,1757753465.4515343
agv2,1757753466.2338974,1757753466.2352464,1757753466.2352464,1757753466.281232
agv4,1757753466.294662,1757753466.296195,1757753466.296195,1757753466.3416362
agv3,1757753466.4426143,1757753466.4441404,1757753466.4441404,1757753466.4910889
agv2,1757753467.269328,1757753467.2703373,1757753467.2703373,1757753467.2780979
agv2,1757753467.2765846,1757753467.2780979,1757753467.2780979,1757753467.3209035
agv4,1757753467.329961,1757753467.3311183,1757753467.3311183,1757753467.3816776
agv3,1757753467.4802582,1757753467.4816444,1757753467.4816444,1757753467.485794
agv3,1757753467.484201,1757753467.485794,1757753467.485794,1757753467.5317276
agv2,1757753468.3163545,1757753468.3175035,1757753468.3175035,1757753468.3616364
agv2,1757753468.3169227,1757753468.319846,1757753468.319846,1757753468.3616364
agv4,1757753468.371104,1757753468.3726296,1757753468.3726296,1757753468.431653
agv3,1757753468.5280924,1757753468.5291026,1757753468.5291026,1757753468.5711384
agv3,1757753468.5280924,1757753468.531622,1757753468.531622,1757753468.572307
agv2,1757753469.3175197,1757753469.3185315,1757753469.3185315,1757753469.3614092
agv4,1757753469.413897,1757753469.4144096,1757753469.4144096,1757753469.4189644
agv4,1757753469.416928,1757753469.4612465,1757753469.4612465,1757753469.4643054
agv3,1757753469.5293007,1757753469.5308204,1757753469.5308204,1757753469.571328
agv2,1757753470.3602076,1757753470.3612876,1757753470.3612876,1757753470.4115767
agv4,1757753470.4569373,1757753470.45746,1757753470.45746,1757753470.5107794
agv4,1757753470.4569373,1757753470.460892,1757753470.460892,1757753470.5123546
agv3,1757753470.567958,1757753470.5716429,1757753470.5716429,1757753470.6122947
agv2,1757753471.3985112,1757753471.39952,1757753471.39952,1757753471.4416645
agv4,1757753471.4577303,1757753471.4592478,1757753471.4592478,1757753471.500742
agv2,1757753472.4428055,1757753472.4438484,1757753472.4438484,1757753472.4908283
agv4,1757753472.504846,1757753472.5058537,1757753472.5058537,1757753472.5135522
agv4,1757753472.512033,1757753472.5135522,1757753472.5135522,1757753472.5613134
agv2,1757753473.4811077,1757753473.482122,1757753473.482122,1757753473.5328772
agv4,1757753473.5504704,1757753473.552532,1757753473.552532,1757753473.6012878
agv4,1757753473.5510075,1757753473.5562425,1757753473.5562425,1757753473.6012878
agv2,1757753474.5266893,1757753474.527796,1757753474.527796,1757753474.5354853
agv2,1757753474.5334756,1757753474.5354853,1757753474.5354853,1757753474.5810902
agv4,1757753474.5521908,1757753474.5537236,1757753474.5537236,1757753474.6009176
agv3,1757753475.5703204,1757753475.5718405,1757753475.5718405,1757753475.6209168
agv2,1757753475.574351,1757753475.6209168,1757753475.6214247,1757753475.6264715
agv2,1757753475.574351,1757753475.6224635,1757753475.6224635,1757753475.6274745
agv4,1757753475.5894616,1757753475.6254706,1757753475.6254706,1757753475.6311011
agv2,1757753476.575451,1757753476.57646,1757753476.57646,1757753476.621791
agv4,1757753476.6311,1757753476.6321068,1757753476.6321068,1757753476.681278
agv2,1757753477.6151655,1757753477.6161761,1757753477.6171923,1757753477.6611733
agv4,1757753477.6714916,1757753477.6725,1757753477.6725,1757753477.7205346
agv2,1757753478.6570039,1757753478.658542,1757753478.658542,1757753478.7003195
agv4,1757753478.7179189,1757753478.7190404,1757753478.7190404,1757753478.7608094
agv2,1757753479.698063,1757753479.6990702,1757753479.6990702,1757753479.7400815
agv4,1757753479.7569592,1757753479.7585795,1757753479.7585795,1757753479.7621045
agv4,1757753479.761093,1757753479.7621045,1757753479.7621045,1757753479.811277
agv3,1757753480.5714524,1757753480.5724614,1757753480.5724614,1757753480.6208432
agv2,1757753480.7377088,1757753480.7388217,1757753480.7388217,1757753480.742627
agv2,1757753480.741541,1757753480.742627,1757753480.742627,1757753480.7907982
agv4,1757753480.8014488,1757753480.8020668,1757753480.8020668,1757753480.8508623
agv4,1757753480.8020668,1757753480.805074,1757753480.805074,1757753480.851872
agv3,1757753481.5725985,1757753481.5746071,1757753481.5746071,1757753481.5990348
agv3,1757753481.5975187,1757753481.6206207,1757753481.6206207,1757753481.6499014
agv2,1757753481.7748387,1757753481.7763543,1757753481.7763543,1757753481.8207688
agv2,1757753481.7753475,1757753481.7798812,1757753481.7798812,1757753481.8213055
agv4,1757753481.8026211,1757753481.8299026,1757753481.8299026,1757753481.8499506
agv3,1757753482.6296313,1757753482.6311505,1757753482.6311505,1757753482.6801705
agv3,1757753482.6296313,1757753482.634291,1757753482.634291,1757753482.6817117
agv2,1757753482.7764719,1757753482.7774787,1757753482.7774787,1757753482.8204339
agv4,1757753482.8411002,1757753482.84261,1757753482.84261,1757753482.889853
agv2,1757753483.8180366,1757753483.8196335,1757753483.8196335,1757753483.8607805
agv3,1757753484.6307037,1757753484.6317134,1757753484.6317134,1757753484.680452
agv2,1757753484.8501725,1757753484.851819,1757753484.851819,1757753484.8578112
agv2,1757753484.856139,1757753484.900634,1757753484.900634,1757753484.9033751
agv3,1757753485.664176,1757753485.6652136,1757753485.6652136,1757753485.6699338
agv3,1757753485.6687,1757753485.7106023,1757753485.7106023,1757753485.7203395
agv2,1757753485.8893032,1757753485.890314,1757753485.890314,1757753485.9396214
agv2,1757753485.8893032,1757753485.8923318,1757753485.8923318,1757753485.941159
agv3,1757753486.6968682,1757753486.697881,1757753486.697881,1757753486.7404902
agv3,1757753486.6968682,1757753486.7003999,1757753486.7003999,1757753486.741554
agv2,1757753486.8904371,1757753486.891961,1757753486.891961,1757753486.9407713
agv3,1757753487.6982281,1757753487.6992362,1757753487.6992362,1757753487.740435
agv4,1757753487.842182,1757753487.8431895,1757753487.8431895,1757753487.8901658
agv2,1757753487.9297862,1757753487.9313183,1757753487.9313183,1757753487.9802344
agv2,1757753487.9297862,1757753487.933374,1757753487.933374,1757753487.9813597
agv3,1757753488.725571,1757753488.7260764,1757753488.7260764,1757753488.7701597
agv2,1757753488.9310644,1757753488.9326196,1757753488.9326196,1757753488.9799502
agv3,1757753489.7598364,1757753489.7609138,1757753489.7609138,1757753489.8102636
agv2,1757753489.9319685,1757753489.9330087,1757753489.9330087,1757753489.9804792
agv3,1757753490.7911339,1757753490.7921407,1757753490.7921407,1757753490.8397362
agv2,1757753490.9327428,1757753490.9337509,1757753490.9337509,1757753490.9797473
agv3,1757753491.830318,1757753491.831874,1757753491.831874,1757753491.8797872
agv2,1757753491.9336333,1757753491.9351506,1757753491.9351506,1757753491.9504309
agv2,1757753491.9484296,1757753491.9504309,1757753491.9504309,1757753491.9996254
agv4,1757753492.842991,1757753492.8445175,1757753492.8445175,1757753492.889459
agv3,1757753492.880348,1757753492.889459,1757753492.889459,1757753492.9291368
agv2,1757753492.9780765,1757753492.979597,1757753492.979597,1757753493.0296266
agv2,1757753492.9780765,1757753492.980609,1757753492.980609,1757753493.0306363
agv4,1757753493.8440351,1757753493.8455982,1757753493.8455982,1757753493.8676987
agv4,1757753493.8661509,1757753493.8676987,1757753493.8676987,1757753493.9196854
agv3,1757753493.91701,1757753493.918016,1757753493.918016,1757753493.9594152
agv2,1757753493.9795203,1757753493.9795203,1757753493.9795203,1757753494.0297847
agv4,1757753494.8920348,1757753494.8935492,1757753494.8935492,1757753494.9495814
agv4,1757753494.8920348,1757753494.8945572,1757753494.8945572,1757753494.951092
agv3,1757753494.9434996,1757753494.9495814,1757753494.9495814,1757753494.9995766
agv3,1757753494.947051,1757753494.951092,1757753494.951092,1757753495.001085
agv2,1757753495.0053847,1757753495.0099692,1757753495.0099692,1757753495.0252337
agv2,1757753495.0242293,1757753495.0252337,1757753495.0252337,1757753495.0694287
agv3,1757753495.082491,1757753495.1297424,1757753495.1297424,1757753495.1796584
agv3,1757753496.0882502,1757753496.0903647,1757753496.0903647,1757753496.1391234
agv2,1757753496.055381,1757753496.1011176,1757753496.1011176,1757753496.1502924
agv2,1757753496.055381,1757753496.1056483,1757753496.1056483,1757753496.1513536
agv4,1757753496.892964,1757753496.894079,1757753496.894079,1757753496.9400332
agv3,1757753497.1190908,1757753497.1205528,1757753497.1205528,1757753497.1698596
agv3,1757753497.1190908,1757753497.1225665,1757753497.1225665,1757753497.1708963
agv4,1757753497.9254298,1757753497.9269705,1757753497.9269705,1757753497.9579525
agv4,1757753497.9559069,1757753497.9579525,1757753497.9579525,1757753498.009707
agv3,1757753498.120974,1757753498.1225405,1757753498.1225405,1757753498.1701696
agv3,1757753499.1515563,1757753499.1531854,1757753499.1531854,1757753499.1986675
agv3,1757753500.1794775,1757753500.180486,1757753500.180486,1757753500.1875446
agv3,1757753500.1855056,1757753500.2300937,1757753500.2300937,1757753500.2494001
agv3,1757753501.2165022,1757753501.217553,1757753501.217553,1757753501.258844
agv3,1757753501.217008,1757753501.221409,1757753501.221409,1757753501.2598445
agv3,1757753502.217648,1757753502.2188575,1757753502.2193642,1757753502.2592723
agv4,1757753502.962434,1757753502.963438,1757753502.963438,1757753503.0095918
agv2,1757753503.060154,1757753503.0626724,1757753503.0626724,1757753503.109739
agv3,1757753503.2484581,1757753503.2495353,1757753503.2495353,1757753503.2995055
agv4,1757753504.0079334,1757753504.0097327,1757753504.0097327,1757753504.059358
agv4,1757753504.0079334,1757753504.0127864,1757753504.0127864,1757753504.0604215
agv2,1757753504.11092,1757753504.1119273,1757753504.1119273,1757753504.159589
agv2,1757753504.11092,1757753504.113536,1757753504.113536,1757753504.160099
agv3,1757753504.336892,1757753504.3384042,1757753504.3384042,1757753504.3790936
agv4,1757753505.0092347,1757753505.0108008,1757753505.0108008,1757753505.0593376
agv3,1757753505.3678858,1757753505.3694432,1757753505.3694432,1757753505.3770945
agv3,1757753505.3755758,1757753505.3770945,1757753505.3770945,1757753505.4293852
agv4,1757753506.0373266,1757753506.03888,1757753506.03888,1757753506.0784757
agv2,1757753506.1120517,1757753506.1135898,1757753506.1135898,1757753506.1587505
agv3,1757753506.4021754,1757753506.4037075,1757753506.4037075,1757753506.4492412
agv3,1757753506.4021754,1757753506.4067793,1757753506.4067793,1757753506.4502537
agv4,1757753507.064667,1757753507.0662892,1757753507.0662892,1757753507.1093156
agv2,1757753507.13594,1757753507.1369467,1757753507.137455,1757753507.143515
agv2,1757753507.1425147,1757753507.189558,1757753507.189558,1757753507.1928852
agv3,1757753507.403297,1757753507.403297,1757753507.403297,1757753507.448849
agv4,1757753508.1004403,1757753508.1029587,1757753508.1029587,1757753508.1486263
agv2,1757753508.169372,1757753508.1698818,1757753508.1698818,1757753508.2191114
agv2,1757753508.1714091,1757753508.1750526,1757753508.1750526,1757753508.2201216
agv3,1757753508.443926,1757753508.44549,1757753508.44549,1757753508.4891171
agv4,1757753509.1459177,1757753509.1469405,1757753509.1469405,1757753509.188989
agv2,1757753509.172539,1757753509.208565,1757753509.208565,1757753509.2187932
agv3,1757753509.4772553,1757753509.4787683,1757753509.4787683,1757753509.5289001
agv3,1757753509.483335,1757753509.4894257,1757753509.4894257,1757753509.529903
agv4,1757753510.1937277,1757753510.195757,1757753510.195757,1757753510.2028913
agv2,1757753510.208619,1757753510.21063,1757753510.21063,1757753510.2197149
agv4,1757753510.2008338,1757753510.2039025,1757753510.2039025,1757753510.2485156
agv2,1757753510.2187033,1757753510.2197149,1757753510.2197149,1757753510.2689955
agv3,1757753510.5138066,1757753510.51563,1757753510.51563,1757753510.5584576
agv3,1757753510.515075,1757753510.520014,1757753510.520014,1757753510.559974
agv4,1757753511.227492,1757753511.228019,1757753511.2290268,1757753511.278399
agv4,1757753511.228019,1757753511.2300274,1757753511.2300274,1757753511.2794087
agv2,1757753511.2486024,1757753511.278399,1757753511.278399,1757753511.2992284
agv2,1757753511.2491086,1757753511.2814226,1757753511.2814226,1757753511.3002276
agv3,1757753511.5167985,1757753511.5178082,1757753511.5178082,1757753511.5590262
agv4,1757753512.2287605,1757753512.2292688,1757753512.2302785,1757753512.2779875
agv2,1757753512.2503493,1757753512.2779875,1757753512.2779875,1757753512.2984195
agv3,1757753512.5471208,1757753512.548639,1757753512.548639,1757753512.5987236
agv4,1757753513.2656343,1757753513.2678936,1757753513.2678936,1757753513.2825089
agv2,1757753513.2825089,1757753513.2874928,1757753513.2874928,1757753513.3281767
agv3,1757753513.5480635,1757753513.5496302,1757753513.5496302,1757753513.599182
agv2,1757753514.3105135,1757753514.312048,1757753514.312048,1757753514.3585348
agv4,1757753514.3105135,1757753514.315572,1757753514.315572,1757753514.3585348
agv2,1757753514.315572,1757753514.3201473,1757753514.3201473,1757753514.3600552
agv4,1757753514.3105135,1757753514.3181343,1757753514.3181343,1757753514.3600552
agv3,1757753514.5490384,1757753514.5500464,1757753514.5500464,1757753514.5991244
agv4,1757753515.311512,1757753515.3125274,1757753515.3125274,1757753515.3584297
agv2,1757753515.3665557,1757753515.3680933,1757753515.3680933,1757753515.4183917
agv2,1757753515.3670812,1757753515.372249,1757753515.372249,1757753515.4196045
agv3,1757753515.549964,1757753515.551477,1757753515.551477,1757753515.5688045
agv3,1757753515.5677698,1757753515.5688045,1757753515.5688045,1757753515.6183116
agv4,1757753516.3391213,1757753516.340661,1757753516.3411674,1757753516.3482125
agv4,1757753516.347123,1757753516.3482125,1757753516.349222,1757753516.3985388
agv2,1757753516.3685246,1757753516.3700633,1757753516.3700633,1757753516.4179113
agv3,1757753516.5931597,1757753516.5942092,1757753516.5942092,1757753516.638386
agv3,1757753516.5936873,1757753516.5974615,1757753516.5974615,1757753516.638386
agv4,1757753517.3747985,1757753517.3763497,1757753517.3763497,1757753517.418506
agv4,1757753517.3753421,1757753517.379061,1757753517.379061,1757753517.419514
agv2,1757753517.396947,1757753517.428619,1757753517.428619,1757753517.4583766
agv2,1757753517.4134462,1757753517.4309196,1757753517.4309196,1757753517.459375
agv4,1757753518.3759131,1757753518.3770013,1757753518.3770013,1757753518.4184048
agv3,1757753518.5941148,1757753518.5956354,1757753518.5956354,1757753518.6382174
agv4,1757753519.4087749,1757753519.409789,1757753519.409789,1757753519.4174812
agv4,1757753519.4160254,1757753519.4584918,1757753519.4584918,1757753519.4687567
agv3,1757753519.6269393,1757753519.6284504,1757753519.6284504,1757753519.6782098
agv3,1757753519.6324947,1757753519.6416943,1757753519.6416943,1757753519.6792095
agv4,1757753520.4461632,1757753520.448211,1757753520.448211,1757753520.4881418
agv4,1757753520.4466858,1757753520.4507692,1757753520.4507692,1757753520.4891508
agv3,1757753520.6599693,1757753520.661521,1757753520.661521,1757753520.70839
agv3,1757753520.6599693,1757753520.6639423,1757753520.6639423,1757753520.7091212
agv2,1757753521.4195445,1757753521.4210744,1757753521.4210744,1757753521.4682696
agv4,1757753521.4476497,1757753521.4486911,1757753521.4486911,1757753521.4983442
agv3,1757753521.6612484,1757753521.662787,1757753521.662787,1757753521.7085798
agv2,1757753522.4465091,1757753522.4475763,1757753522.4475763,1757753522.4983013
agv2,1757753522.4470503,1757753522.4505901,1757753522.4505901,1757753522.4993432
agv4,1757753522.4784825,1757753522.4983013,1757753522.4983013,1757753522.527122
agv3,1757753522.6948147,1757753522.6958363,1757753522.6958363,1757753522.7382185
agv2,1757753523.447787,1757753523.4488778,1757753523.4488778,1757753523.4975452
agv4,1757753523.5066807,1757753523.5081985,1757753523.5081985,1757753523.5142796
agv4,1757753523.5132778,1757753523.5142796,1757753523.5142796,1757753523.56771
agv3,1757753523.7245808,1757753523.7261276,1757753523.7261276,1757753523.7438478
agv3,1757753523.742332,1757753523.7780628,1757753523.7780628,1757753523.7875352
agv2,1757753524.47661,1757753524.4781432,1757753524.4781432,1757753524.5270243
agv4,1757753524.5406563,1757753524.5421975,1757753524.5421975,1757753524.5880265
agv4,1757753524.5411873,1757753524.5437126,1757753524.5437126,1757753524.5885332
agv2,1757753525.5079546,1757753525.5091617,1757753525.5091617,1757753525.5581546
agv4,1757753525.5424373,1757753525.5434492,1757753525.5434492,1757753525.5867705
agv2,1757753526.5405884,1757753526.5416005,1757753526.5425978,1757753526.5871615
agv4,1757753526.5709405,1757753526.5871615,1757753526.5871615,1757753526.6170545
agv2,1757753527.5971835,1757753527.5986998,1757753527.5986998,1757753527.6476843
agv4,1757753527.6027648,1757753527.6476843,1757753527.6476843,1757753527.6527727
agv2,1757753528.6284313,1757753528.6294408,1757753528.6294408,1757753528.677807
agv4,1757753528.6385775,1757753528.677807,1757753528.677807,1757753528.6872892
agv2,1757753529.6749008,1757753529.6749008,1757753529.6749008,1757753529.693886
agv4,1757753529.6850822,1757753529.7279732,1757753529.7279732,1757753529.7330108
agv2,1757753529.6928744,1757753529.729981,1757753529.729981,1757753529.7378187
agv3,1757753529.7495072,1757753529.7772014,1757753529.7772014,1757753529.7969368
agv4,1757753530.716458,1757753530.7180033,1757753530.7180033,1757753530.7676926
agv3,1757753530.7780833,1757753530.7796142,1757753530.7796142,1757753530.8270278
agv3,1757753530.778607,1757753530.7816424,1757753530.7816424,1757753530.8285534
agv4,1757753531.7485983,1757753531.7496104,1757753531.7496104,1757753531.7973588
agv3,1757753531.77975,1757753531.7809381,1757753531.7809381,1757753531.827533
agv4,1757753532.7795424,1757753532.7808185,1757753532.7808185,1757753532.827571
agv4,1757753532.7795424,1757753532.7884324,1757753532.7884324,1757753532.8287897
agv3,1757753532.8105175,1757753532.837455,1757753532.8380935,1757753532.8577962
agv2,1757753533.6988988,1757753533.7004178,1757753533.7004178,1757753533.7474427
agv4,1757753533.780792,1757753533.781299,1757753533.781299,1757753533.8274071
agv3,1757753533.8686016,1757753533.8701153,1757753533.8701153,1757753533.9173489
agv2,1757753534.7348192,1757753534.7358313,1757753534.7358313,1757753534.7772877
agv2,1757753534.7348192,1757753534.7379117,1757753534.7379117,1757753534.7782955
agv4,1757753534.7818315,1757753534.786885,1757753534.786885,1757753534.8267593
agv3,1757753534.8999722,1757753534.9012296,1757753534.9012296,1757753534.9574072
agv2,1757753535.7360709,1757753535.7376335,1757753535.7376335,1757753535.787442
agv4,1757753535.7823389,1757753535.7828453,1757753535.7828453,1757753535.8271508
agv3,1757753535.932017,1757753535.933027,1757753535.933027,1757753535.9768806
agv2,1757753536.765916,1757753536.7672856,1757753536.7672856,1757753536.8173687
agv4,1757753536.7834842,1757753536.8173687,1757753536.8173687,1757753536.8674767
agv4,1757753536.8147542,1757753536.8194044,1757753536.8194044,1757753536.8684852
agv2,1757753536.8276742,1757753536.8802295,1757753536.8802295,1757753536.9270768
agv4,1757753537.845202,1757753537.84693,1757753537.84693,1757753537.8869736
36
agv4,1757753537.845202,1757753537.851741,1757753537.851741,1757753537.8884876
agv4,1757753539.8461068,1757753539.847147,1757753539.847147,1757753539.8973098
agv3,1757753539.8731968,1757753539.8761964,1757753539.8761964,1757753539.917461
agv4,1757753540.8739843,1757753540.8739843,1757753540.8739843,1757753540.8818583
agv4,1757753540.8791788,1757753540.9265938,1757753540.9265938,1757753540.932914
agv3,1757753540.8998606,1757753540.9296243,1757753540.9296243,1757753540.9468617
agv4,1757753541.9085028,1757753541.9100366,1757753541.9100366,1757753541.9568274
agv4,1757753541.909023,1757753541.9131212,1757753541.9131212,1757753541.9568274
agv3,1757753541.928362,1757753541.9669967,1757753541.9669967,1757753541.9769144
agv3,1757753541.9345222,1757753541.9686189,1757753541.9686189,1757753541.9779236
agv4,1757753542.9098868,1757753542.9114044,1757753542.9114044,1757753542.9567313
agv3,1757753542.962003,1757753542.9625356,1757753542.9635441,1757753543.007208
agv3,1757753542.9625356,1757753542.9665725,1757753542.9665725,1757753543.007208
agv2,1757753543.8329291,1757753543.8339283,1757753543.8339283,1757753543.876771
agv4,1757753543.939809,1757753543.9415622,1757753543.9415622,1757753543.9868443
agv3,1757753543.9631562,1757753543.9969776,1757753543.9969776,1757753544.0066454
agv2,1757753544.8602662,1757753544.86178,1757753544.86178,1757753544.9068427
agv3,1757753544.9931304,1757753544.9946826,1757753544.9946826,1757753545.0008855
agv4,1757753544.9728913,1757753544.9744034,1757753544.9744034,1757753545.0166957
agv3,1757753544.9993403,1757753545.0008855,1757753545.0008855,1757753545.0469143
agv2,1757753545.8936014,1757753545.8941066,1757753545.8941066,1757753545.9369454
agv4,1757753546.0113654,1757753546.0128105,1757753546.0128105,1757753546.0569444
agv3,1757753546.03145,1757753546.0324912,1757753546.0324912,1757753546.0767767
agv3,1757753546.0319703,1757753546.035008,1757753546.035008,1757753546.0777836
agv2,1757753546.9246418,1757753546.9266517,1757753546.9266517,1757753546.9667184
agv3,1757753547.0327287,1757753547.0342472,1757753547.0342472,1757753547.076738
agv4,1757753547.0448744,1757753547.0454,1757753547.0454,1757753547.0866604
agv2,1757753547.9629085,1757753547.9639294,1757753547.9639294,1757753548.0066414
agv3,1757753548.06765,1757753548.0691662,1757753548.0691662,1757753548.1158574
agv4,1757753548.0814521,1757753548.0829725,1757753548.0829725,1757753548.1267922
agv2,1757753548.9995875,1757753549.000595,1757753549.000595,1757753549.0460813
agv2,1757753548.9995875,1757753549.0034752,1757753549.0034752,1757753549.0476184
agv3,1757753549.1030848,1757753549.1047628,1757753549.1047628,1757753549.1124918
agv3,1757753549.1108968,1757753549.1124918,1757753549.1124918,1757753549.1560476
agv4,1757753549.115058,1757753549.116281,1757753549.116281,1757753549.1560476
agv4,1757753549.209197,1757753549.2567763,1757753549.2567763,1757753549.3070428

agv2,1757753550.0010955,1757753550.0021033,1757753550.0021033,1757753550.0461137
agv4,1757753550.234616,1757753550.2366269,1757753550.2366269,1757753550.2754114
agv2,1757753551.0017173,1757753551.0032341,1757753551.0032341,1757753551.04648
agv2,1757753552.0026317,1757753552.003853,1757753552.003853,1757753552.0456347
agv4,1757753552.2535746,1757753552.2555742,1757753552.2555742,1757753552.2953105
agv2,1757753553.0036006,1757753553.0046082,1757753553.0046082,1757753553.0232747
agv2,1757753553.0217583,1757753553.0556176,1757753553.0566247,1757753553.0658946
agv4,1757753553.2815135,1757753553.2831693,1757753553.2831693,1757753553.3357308
agv2,1757753554.0504525,1757753554.051461,1757753554.051461,1757753554.0959325
agv2,1757753554.0504525,1757753554.0539787,1757753554.0539787,1757753554.0974486
agv4,1757753554.3169556,1757753554.3184717,1757753554.3184717,1757753554.327558
agv4,1757753554.326,1757753554.327558,1757753554.327558,1757753554.3765519
agv2,1757753555.051499,1757753555.0531807,1757753555.0531807,1757753555.0961637
agv4,1757753555.3640428,1757753555.3655849,1757753555.3655849,1757753555.4056606
agv4,1757753555.3645754,1757753555.3670943,1757753555.3670943,1757753555.4071767
agv2,1757753556.080762,1757753556.0822794,1757753556.0822794,1757753556.126067
agv3,1757753556.2473397,1757753556.2859473,1757753556.2859473,1757753556.3363838
agv3,1757753556.2473397,1757753556.2884717,1757753556.2884717,1757753556.3369021
agv4,1757753556.3655498,1757753556.3670843,1757753556.3670843,1757753556.4155097
agv2,1757753557.2237363,1757753557.2257895,1757753557.2257895,1757753557.2659597
agv4,1757753557.5025218,1757753557.5040512,1757753557.5040512,1757753557.5131636
agv4,1757753557.5126548,1757753557.555359,1757753557.555359,1757753557.5755045
agv2,1757753557.5156848,1757753557.561884,1757753557.561884,1757753557.5755045
agv4,1757753557.5232947,1757753557.5649118,1757753557.5649118,1757753557.5770135
agv4,1757753558.5302074,1757753558.532777,1757753558.532777,1757753558.575247
agv4,1757753559.5597868,1757753559.5614667,1757753559.5614667,1757753559.6057143
agv4,1757753559.5603368,1757753559.5649016,1757753559.5649016,1757753559.607229
agv4,1757753560.561199,1757753560.5617313,1757753560.5617313,1757753560.6057942
agv4,1757753561.590723,1757753561.5917869,1757753561.5917869,1757753561.6455986
agv4,1757753561.5968432,1757753561.6019573,1757753561.6019573,1757753561.6466088
agv4,1757753562.625104,1757753562.6271472,1757753562.6271472,1757753562.6758065
agv4,1757753562.6306772,1757753562.6428218,1757753562.6428218,1757753562.677315
agv3,1757753563.2821474,1757753563.3264241,1757753563.3264241,1757753563.3757498
agv3,1757753563.2831619,1757753563.3293598,1757753563.3293598,1757753563.3767815
agv4,1757753563.6317563,1757753563.6328385,1757753563.6328385,1757753563.675488
agv2,1757753564.5355344,1757753564.5368633,1757753564.5368633,1757753564.5855434
agv4,1757753564.6616147,1757753564.663243,1757753564.663243,1757753564.7050357
agv4,1757753565.692852,1757753565.694933,1757753565.694933,1757753565.7355168
agv4,1757753566.7300024,1757753566.7313259,1757753566.7313259,1757753566.7414618
agv4,1757753566.7399545,1757753566.7414618,1757753566.7414618,1757753566.7850542
agv2,1757753567.5407581,1757753567.5422986,1757753567.5422986,1757753567.585387
agv4,1757753567.7741163,1757753567.77667,1757753567.77667,1757753567.8244178
agv4,1757753567.7746544,1757753567.7797,1757753567.7797,1757753567.8262541
agv4,1757753568.7786765,1757753568.7801976,1757753568.7801976,1757753568.8253224
agv2,1757753569.541241,1757753569.5432842,1757753569.5432842,1757753569.5854366
agv2,1757753569.5417576,1757753569.5473223,1757753569.5473223,1757753569.5869498
agv4,1757753569.8168006,1757753569.8178127,1757753569.8178127,1757753569.8276336
agv4,1757753569.825114,1757753569.8276336,1757753569.8276336,1757753569.875064
agv3,1757753570.2909272,1757753570.2919626,1757753570.2919626,1757753570.3354015
agv2,1757753570.5662186,1757753570.5678613,1757753570.5678613,1757753570.6151035
agv2,1757753570.566752,1757753570.5704458,1757753570.5704458,1757753570.6166122
agv4,1757753570.8555138,1757753570.8565261,1757753570.8565261,1757753570.9045217
agv4,1757753570.8560207,1757753570.8590615,1757753570.8590615,1757753570.9065776
agv3,1757753571.3202486,1757753571.3218737,1757753571.3218737,1757753571.3645866
agv3,1757753571.3207562,1757753571.3246844,1757753571.3246844,1757753571.3661025
agv4,1757753571.856976,1757753571.85852,1757753571.85852,1757753571.9052422
agv3,1757753572.3218362,1757753572.3228445,1757753572.3228445,1757753572.3651705
agv2,1757753572.5679255,1757753572.5694451,1757753572.5694451,1757753572.6154382
agv4,1757753572.8898768,1757753572.8915303,1757753572.8915303,1757753572.9352908
agv3,1757753573.3574166,1757753573.3584297,1757753573.3584297,1757753573.4052014
agv2,1757753573.6095324,1757753573.6110492,1757753573.6110492,1757753573.6544163
agv4,1757753573.933633,1757753573.9352024,1757753573.9352024,1757753573.985363
agv3,1757753574.3981435,1757753574.399576,1757753574.399576,1757753574.4449697
agv2,1757753574.6484146,1757753574.6504524,1757753574.6504524,1757753574.6946154
agv4,1757753574.9701908,1757753574.971769,1757753574.971769,1757753574.9778464
agv4,1757753574.9768329,1757753574.9778464,1757753574.9778464,1757753575.0250196
agv3,1757753575.4320123,1757753575.43318,1757753575.43318,1757753575.475071
agv2,1757753575.6803327,1757753575.6818533,1757753575.6818533,1757753575.7244053
agv4,1757753576.0098639,1757753576.0098639,1757753576.011392,1757753576.055211
agv4,1757753576.0098639,1757753576.0139098,1757753576.0139098,1757753576.055211
agv3,1757753576.45861,1757753576.4596143,1757753576.4596143,1757753576.5044684
agv2,1757753576.7119837,1757753576.712989,1757753576.712989,1757753576.7536156
agv4,1757753577.0108662,1757753577.011879,1757753577.011879,1757753577.0538566
agv3,1757753577.488046,1757753577.4895623,1757753577.4895623,1757753577.5344725
agv3,1757753577.488552,1757753577.4956906,1757753577.4956906,1757753577.5354788
agv2,1757753577.745193,1757753577.746778,1757753577.746778,1757753577.752829
agv2,1757753577.7512937,1757753577.752829,1757753577.752829,1757753577.8049698
agv4,1757753578.0440326,1757753578.0455534,1757753578.0455534,1757753578.0947347
agv3,1757753578.4900022,1757753578.4910095,1757753578.4910095,1757753578.534819
agv2,1757753578.778193,1757753578.7798777,1757753578.7798777,1757753578.8247168
agv2,1757753578.778193,1757753578.7844005,1757753578.7844005,1757753578.825731
agv3,1757753579.52054,1757753579.5251765,1757753579.5251765,1757753579.5647762
agv2,1757753579.779723,1757753579.781248,1757753579.781248,1757753579.8238246
agv2,1757753580.809142,1757753580.8107016,1757753580.8107016,1757753580.8544538
agv2,1757753581.8455417,1757753581.847065,1757753581.8480766,1757753581.8946805
agv2,1757753582.896045,1757753582.8975687,1757753582.8975687,1757753582.902101
agv2,1757753582.9010875,1757753582.902101,1757753582.902101,1757753582.9543912
agv4,1757753583.045161,1757753583.0466747,1757753583.0466747,1757753583.0940003
agv2,1757753583.9312174,1757753583.9322255,1757753583.9322255,1757753583.9740682
agv2,1757753583.9312174,1757753583.9347441,1757753583.9347441,1757753583.9755754
agv3,1757753584.5218458,1757753584.5228934,1757753584.5228934,1757753584.5645025
agv2,1757753584.9323902,1757753584.9337163,1757753584.9337163,1757753584.9746377
agv2,1757753585.9662144,1757753585.9667647,1757753585.9667647,1757753585.9844646
agv2,1757753585.9829557,1757753585.9844646,1757753585.9844646,1757753586.0337791
agv2,1757753587.0142229,1757753587.0163174,1757753587.0163174,1757753587.0645483
agv2,1757753587.0142229,1757753587.019935,1757753587.019935,1757753587.0655494
agv2,1757753588.0155153,1757753588.0170374,1757753588.0170374,1757753588.0643668
agv4,1757753588.0456338,1757753588.0471606,1757753588.0471606,1757753588.0940344
agv4,1757753589.0468345,1757753589.047841,1757753589.047841,1757753589.0661445
agv2,1757753589.0610518,1757753589.0621364,1757753589.0621364,1757753589.1043785
agv4,1757753589.0641444,1757753589.0666513,1757753589.0666513,1757753589.1142335
agv3,1757753589.5227177,1757753589.524263,1757753589.524263,1757753589.574346
agv2,1757753590.0965436,1757753590.09856,1757753590.09856,1757753590.1429043
agv4,1757753590.1000795,1757753590.1041174,1757753590.1041174,1757753590.1542065
agv4,1757753590.1041174,1757753590.1066384,1757753590.1066384,1757753590.1552174
agv2,1757753590.2011464,1757753590.2445755,1757753590.2445755,1757753590.2947328
agv3,1757753590.5235636,1757753590.5245726,1757753590.5245726,1757753590.541753
agv3,1757753590.54024,1757753590.5738666,1757753590.5738666,1757753590.5941324
agv3,1757753591.5727696,1757753591.5741796,1757753591.5741796,1757753591.6238635
agv3,1757753591.5727696,1757753591.5782175,1757753591.5782175,1757753591.6248574
agv4,1757753592.106064,1757753592.1070852,1757753592.1070852,1757753592.152742
agv4,1757753592.1065688,1757753592.1096022,1757753592.1096022,1757753592.1548045
agv3,1757753592.5739794,1757753592.574987,1757753592.574987,1757753592.6235106
agv4,1757753593.1128955,1757753593.1144435,1757753593.1144435,1757753593.1629453
agv3,1757753593.6121862,1757753593.6136394,1757753593.6136394,1757753593.6539676
agv4,1757753594.1542099,1757753594.1557841,1757753594.1557841,1757753594.2028184
agv3,1757753594.6522202,1757753594.6533644,1757753594.6533644,1757753594.693824
agv4,1757753595.1904004,1757753595.1924598,1757753595.1924598,1757753595.217006
agv4,1757753595.214939,1757753595.2436786,1757753595.2436786,1757753595.274047
agv3,1757753595.685122,1757753595.6867092,1757753595.6867092,1757753595.6940298
agv3,1757753595.692507,1757753595.7337432,1757753595.7337432,1757753595.7439723
agv3,1757753596.727506,1757753596.727506,1757753596.727506,1757753596.7735524
agv3,1757753596.727506,1757753596.7328458,1757753596.7328458,1757753596.7745485
agv4,1757753597.2334516,1757753597.2529564,1757753597.2529564,1757753597.2833683
agv2,1757753597.226424,1757753597.3039062,1757753597.3039062,1757753597.3078027
agv2,1757753597.227435,1757753597.306599,1757753597.306599,1757753597.3122203
agv3,1757753597.72873,1757753597.7302551,1757753597.7302551,1757753597.7736807
agv4,1757753598.2548542,1757753598.257366,1757753598.257366,1757753598.3038116
agv3,1757753598.7688355,1757753598.7698426,1757753598.7698426,1757753598.8131187
agv4,1757753599.2938774,1757753599.2952492,1757753599.2952492,1757753599.343552
agv4,1757753599.2938774,1757753599.2973447,1757753599.2973447,1757753599.3445473
agv3,1757753599.8067,1757753599.8072314,1757753599.8072314,1757753599.8531513
agv3,1757753600.8452811,1757753600.8654492,1757753600.8654492,1757753600.8926487
agv3,1757753600.8489256,1757753600.8704946,1757753600.8704946,1757753600.8936489
agv4,1757753601.2946155,1757753601.2961547,1757753601.2961547,1757753601.3431435
agv3,1757753601.890588,1757753601.8920064,1757753601.8920064,1757753601.9334931
agv3,1757753601.890588,1757753601.8940136,1757753601.8940136,1757753601.9334931
agv4,1757753602.3370893,1757753602.338623,1757753602.338623,1757753602.3422163
agv4,1757753602.3416753,1757753602.3422163,1757753602.3422163,1757753602.3932061
agv3,1757753602.8916214,1757753602.8931522,1757753602.8931522,1757753602.9343088
agv4,1757753603.3851833,1757753603.3867085,1757753603.3867085,1757753603.4327035
agv4,1757753603.3851833,1757753603.3882303,1757753603.3882303,1757753603.4337094
agv3,1757753603.9363112,1757753603.9373932,1757753603.9373932,1757753603.9432943
agv3,1757753603.9417744,1757753603.9432943,1757753603.9432943,1757753603.9928977
agv2,1757753604.240876,1757753604.2935512,1757753604.2935512,1757753604.3429766
agv2,1757753604.240876,1757753604.296064,1757753604.296064,1757753604.3429766
agv4,1757753604.3865614,1757753604.3880785,1757753604.3880785,1757753604.433419
agv3,1757753604.9784613,1757753604.9799786,1757753604.9799786,1757753605.0234878
agv3,1757753604.978974,1757753604.9814873,1757753604.9814873,1757753605.0234878
agv4,1757753605.4291806,1757753605.4301925,1757753605.4301925,1757753605.4733975
agv3,1757753605.9799387,1757753605.9814734,1757753605.9814734,1757753606.0229032
agv4,1757753606.4744155,1757753606.4764283,1757753606.4764283,1757753606.4815078
agv4,1757753606.4799838,1757753606.4815078,1757753606.4825215,1757753606.5333116
agv3,1757753606.4996185,1757753606.5333116,1757753606.5333116,1757753606.583076
agv4,1757753607.524947,1757753607.526494,1757753607.526494,1757753607.573326
agv4,1757753607.524947,1757753607.5305488,1757753607.5305488,1757753607.573326
agv4,1757753608.5262043,1757753608.5272565,1757753608.5272565,1757753608.572645
agv4,1757753609.5659406,1757753609.5679624,1757753609.5679624,1757753609.5809953
agv4,1757753609.5799882,1757753609.612441,1757753609.612441,1757753609.6324203
agv4,1757753610.5951,1757753610.5971408,1757753610.5971408,1757753610.6423762
agv2,1757753611.2453353,1757753611.2468421,1757753611.2468421,1757753611.292357
agv4,1757753611.63528,1757753611.6368434,1757753611.6368434,1757753611.6821976
agv4,1757753611.635811,1757753611.6462097,1757753611.6462097,1757753611.6833103
agv2,1757753612.2847047,1757753612.2857125,1757753612.2857125,1757753612.332505
agv2,1757753612.2847047,1757753612.2872617,1757753612.2872617,1757753612.3336737
agv2,1757753613.2856097,1757753613.286649,1757753613.286649,1757753613.3323853
agv3,1757753613.5180178,1757753613.562507,1757753613.562507,1757753613.6121466
agv3,1757753613.5180178,1757753613.5645025,1757753613.5645025,1757753613.6131928
agv4,1757753613.6369529,1757753613.6418386,1757753613.6418386,1757753613.682718
agv2,1757753614.3278267,1757753614.3291898,1757753614.3291898,1757753614.3347242
agv2,1757753614.3327117,1757753614.3347242,1757753614.3347242,1757753614.3822815
agv4,1757753614.6799192,1757753614.6814427,1757753614.6814427,1757753614.6865797
agv4,1757753614.6845717,1757753614.7317817,1757753614.7317817,1757753614.735303
agv4,1757753614.7470627,1757753614.7935476,1757753614.7935476,1757753614.8426151
agv2,1757753615.3812752,1757753615.3822923,1757753615.3822923,1757753615.4326262
agv2,1757753615.3812752,1757753615.385395,1757753615.385395,1757753615.4326262
agv4,1757753615.7529688,1757753615.7539742,1757753615.7539742,1757753615.8026905
agv2,1757753616.3824203,1757753616.3844264,1757753616.3844264,1757753616.4326313
agv4,1757753616.7924654,1757753616.794165,1757753616.794165,1757753616.8424737
agv4,1757753616.7930598,1757753616.7952607,1757753616.7952607,1757753616.8424737
agv2,1757753617.4188714,1757753617.4236076,1757753617.4236076,1757753617.4623775
agv4,1757753617.7936873,1757753617.7947025,1757753617.7947025,1757753617.842374
agv2,1757753618.4639611,1757753618.4655077,1757753618.4655077,1757753618.5122743
agv4,1757753618.8378057,1757753618.8388193,1757753618.8388193,1757753618.8821225
agv2,1757753619.502017,1757753619.5030386,1757753619.5030386,1757753619.5536304
agv4,1757753619.8782496,1757753619.8792577,1757753619.8792577,1757753619.884401
agv4,1757753619.883267,1757753619.932899,1757753619.932899,1757753619.9344535
agv3,1757753620.523802,1757753620.5258083,1757753620.5258083,1757753620.5273564
agv2,1757753620.5465844,1757753620.571916,1757753620.571916,1757753620.5917997
agv4,1757753620.9399452,1757753620.941481,1757753620.941481,1757753620.981579
agv4,1757753620.9404511,1757753620.9435167,1757753620.9435167,1757753620.9830842
agv3,1757753621.5735993,1757753621.5746107,1757753621.5746107,1757753621.621006
agv3,1757753621.5735993,1757753621.5757906,1757753621.5757906,1757753621.623534
agv2,1757753621.6053677,1757753621.621006,1757753621.621006,1757753621.6522436
agv2,1757753621.6053677,1757753621.623534,1757753621.623534,1757753621.6522436
agv4,1757753621.941223,1757753621.9427395,1757753621.9427395,1757753621.9920182
agv3,1757753622.5748458,1757753622.57687,1757753622.57687,1757753622.6217732
agv2,1757753622.606782,1757753622.6217732,1757753622.6217732,1757753622.6520185
agv4,1757753622.9830256,1757753622.9845967,1757753622.9845967,1757753622.9942596
agv4,1757753622.9942596,1757753623.0313773,1757753623.0313773,1757753623.0424101
agv2,1757753623.6075,1757753623.6088984,1757753623.6088984,1757753623.6521678
agv3,1757753623.61653,1757753623.6521678,1757753623.6521678,1757753623.671922
agv3,1757753623.621879,1757753623.6543286,1757753623.6543286,1757753623.6724749
agv4,1757753624.0358691,1757753624.0374405,1757753624.0374405,1757753624.082467
agv4,1757753624.0364275,1757753624.0400991,1757753624.0400991,1757753624.0833697
agv2,1757753624.6084936,1757753624.6105003,1757753624.6105003,1757753624.6522107
agv3,1757753624.6641636,1757753624.7116978,1757753624.7116978,1757753624.716765
agv3,1757753624.6657174,1757753624.7142477,1757753624.7142477,1757753624.7188036
agv4,1757753625.0370104,1757753625.0433767,1757753625.0433767,1757753625.0826323
agv2,1757753625.6093652,1757753625.61042,1757753625.61042,1757753625.6250603
agv2,1757753625.6240492,1757753625.6620078,1757753625.6620078,1757753625.67185
agv3,1757753625.6698182,1757753625.6703289,1757753625.67185,1757753625.711671
agv4,1757753626.0735688,1757753626.0750642,1757753626.0750642,1757753626.1219559
agv2,1757753626.664877,1757753626.6663895,1757753626.6663895,1757753626.711595
agv2,1757753626.665382,1757753626.6673949,1757753626.6673949,1757753626.7126012
agv3,1757753626.711595,1757753626.7126012,1757753626.7126012,1757753626.7609558
agv3,1757753626.711595,1757753626.7141125,1757753626.7141125,1757753626.7624621
agv4,1757753627.1189623,1757753627.1199691,1757753627.1199691,1757753627.1273916
agv4,1757753627.1268451,1757753627.1273916,1757753627.1273916,1757753627.1719146
agv3,1757753627.71306,1757753627.714071,1757753627.714071,1757753627.7613301
agv4,1757753628.169551,1757753628.1705644,1757753628.1705644,1757753628.2113943
agv4,1757753628.169551,1757753628.1732712,1757753628.1732712,1757753628.212909
agv2,1757753628.666241,1757753628.667753,1757753628.667753,1757753628.711213
agv4,1757753629.1710587,1757753629.1726098,1757753629.1726098,1757753629.2213323
agv2,1757753629.7062175,1757753629.7077348,1757753629.7077348,1757753629.7122643
agv2,1757753629.7102566,1757753629.7122643,1757753629.7122643,1757753629.7616758
agv4,1757753630.2154026,1757753630.2174098,1757753630.2174098,1757753630.2221189
agv4,1757753630.2209618,1757753630.2614381,1757753630.2614381,1757753630.2718203
agv2,1757753630.7493498,1757753630.7507565,1757753630.7507565,1757753630.8012033
agv2,1757753630.7493498,1757753630.7536802,1757753630.7536802,1757753630.8012033
agv4,1757753631.2602773,1757753631.261316,1757753631.261316,1757753631.3110404
agv4,1757753631.2607877,1757753631.2637627,1757753631.2637627,1757753631.312039
agv2,1757753631.7506409,1757753631.7521532,1757753631.7521532,1757753631.8014843
agv4,1757753632.2616937,1757753632.2652698,1757753632.2652698,1757753632.3107936
agv3,1757753632.7140982,1757753632.71561,1757753632.71561,1757753632.761173
agv2,1757753632.7898335,1757753632.7913024,1757753632.7913024,1757753632.83151
agv4,1757753633.305081,1757753633.3062472,1757753633.3062472,1757753633.3511682
agv2,1757753633.8343182,1757753633.8353257,1757753633.8353257,1757753633.8809159
agv4,1757753634.3481212,1757753634.3491662,1757753634.3491662,1757753634.3909962
agv2,1757753634.8773708,1757753634.8783853,1757753634.8783853,1757753634.9203098
agv4,1757753635.3867393,1757753635.3877513,1757753635.3877513,1757753635.4325435
agv2,1757753635.9207866,1757753635.9223819,1757753635.9223819,1757753635.9712138
agv4,1757753636.4307892,1757753636.4318004,1757753636.4318004,1757753636.4806244
agv2,1757753636.9596596,1757753636.961242,1757753636.961242,1757753637.0109046
agv4,1757753637.4719007,1757753637.4734123,1757753637.4734123,1757753637.5211442
agv3,1757753637.7149034,1757753637.717112,1757753637.717112,1757753637.761593
agv2,1757753638.0029044,1757753638.003911,1757753638.003911,1757753638.0515347
agv4,1757753638.518029,1757753638.5201802,1757753638.5201802,1757753638.5273395
agv4,1757753638.5253358,1757753638.5273395,1757753638.5273395,1757753638.571075
agv3,1757753638.7158904,1757753638.7174103,1757753638.7174103,1757753638.7292252
agv3,1757753638.727717,1757753638.7709818,1757753638.7709818,1757753638.7811596
agv2,1757753639.0526986,1757753639.0543766,1757753639.0543766,1757753639.0616636
agv2,1757753639.060054,1757753639.0616636,1757753639.0616636,1757753639.1108015
agv4,1757753639.5695283,1757753639.5710487,1757753639.5710487,1757753639.6209698
agv4,1757753639.5695283,1757753639.5746932,1757753639.5746932,1757753639.621972
agv3,1757753639.7619693,1757753639.7624755,1757753639.7624755,1757753639.8110733
agv3,1757753639.7624755,1757753639.765278,1757753639.765278,1757753639.8120813
agv2,1757753640.089389,1757753640.0910408,1757753640.0910408,1757753640.1405745
agv2,1757753640.0899107,1757753640.0921137,1757753640.0921137,1757753640.1415684
agv4,1757753640.570991,1757753640.570991,1757753640.570991,1757753640.6205897
agv3,1757753640.7630243,1757753640.7645524,1757753640.7645524,1757753640.8110595
agv2,1757753641.0906253,1757753641.0916336,1757753641.0916336,1757753641.1412153
agv4,1757753641.6090717,1757753641.6100788,1757753641.6100788,1757753641.6512215
agv3,1757753641.796152,1757753641.7977715,1757753641.7977715,1757753641.8404367
agv2,1757753642.1269715,1757753642.1279767,1757753642.1290798,1757753642.1346207
agv2,1757753642.133623,1757753642.18054,1757753642.18054,1757753642.1825435
agv4,1757753642.6474042,1757753642.6491144,1757753642.6491144,1757753642.6908
agv3,1757753642.8350902,1757753642.8361137,1757753642.8361137,1757753642.8804057
agv2,1757753643.1728935,1757753643.1741664,1757753643.1741664,1757753643.220588
agv2,1757753643.1728935,1757753643.1766684,1757753643.1766684,1757753643.2216542
agv4,1757753643.6844609,1757753643.685478,1757753643.685478,1757753643.7302165
agv4,1757753643.6844609,1757753643.6875825,1757753643.6875825,1757753643.7311747
agv3,1757753643.8742092,1757753643.8747318,1757753643.8747318,1757753643.9206007
agv2,1757753644.1739755,1757753644.1749833,1757753644.1749833,1757753644.220559
agv4,1757753644.6857395,1757753644.6872716,1757753644.6872716,1757753644.7306573
agv3,1757753644.9220564,1757753644.9230719,1757753644.9230719,1757753644.9708228
agv2,1757753645.2227993,1757753645.2243414,1757753645.2243414,1757753645.235884
agv2,1757753645.2348785,1757753645.235884,1757753645.235884,1757753645.2806559
agv4,1757753645.6871145,1757753645.688123,1757753645.688123,1757753645.729601
agv3,1757753645.9725957,1757753645.9736059,1757753645.9736059,1757753646.0202491
agv2,1757753646.2835066,1757753646.2855527,1757753646.2855527,1757753646.329871
agv2,1757753646.2835066,1757753646.2875965,1757753646.2875965,1757753646.3308787
agv4,1757753646.687804,1757753646.689467,1757753646.689467,1757753646.7409306
agv3,1757753647.0050037,1757753647.0060143,1757753647.0060143,1757753647.050611
agv3,1757753647.0050037,1757753647.0085194,1757753647.0085194,1757753647.050611
agv2,1757753647.2849855,1757753647.286214,1757753647.286214,1757753647.3301668
agv4,1757753647.688838,1757753647.694181,1757753647.694181,1757753647.7415118
agv4,1757753647.7380033,1757753647.7415118,1757753647.7415118,1757753647.7450805
agv3,1757753648.0061266,1757753648.0081542,1757753648.0081542,1757753648.0501254
agv2,1757753648.326404,1757753648.3280241,1757753648.3280241,1757753648.333588
agv2,1757753648.3319688,1757753648.333588,1757753648.333588,1757753648.3797896
agv4,1757753648.7806578,1757753648.7818477,1757753648.7818477,1757753648.8298676
agv4,1757753648.7806578,1757753648.7853692,1757753648.7853692,1757753648.8309026
agv3,1757753649.0072744,1757753649.0088482,1757753649.0088482,1757753649.0504274
agv2,1757753649.3742132,1757753649.375248,1757753649.375248,1757753649.4207401
agv2,1757753649.3742132,1757753649.3783188,1757753649.3783188,1757753649.4207401
agv4,1757753649.781973,1757753649.7835329,1757753649.7835329,1757753649.830268
agv3,1757753650.0089173,1757753650.010493,1757753650.010493,1757753650.0597792
agv2,1757753650.3755863,1757753650.3767488,1757753650.3767488,1757753650.4206598
agv4,1757753650.8195221,1757753650.8210356,1757753650.8210356,1757753650.8706825
agv3,1757753651.010096,1757753651.0116112,1757753651.0116112,1757753651.0278313
agv3,1757753651.0258167,1757753651.0278313,1757753651.0278313,1757753651.079954
agv2,1757753651.4149585,1757753651.4191768,1757753651.4191768,1757753651.4715772
agv2,1757753651.4887884,1757753651.5306933,1757753651.5306933,1757753651.5808194
agv4,1757753651.4877596,1757753651.5358522,1757753651.5358522,1757753651.5808194
agv3,1757753652.066328,1757753652.0673842,1757753652.0673842,1757753652.1201382
agv3,1757753652.066848,1757753652.0709453,1757753652.0709453,1757753652.1206548
agv4,1757753652.496398,1757753652.4983995,1757753652.4983995,1757753652.5401742
agv4,1757753653.5286357,1757753653.5301635,1757753653.5301635,1757753653.5787227
agv3,1757753654.0681517,1757753654.0696695,1757753654.0696695,1757753654.11006
agv4,1757753654.55869,1757753654.5602188,1757753654.5602188,1757753654.609716
agv3,1757753655.1533613,1757753655.1548836,1757753655.1548836,1757753655.1796618
agv3,1757753655.1786504,1757753655.2097533,1757753655.2097533,1757753655.2390068
agv4,1757753655.590318,1757753655.591859,1757753655.591859,1757753655.5972083
agv4,1757753655.5966773,1757753655.6400313,1757753655.6400313,1757753655.6497858
agv3,1757753656.2102702,1757753656.2118154,1757753656.2118154,1757753656.2592053
agv3,1757753656.210803,1757753656.2138846,1757753656.2138846,1757753656.2602084
agv4,1757753656.623681,1757753656.6251626,1757753656.6251626,1757753656.6700397
agv4,1757753656.6242085,1757753656.6272042,1757753656.6272042,1757753656.6710541
agv3,1757753657.2118733,1757753657.212378,1757753657.212378,1757753657.2601006
agv4,1757753657.625009,1757753657.626533,1757753657.626533,1757753657.66965
agv3,1757753658.244493,1757753658.2460368,1757753658.2460368,1757753658.2899904
agv2,1757753658.4936337,1757753658.4946678,1757753658.4946678,1757753658.498323
agv4,1757753658.6567936,1757753658.6578057,1757753658.6578057,1757753658.6995351
agv3,1757753659.276077,1757753659.2770858,1757753659.2770858,1757753659.3197203
agv2,1757753659.5245538,1757753659.5260673,1757753659.5260673,1757753659.569319
agv4,1757753659.6899288,1757753659.6916435,1757753659.6916435,1757753659.7398667
agv3,1757753660.3112216,1757753660.3122659,1757753660.3122659,1757753660.360056
agv2,1757753660.5591166,1757753660.5606265,1757753660.5606265,1757753660.5666854
agv2,1757753660.5646536,1757753660.6100795,1757753660.6100795,1757753660.6126149
agv4,1757753660.7230778,1757753660.724082,1757753660.724082,1757753660.735132
agv4,1757753660.7341328,1757753660.7697814,1757753660.7697814,1757753660.779381
agv3,1757753661.343297,1757753661.3449442,1757753661.3449442,1757753661.3900888
agv2,1757753661.5911353,1757753661.5931695,1757753661.5931695,1757753661.6395602
agv2,1757753661.5916538,1757753661.595185,1757753661.5956914,1757753661.6405663
agv4,1757753661.7647297,1757753661.766272,1757753661.766272,1757753661.809735
agv4,1757753661.7652597,1757753661.7677903,1757753661.7677903,1757753661.8107939
agv3,1757753662.3749948,1757753662.3765328,1757753662.3765328,1757753662.418856
agv2,1757753662.59259,1757753662.5941226,1757753662.5941226,1757753662.6394274
agv4,1757753662.7659426,1757753662.7669673,1757753662.7669673,1757753662.8196168
agv3,1757753663.4048903,1757753663.4059238,1757753663.4059238,1757753663.448389
agv4,1757753663.4258215,1757753663.4702516,1757753663.4702516,1757753663.519628
agv3,1757753663.5068457,1757753663.5508196,1757753663.5508196,1757753663.5990565
agv2,1757753663.6288254,1757753663.6298332,1757753663.6298332,1757753663.6793892
agv4,1757753664.433546,1757753664.4355452,1757753664.4355452,1757753664.4795606
agv2,1757753664.6647651,1757753664.6663136,1757753664.6663136,1757753664.708452
agv4,1757753665.4688528,1757753665.469358,1757753665.469358,1757753665.5187926
agv2,1757753665.6992624,1757753665.6997707,1757753665.6997707,1757753665.7499154
agv2,1757753665.6997707,1757753665.7038486,1757753665.7038486,1757753665.751019
agv4,1757753666.5021477,1757753666.5031536,1757753666.5031536,1757753666.5329225
agv4,1757753666.5319085,1757753666.5329225,1757753666.533439,1757753666.5789936
agv2,1757753666.7008085,1757753666.7023225,1757753666.7023225,1757753666.749289
agv4,1757753667.5671163,1757753667.568142,1757753667.568142,1757753667.6081293
agv4,1757753668.6004198,1757753668.6190405,1757753668.6190405,1757753668.6492636
agv4,1757753668.604937,1757753668.6205454,1757753668.6205454,1757753668.6502666
agv4,1757753669.6337676,1757753669.6337676,1757753669.6337676,1757753669.6790636
agv4,1757753669.6337676,1757753669.6365836,1757753669.6365836,1757753669.6790636
agv3,1757753670.5109668,1757753670.5126424,1757753670.5126424,1757753670.5585055
agv4,1757753670.6348295,1757753670.6363955,1757753670.6363955,1757753670.6780171
agv3,1757753671.545481,1757753671.546528,1757753671.546528,1757753671.5893586
agv4,1757753671.6695051,1757753671.6708043,1757753671.6708043,1757753671.718725
agv2,1757753671.7018127,1757753671.718725,1757753671.718725,1757753671.7491105
agv3,1757753672.5782878,1757753672.5788305,1757753672.5788305,1757753672.5854063
agv3,1757753672.5838735,1757753672.628272,1757753672.628272,1757753672.6317887
agv4,1757753672.7019303,1757753672.7029395,1757753672.7029395,1757753672.7491915
agv4,1757753672.7019303,1757753672.7055044,1757753672.7055044,1757753672.7496996
agv3,1757753673.6149023,1757753673.6164188,1757753673.6164188,1757753673.6588724
agv3,1757753673.6154084,1757753673.616926,1757753673.616926,1757753673.6593933
agv4,1757753673.702984,1757753673.7044997,1757753673.7044997,1757753673.7487452
agv3,1757753674.6160226,1757753674.6170304,1757753674.6170304,1757753674.6582024
agv4,1757753674.7037883,1757753674.7052383,1757753674.7052383,1757753674.7490058
agv3,1757753675.6532314,1757753675.6547482,1757753675.6547482,1757753675.6986356
agv4,1757753675.7042613,1757753675.705781,1757753675.705781,1757753675.7491744
agv3,1757753676.7273986,1757753676.728414,1757753676.728414,1757753676.7785778
agv4,1757753676.7831244,1757753676.7912498,1757753676.7912498,1757753676.8282535
agv2,1757753676.868623,1757753676.8711233,1757753676.8711233,1757753676.9285405
agv4,1757753676.9219298,1757753676.9391534,1757753676.9391534,1757753676.9684873
agv2,1757753677.8988094,1757753677.9026973,1757753677.9026973,1757753677.9195523
agv3,1757753677.8983035,1757753677.8993273,1757753677.8993273,1757753677.9484162
agv3,1757753677.8988094,1757753677.9072464,1757753677.9072464,1757753677.9499388
agv2,1757753677.9180367,1757753677.958104,1757753677.958104,1757753677.9778776
agv4,1757753677.9555228,1757753677.9601107,1757753677.9601107,1757753677.9987338
agv4,1757753677.956027,1757753677.9617078,1757753677.9617078,1757753677.9992418
agv3,1757753678.8995674,1757753678.900637,1757753678.900637,1757753678.9488208
agv2,1757753678.9624557,1757753678.9639823,1757753678.9639823,1757753679.0088425
agv2,1757753678.9624557,1757753678.971605,1757753678.971605,1757753679.0088425
agv3,1757753679.931402,1757753679.9330125,1757753679.9330125,1757753679.9779623
agv4,1757753679.9567862,1757753679.9583027,1757753679.9583027,1757753679.9983058
agv2,1757753679.9639432,1757753679.9649518,1757753679.9649518,1757753680.0185878
agv3,1757753680.9593284,1757753680.9598384,1757753680.9598384,1757753681.0087323
agv2,1757753680.989584,1757753681.0117574,1757753681.0117574,1757753681.037324
agv4,1757753680.9830055,1757753681.0087323,1757753681.0087323,1757753681.0388484
agv4,1757753680.9880471,1757753681.009738,1757753681.009738,1757753681.0393884
agv3,1757753681.9870863,1757753681.9886255,1757753681.9886255,1757753681.992956
agv3,1757753681.9917405,1757753682.0380776,1757753682.0380776,1757753682.041616
agv2,1757753682.0181415,1757753682.0400965,1757753682.0400965,1757753682.068304
agv4,1757753682.0181415,1757753682.0400965,1757753682.0400965,1757753682.068304
agv4,1757753682.0181415,1757753682.041616,1757753682.041616,1757753682.0698555
agv3,1757753683.019358,1757753683.0224307,1757753683.0224307,1757753683.0677135
agv4,1757753683.019358,1757753683.0208929,1757753683.0208929,1757753683.0677135
agv3,1757753683.019358,1757753683.022936,1757753683.022936,1757753683.0692434
agv2,1757753683.0468144,1757753683.0479646,1757753683.0479646,1757753683.098024
agv3,1757753684.0205965,1757753684.0216134,1757753684.0216134,1757753684.0675466
agv2,1757753684.077253,1757753684.078262,1757753684.078262,1757753684.0840955
agv4,1757753684.0499856,1757753684.0675466,1757753684.0675466,1757753684.0981648
agv2,1757753684.082081,1757753684.0840955,1757753684.0840955,1757753684.1280572
agv3,1757753685.0539758,1757753685.055515,1757753685.055515,1757753685.1083887
agv4,1757753685.0846732,1757753685.1083887,1757753685.1083887,1757753685.138617
agv4,1757753685.089243,1757753685.1096075,1757753685.1101708,1757753685.1391232
agv2,1757753685.11722,1757753685.1574986,1757753685.1574986,1757753685.168045
agv2,1757753685.1178024,1757753685.1595945,1757753685.1595945,1757753685.1690917
agv3,1757753686.0910234,1757753686.092558,1757753686.092558,1757753686.137075
agv4,1757753686.1223707,1757753686.122895,1757753686.1239042,1757753686.1682038

agv4,1757753686.122895,1757753686.126952,1757753686.126952,1757753686.1687346
agv4,1757753687.123655,1757753687.123655,1757753687.123655,1757753687.1678414
agv3,1757753687.1270208,1757753687.1284792,1757753687.1284792,1757753687.177755
agv2,1757753687.1511757,1757753687.177755,1757753687.177755,1757753687.198405
agv4,1757753688.154777,1757753688.1563246,1757753688.1563246,1757753688.1880274
agv3,1757753688.1579273,1757753688.1614442,1757753688.1614442,1757753688.2071183
agv4,1757753688.1865103,1757753688.2071183,1757753688.2071183,1757753688.2119517
agv2,1757753688.1774278,1757753688.2196186,1757753688.2196186,1757753688.2677772
agv3,1757753689.1912937,1757753689.1917996,1757753689.1917996,1757753689.2370625
agv4,1757753690.2078314,1757753690.2103481,1757753690.2103481,1757753690.2581723
agv4,1757753690.2083383,1757753690.2123826,1757753690.2123826,1757753690.2591977
agv3,1757753690.2272422,1757753690.2581723,1757753690.2581723,1757753690.2783906
agv4,1757753691.2147622,1757753691.216799,1757753691.216799,1757753691.2575254
agv3,1757753691.2636256,1757753691.2677622,1757753691.2677622,1757753691.3081467
agv4,1757753692.2427745,1757753692.2437851,1757753692.2437851,1757753692.2873878
agv4,1757753692.2427745,1757753692.2478468,1757753692.2478468,1757753692.2884364
agv3,1757753692.2930694,1757753692.2976384,1757753692.2976384,1757753692.3473432
agv3,1757753692.298646,1757753692.301167,1757753692.301167,1757753692.3473432
agv4,1757753693.2441008,1757753693.2451856,1757753693.2451856,1757753693.287829
agv3,1757753693.331344,1757753693.3323512,1757753693.3323512,1757753693.3775637
agv3,1757753693.331344,1757753693.3344193,1757753693.3344193,1757753693.3785703
agv4,1757753694.2745962,1757753694.2761214,1757753694.2761214,1757753694.2821646
agv4,1757753694.2806582,1757753694.3278115,1757753694.3278115,1757753694.3301604
agv3,1757753694.332672,1757753694.333682,1757753694.333682,1757753694.3770132
agv2,1757753695.1945152,1757753695.2276819,1757753695.2276819,1757753695.2297184
agv4,1757753695.3062005,1757753695.3077419,1757753695.3077419,1757753695.3574524
agv4,1757753695.3067343,1757753695.3122945,1757753695.3122945,1757753695.3589609
agv3,1757753695.3589609,1757753695.3595228,1757753695.3595228,1757753695.4075956
agv2,1757753696.2276814,1757753696.2676792,1757753696.2676792,1757753696.317402
agv2,1757753696.2276814,1757753696.2697377,1757753696.2697377,1757753696.318431
agv4,1757753696.307176,1757753696.3086894,1757753696.3086894,1757753696.357413
agv4,1757753697.3369224,1757753697.338435,1757753697.338435,1757753697.344498
agv4,1757753697.3429916,1757753697.3877907,1757753697.3877907,1757753697.3898096
agv4,1757753697.4054842,1757753697.4488182,1757753697.4488182,1757753697.497138
agv4,1757753698.4104512,1757753698.4125326,1757753698.4125326,1757753698.4573407
agv4,1757753699.4388533,1757753699.4403934,1757753699.4403934,1757753699.4874654
agv4,1757753699.4403934,1757753699.444441,1757753699.444441,1757753699.4884663
agv3,1757753700.3599882,1757753700.3617284,1757753700.3617284,1757753700.4073403
agv4,1757753700.4423711,1757753700.4435837,1757753700.4435837,1757753700.4872203
agv4,1757753701.468053,1757753701.4696484,1757753701.4696484,1757753701.5170774
agv4,1757753702.5005336,1757753702.501565,1757753702.501565,1757753702.5084078
agv4,1757753702.5073936,1757753702.5466912,1757753702.5466912,1757753702.557334
agv2,1757753703.2538898,1757753703.2557962,1757753703.2557962,1757753703.258955
agv4,1757753703.5421185,1757753703.54366,1757753703.54366,1757753703.5869513
agv4,1757753703.5421185,1757753703.5457256,1757753703.5457256,1757753703.5885904
agv2,1757753704.2850168,1757753704.2860281,1757753704.2860281,1757753704.326921
agv2,1757753704.2850168,1757753704.2882605,1757753704.2882605,1757753704.3274758
agv4,1757753704.5456047,1757753704.5469215,1757753704.5469215,1757753704.5972493
agv2,1757753705.286091,1757753705.2876084,1757753705.2876084,1757753705.3367286
agv3,1757753705.3612108,1757753705.362278,1757753705.362278,1757753705.4059541
agv4,1757753705.5765553,1757753705.5765553,1757753705.5780742,1757753705.6270514
agv2,1757753706.313197,1757753706.3147616,1757753706.3147616,1757753706.3213654
agv2,1757753706.3198035,1757753706.3665318,1757753706.3665318,1757753706.3949006
agv3,1757753706.3640177,1757753706.383136,1757753706.383136,1757753706.4123032
agv3,1757753706.4250789,1757753706.456934,1757753706.456934,1757753706.5064251
agv4,1757753706.6177704,1757753706.6197975,1757753706.6197975,1757753706.6671293
agv2,1757753707.345947,1757753707.34649,1757753707.34649,1757753707.396919
agv2,1757753707.34649,1757753707.3531005,1757753707.3531005,1757753707.39793
agv3,1757753707.4546537,1757753707.4561903,1757753707.4561903,1757753707.506712
agv3,1757753707.4546537,1757753707.4577072,1757753707.4577072,1757753707.508235
agv4,1757753707.6455522,1757753707.6470985,1757753707.6470985,1757753707.6972501
agv4,1757753707.6460893,1757753707.649282,1757753707.649282,1757753707.6982613
agv2,1757753708.3470743,1757753708.3480844,1757753708.3480844,1757753708.3960762
agv4,1757753708.6475508,1757753708.6485581,1757753708.6485581,1757753708.697442
agv2,1757753709.3791814,1757753709.3806956,1757753709.3812244,1757753709.4266088
agv3,1757753709.4564135,1757753709.4574425,1757753709.4574425,1757753709.506437
agv4,1757753709.6487093,1757753709.650229,1757753709.650229,1757753709.6962037
agv2,1757753710.4099414,1757753710.4115822,1757753710.4115822,1757753710.4218955
agv2,1757753710.4198184,1757753710.4218955,1757753710.4218955,1757753710.4669554
agv3,1757753710.4878514,1757753710.4888637,1757753710.4888637,1757753710.497472
agv3,1757753710.495952,1757753710.5367007,1757753710.5367007,1757753710.5469363
agv4,1757753710.6495059,1757753710.6515653,1757753710.6515653,1757753710.696401
agv2,1757753711.4530995,1757753711.4551566,1757753711.4551566,1757753711.4961512
agv2,1757753711.4541245,1757753711.4580603,1757753711.4580603,1757753711.4976664
agv3,1757753711.5278254,1757753711.528833,1757753711.528833,1757753711.5763345
agv3,1757753711.5278254,1757753711.540999,1757753711.540999,1757753711.577484
agv4,1757753711.6507666,1757753711.651805,1757753711.651805,1757753711.6741443
agv4,1757753711.671626,1757753711.6736357,1757753711.6736357,1757753711.7168405
agv2,1757753712.4548674,1757753712.4563973,1757753712.4563973,1757753712.4965243
agv3,1757753712.5293417,1757753712.5303543,1757753712.5303543,1757753712.5765836
agv4,1757753712.7008202,1757753712.702428,1757753712.702428,1757753712.7463493
agv4,1757753712.7013695,1757753712.7059624,1757753712.7059624,1757753712.7478666
agv2,1757753713.484423,1757753713.4864619,1757753713.4864619,1757753713.52625
agv3,1757753713.557445,1757753713.5585406,1757753713.5585406,1757753713.5671623
agv3,1757753713.5656416,1757753713.6067114,1757753713.6067114,1757753713.6166675
agv4,1757753713.702556,1757753713.704587,1757753713.704587,1757753713.7468328
agv2,1757753714.5163658,1757753714.517403,1757753714.517403,1757753714.5251486
agv2,1757753714.5229285,1757753714.5251486,1757753714.5251486,1757753714.5756602
agv3,1757753714.5928965,1757753714.5944178,1757753714.5944178,1757753714.6370468
agv3,1757753714.5934045,1757753714.5979602,1757753714.5979602,1757753714.6375544
agv4,1757753714.7385898,1757753714.7396004,1757753714.740602,1757753714.786505
agv2,1757753715.5514553,1757753715.5530043,1757753715.5530043,1757753715.5960374
agv2,1757753715.551999,1757753715.5550094,1757753715.5550094,1757753715.5975826
agv3,1757753715.5944915,1757753715.61617,1757753715.61617,1757753715.63613
agv4,1757753715.7688918,1757753715.7704985,1757753715.7704985,1757753715.816545
agv2,1757753716.552852,1757753716.5538638,1757753716.5538638,1757753716.5966852
agv3,1757753716.6206136,1757753716.6223242,1757753716.6223242,1757753716.666149
agv4,1757753716.7960303,1757753716.7976818,1757753716.7976818,1757753716.846352
agv2,1757753717.585223,1757753717.5867429,1757753717.5867429,1757753717.5908012
agv3,1757753717.6535337,1757753717.654591,1757753717.654591,1757753717.69582
agv4,1757753717.827313,1757753717.8288653,1757753717.8288653,1757753717.836999
agv4,1757753717.835456,1757753717.8759794,1757753717.8759794,1757753717.8865733
agv2,1757753718.6137848,1757753718.6153357,1757753718.6153357,1757753718.6560287
agv3,1757753718.682347,1757753718.6833642,1757753718.6833642,1757753718.726463
agv4,1757753718.8614051,1757753718.8624232,1757753718.8624232,1757753718.9066489
agv4,1757753718.8619173,1757753718.8670108,1757753718.8670108,1757753718.907665
agv2,1757753719.6457264,1757753719.6473548,1757753719.6473548,1757753719.6952074
agv3,1757753719.7234497,1757753719.7244594,1757753719.7244594,1757753719.766207
agv4,1757753719.862798,1757753719.8638043,1757753719.8638043,1757753719.9058273
agv2,1757753720.679699,1757753720.679699,1757753720.679699,1757753720.6857078
agv2,1757753720.6851976,1757753720.6857078,1757753720.687216,1757753720.7360034
agv3,1757753720.749456,1757753720.7504985,1757753720.7504985,1757753720.7963078
agv4,1757753720.893569,1757753720.8951097,1757753720.8951097,1757753720.935072
agv2,1757753721.7196016,1757753721.7201455,1757753721.7201455,1757753721.7653399
agv2,1757753721.7201455,1757753721.7351642,1757753721.7351642,1757753721.7668574
agv3,1757753721.852302,1757753721.8538182,1757753721.8538182,1757753721.8615534
agv3,1757753721.8605416,1757753721.8615534,1757753721.8615534,1757753721.9054022
agv4,1757753721.9871042,1757753721.9886465,1757753721.9886465,1757753722.0363045
agv2,1757753722.721174,1757753722.7226985,1757753722.7226985,1757753722.7663562
agv3,1757753722.882299,1757753722.883306,1757753722.883306,1757753722.9263635
agv3,1757753722.882299,1757753722.8873336,1757753722.8873336,1757753722.9273758
agv4,1757753723.0150619,1757753723.0160732,1757753723.0160732,1757753723.0237348
agv4,1757753723.0227237,1757753723.0237348,1757753723.0237348,1757753723.0751479
agv2,1757753723.7485273,1757753723.750123,1757753723.750123,1757753723.7959151
agv3,1757753723.8837533,1757753723.8842826,1757753723.8842826,1757753723.9258418
agv4,1757753724.05319,1757753724.0551977,1757753724.0551977,1757753724.0958424
agv4,1757753724.05319,1757753724.057787,1757753724.057787,1757753724.0968497
agv2,1757753724.749744,1757753724.7512605,1757753724.7512605,1757753724.795264
agv3,1757753724.9211755,1757753724.922688,1757753724.922688,1757753724.9652667
agv4,1757753725.0543656,1757753725.0554235,1757753725.0554235,1757753725.10568
agv2,1757753725.7507412,1757753725.7512596,1757753725.7512596,1757753725.794964
agv3,1757753725.9501624,1757753725.9517164,1757753725.9517164,1757753725.9955344
agv3,1757753725.9501624,1757753725.9602642,1757753725.9602642,1757753725.9970565
agv4,1757753726.0908828,1757753726.092591,1757753726.092591,1757753726.0998814
agv4,1757753726.0981624,1757753726.0998814,1757753726.0998814,1757753726.145647
agv2,1757753726.7517529,1757753726.752768,1757753726.752768,1757753726.7731626
agv2,1757753726.7710733,1757753726.805952,1757753726.805952,1757753726.8157332
agv3,1757753726.951776,1757753726.9533148,1757753726.9533148,1757753726.995688
agv4,1757753727.1332228,1757753727.1342318,1757753727.1342318,1757753727.17591
agv4,1757753727.1332228,1757753727.1363661,1757753727.1363661,1757753727.1769178
agv2,1757753727.8081427,1757753727.8096855,1757753727.8096855,1757753727.8545535
agv2,1757753727.8086743,1757753727.8106878,1757753727.8106878,1757753727.8566256
agv4,1757753728.1346881,1757753728.1360836,1757753728.1360836,1757753728.184903
agv4,1757753729.1680481,1757753729.1692648,1757753729.1692648,1757753729.2155993
agv2,1757753729.8091366,1757753729.8101478,1757753729.8101478,1757753729.8558114
agv4,1757753730.2036307,1757753730.2047975,1757753730.2047975,1757753730.2556798
agv2,1757753730.847738,1757753730.8497481,1757753730.8497481,1757753730.8728247
agv2,1757753730.8690088,1757753730.90571,1757753730.90571,1757753730.9258428
agv4,1757753730.8674688,1757753730.9072602,1757753730.9072602,1757753730.9546807
agv4,1757753731.889194,1757753731.8912346,1757753731.8912346,1757753731.9349859
agv3,1757753731.9524488,1757753731.9536922,1757753731.9536922,1757753731.9953656
agv2,1757753732.9065404,1757753732.9556744,1757753732.9556744,1757753732.9595642
agv2,1757753732.9070756,1757753732.9570088,1757753732.9570088,1757753732.9615822
agv4,1757753733.9060986,1757753733.907108,1757753733.907108,1757753733.954975
agv4,1757753734.9426522,1757753734.9441385,1757753734.9441385,1757753734.9853234
agv4,1757753735.976862,1757753735.9954884,1757753735.9954884,1757753736.0252976
agv4,1757753735.9803894,1757753735.9966195,1757753735.9966195,1757753736.0263076
agv3,1757753736.9537165,1757753736.9552548,1757753736.9552548,1757753737.0055392
agv4,1757753737.0090513,1757753737.0103867,1757753737.0109136,1757753737.0545404
agv4,1757753737.0090513,1757753737.011431,1757753737.011431,1757753737.056047
agv3,1757753737.9544983,1757753737.9555047,1757753737.9555047,1757753737.9767628
agv3,1757753737.9747052,1757753737.9767628,1757753737.9767628,1757753738.0245323
agv4,1757753738.0102055,1757753738.0117242,1757753738.0117242,1757753738.0542617
agv3,1757753739.011008,1757753739.0120373,1757753739.0120373,1757753739.0550013
agv3,1757753739.011513,1757753739.0155888,1757753739.0155888,1757753739.055505
agv4,1757753739.0444758,1757753739.0646205,1757753739.0646205,1757753739.0944593
agv4,1757753739.0509708,1757753739.066131,1757753739.066131,1757753739.0954998
agv2,1757753739.914454,1757753739.9544506,1757753739.9544506,1757753739.9748592
agv2,1757753739.9257495,1757753739.9570603,1757753739.9570603,1757753739.9758723
agv3,1757753740.0123112,1757753740.0143366,1757753740.0143366,1757753740.0550246
agv4,1757753740.083808,1757753740.0848417,1757753740.0848417,1757753740.134521
agv4,1757753740.0843136,1757753740.0873675,1757753740.0873675,1757753740.1360316
agv3,1757753741.0553648,1757753741.0564637,1757753741.0564637,1757753741.105057
agv4,1757753741.085153,1757753741.105057,1757753741.105057,1757753741.134466
agv3,1757753742.0867457,1757753742.0882523,1757753742.0882523,1757753742.134599
agv4,1757753742.115713,1757753742.134599,1757753742.134599,1757753742.1645129
agv3,1757753743.120146,1757753743.1211915,1757753743.1211915,1757753743.1648664
agv4,1757753743.151556,1757753743.1648664,1757753743.1648664,1757753743.1942818
agv4,1757753743.151556,1757753743.1674085,1757753743.1674085,1757753743.1957965
agv4,1757753744.1526496,1757753744.154659,1757753744.154659,1757753744.1947978
agv3,1757753744.154659,1757753744.1551743,1757753744.1551743,1757753744.2145405
agv4,1757753745.1535213,1757753745.1549733,1757753745.1549733,1757753745.2148137
agv3,1757753745.1881778,1757753745.1897118,1757753745.1897118,1757753745.2341218
agv4,1757753746.1539924,1757753746.1556056,1757753746.1556056,1757753746.2042403
agv3,1757753746.2191467,1757753746.2201564,1757753746.2201564,1757753746.2634022
agv2,1757753746.931252,1757753746.933354,1757753746.933354,1757753746.9745054
agv4,1757753747.1547422,1757753747.1557558,1757753747.1557558,1757753747.1720471
agv4,1757753747.1705425,1757753747.1720471,1757753747.1720471,1757753747.224106
agv3,1757753747.2499743,1757753747.251505,1757753747.251505,1757753747.2946029
agv2,1757753747.9583645,1757753747.9599214,1757753747.9599214,1757753748.0044124
agv2,1757753747.9589124,1757753747.9614346,1757753747.9614346,1757753748.005436
agv4,1757753748.1937058,1757753748.1942244,1757753748.1942244,1757753748.244614
agv4,1757753748.1942244,1757753748.1962729,1757753748.1962729,1757753748.2456243
agv3,1757753748.2762887,1757753748.2768068,1757753748.2768068,1757753748.2859154
agv3,1757753748.284395,1757753748.2859154,1757753748.2859154,1757753748.3341722
agv3,1757753749.3123536,1757753749.3133738,1757753749.3133738,1757753749.36433
agv3,1757753749.3128698,1757753749.3158934,1757753749.3158934,1757753749.36433
agv2,1757753749.9594657,1757753749.9604733,1757753749.9604733,1757753750.00389
agv4,1757753750.1949968,1757753750.197019,1757753750.1975725,1757753750.24461
agv3,1757753750.3137772,1757753750.314786,1757753750.314786,1757753750.364358
agv2,1757753750.9970703,1757753750.9991076,1757753750.9991076,1757753751.012365
agv2,1757753751.010844,1757753751.04415,1757753751.04415,1757753751.063847
agv4,1757753751.2249758,1757753751.225987,1757753751.225987,1757753751.230341
agv4,1757753751.2324014,1757753751.274638,1757753751.274638,1757753751.3245146
agv3,1757753751.3387556,1757753751.340293,1757753751.340293,1757753751.384588
agv2,1757753752.0363798,1757753752.0379193,1757753752.0379193,1757753752.0836852
agv2,1757753752.03691,1757753752.0399504,1757753752.0399504,1757753752.0846953
agv4,1757753752.2571504,1757753752.2581575,1757753752.2581575,1757753752.304076
agv4,1757753752.2571504,1757753752.2606702,1757753752.2606702,1757753752.305595
agv3,1757753752.3866398,1757753752.3881752,1757753752.3881752,1757753752.434376
agv2,1757753753.0376034,1757753753.0389526,1757753753.0389526,1757753753.0838895
agv4,1757753753.2582695,1757753753.2598789,1757753753.2598789,1757753753.3142464
agv3,1757753753.4177694,1757753753.4183116,1757753753.4183116,1757753753.4254038
agv3,1757753753.4238958,1757753753.4254038,1757753753.4254038,1757753753.473494
agv2,1757753754.065127,1757753754.066726,1757753754.066726,1757753754.1137185
agv4,1757753754.2839968,1757753754.2850983,1757753754.2850983,1757753754.3337858
agv3,1757753754.4503222,1757753754.4513326,1757753754.4513326,1757753754.4941885
agv3,1757753754.4503222,1757753754.455703,1757753754.455703,1757753754.4957256
agv2,1757753755.1036997,1757753755.1047094,1757753755.1047094,1757753755.1536012
agv4,1757753755.3201747,1757753755.3211863,1757753755.3211863,1757753755.3638422
agv3,1757753755.4517198,1757753755.453259,1757753755.453259,1757753755.494215
agv2,1757753756.134567,1757753756.1360893,1757753756.1360893,1757753756.1411247
agv2,1757753756.1396177,1757753756.1838903,1757753756.1838903,1757753756.1869442
agv4,1757753756.3493361,1757753756.3508976,1757753756.3508976,1757753756.393917
agv4,1757753756.4112291,1757753756.456815,1757753756.456815,1757753756.5045354
agv2,1757753756.4178953,1757753756.4537437,1757753756.4537437,1757753756.5045354
agv3,1757753756.483632,1757753756.4851775,1757753756.4851775,1757753756.518528
agv3,1757753756.5165107,1757753756.544193,1757753756.544193,1757753756.5732152
agv4,1757753757.430888,1757753757.432404,1757753757.432404,1757753757.4738195
agv3,1757753758.564383,1757753758.5654335,1757753758.5654335,1757753758.5745962
agv3,1757753758.5669606,1757753758.571561,1757753758.571561,1757753758.5776331
agv4,1757753759.4547582,1757753759.4565911,1757753759.4565911,1757753759.5032687
agv4,1757753760.4898758,1757753760.4918857,1757753760.4918857,1757753760.5332236
agv4,1757753760.4898758,1757753760.4933922,1757753760.4933922,1757753760.5342658
agv4,1757753762.4912677,1757753762.492797,1757753762.492797,1757753762.5338187
agv2,1757753763.4290757,1757753763.43016,1757753763.43016,1757753763.4733403
agv4,1757753763.518791,1757753763.5198221,1757753763.5198221,1757753763.5628715
agv2,1757753764.453127,1757753764.4541385,1757753764.4541385,1757753764.5027926
agv2,1757753764.453127,1757753764.4567962,1757753764.4567962,1757753764.5048676
agv4,1757753764.5460594,1757753764.5475733,1757753764.5475733,1757753764.5934308
agv2,1757753765.4546852,1757753765.4556947,1757753765.4556947,1757753765.5024333
agv4,1757753765.5740976,1757753765.575613,1757753765.575613,1757753765.6231809

agv2,1757753766.5041564,1757753766.506362,1757753766.506362,1757753766.5299997
agv2,1757753766.5289266,1757753766.553258,1757753766.553258,1757753766.5725343
agv3,1757753766.5725343,1757753766.6140628,1757753766.6140628,1757753766.6639519
agv4,1757753766.6324322,1757753766.633502,1757753766.633502,1757753766.6831713
agv3,1757753767.5784297,1757753767.5831773,1757753767.5831773,1757753767.6225414
agv2,1757753767.555611,1757753767.5948155,1757753767.5948155,1757753767.6433241
agv2,1757753767.555611,1757753767.5958247,1757753767.5958247,1757753767.644321
agv4,1757753767.6602654,1757753767.6617854,1757753767.6617854,1757753767.7028599
agv3,1757753768.6749275,1757753768.67645,1757753768.67645,1757753768.7236702
agv4,1757753768.797575,1757753768.7990935,1757753768.7990935,1757753768.8431237
agv3,1757753769.703799,1757753769.7058427,1757753769.7058427,1757753769.7241235
agv3,1757753769.7220554,1757753769.7537348,1757753769.7537348,1757753769.7726839
agv4,1757753769.824859,1757753769.826442,1757753769.826442,1757753769.8736577
agv3,1757753770.748399,1757753770.7500353,1757753770.7500353,1757753770.7932067
agv3,1757753770.748399,1757753770.7525666,1757753770.7525666,1757753770.7943347
agv4,1757753770.8505757,1757753770.8531384,1757753770.8531384,1757753770.859797
agv4,1757753770.8582635,1757753770.859797,1757753770.859797,1757753770.903512
agv3,1757753771.7498093,1757753771.7503338,1757753771.7503338,1757753771.7935274
agv4,1757753771.8858624,1757753771.886872,1757753771.886872,1757753771.9319923
agv4,1757753771.8858624,1757753771.8889263,1757753771.8889263,1757753771.93402
agv3,1757753772.7816844,1757753772.7832417,1757753772.7832417,1757753772.8330584
agv4,1757753772.8871315,1757753772.888141,1757753772.888141,1757753772.9335291
agv3,1757753773.8162289,1757753773.8182385,1757753773.8182385,1757753773.8633971
agv4,1757753773.9268212,1757753773.9283593,1757753773.9283593,1757753773.9732804
agv2,1757753774.5607107,1757753774.5633235,1757753774.5633235,1757753774.6031992
agv3,1757753774.8565278,1757753774.8577168,1757753774.8577168,1757753774.8648193
agv3,1757753774.863807,1757753774.9126682,1757753774.9132173,1757753774.9167697
agv4,1757753774.9596834,1757753774.9616942,1757753774.9616942,1757753775.002951
agv2,1757753775.591403,1757753775.5924127,1757753775.5924127,1757753775.642292
agv2,1757753775.591403,1757753775.5965173,1757753775.5965173,1757753775.643291
agv3,1757753775.8937175,1757753775.8952453,1757753775.8952453,1757753775.9427114
agv3,1757753775.8937175,1757753775.8967671,1757753775.8967671,1757753775.943721
agv4,1757753775.9892845,1757753775.990798,1757753775.990798,1757753776.0327532
agv3,1757753776.895457,1757753776.8964663,1757753776.8964663,1757753776.9424944
agv4,1757753777.0159264,1757753777.017462,1757753777.017462,1757753777.025613
agv4,1757753777.0235662,1757753777.025613,1757753777.025613,1757753777.072314
agv2,1757753777.5930169,1757753777.5945675,1757753777.5945675,1757753777.5980902
agv3,1757753777.9244955,1757753777.9262662,1757753777.9262662,1757753777.9729602
agv4,1757753778.0543382,1757753778.0548563,1757753778.0548563,1757753778.1022115
agv4,1757753778.0548563,1757753778.058546,1757753778.058546,1757753778.1032233
agv2,1757753778.618689,1757753778.6197183,1757753778.6197183,1757753778.626319
agv2,1757753778.624774,1757753778.626319,1757753778.626319,1757753778.6721547
agv3,1757753778.9567728,1757753778.9578393,1757753778.9578393,1757753779.0028975
agv4,1757753779.0556061,1757753779.0569787,1757753779.0575206,1757753779.1022286
agv2,1757753779.6519544,1757753779.653999,1757753779.653999,1757753779.702351
agv2,1757753779.652963,1757753779.6582832,1757753779.6582832,1757753779.7033625
agv3,1757753779.9869094,1757753779.987923,1757753779.987923,1757753780.0136368
agv3,1757753780.0126367,1757753780.0136368,1757753780.0136368,1757753780.0625205
agv4,1757753780.082953,1757753780.0845547,1757753780.0845547,1757753780.132789
agv2,1757753780.6535714,1757753780.6540892,1757753780.6540892,1757753780.702086
agv3,1757753781.0377624,1757753781.0387733,1757753781.0387733,1757753781.0821524
agv3,1757753781.0377624,1757753781.0424545,1757753781.0424545,1757753781.083153
agv4,1757753781.13703,1757753781.1381328,1757753781.1381328,1757753781.1826282
agv2,1757753781.6806319,1757753781.6821642,1757753781.6821642,1757753781.7226272
agv4,1757753782.1774638,1757753782.17799,1757753782.17799,1757753782.222105
agv2,1757753782.7223785,1757753782.7243886,1757753782.7243886,1757753782.7729862
agv2,1757753782.7295074,1757753782.7345808,1757753782.7345808,1757753782.7739968
agv3,1757753783.039357,1757753783.0409312,1757753783.0409312,1757753783.081951
agv4,1757753783.207941,1757753783.2097251,1757753783.2097251,1757753783.2621841
agv2,1757753783.7586808,1757753783.7608309,1757753783.7608309,1757753783.8018882
agv2,1757753783.7598138,1757753783.763902,1757753783.763902,1757753783.8028982
agv3,1757753784.0693994,1757753784.070972,1757753784.070972,1757753784.112069
agv4,1757753784.263142,1757753784.264778,1757753784.264778,1757753784.3121684
agv2,1757753784.7608335,1757753784.762423,1757753784.762423,1757753784.8120515
agv3,1757753785.1011567,1757753785.1021929,1757753785.1021929,1757753785.152601
agv4,1757753785.306811,1757753785.3078728,1757753785.3078728,1757753785.3526812
agv2,1757753785.7966423,1757753785.7979767,1757753785.7979767,1757753785.8066885
agv2,1757753785.805674,1757753785.8519232,1757753785.8524544,1757753785.856497
agv3,1757753786.1442065,1757753786.1457589,1757753786.1457589,1757753786.1529124
agv3,1757753786.151899,1757753786.192288,1757753786.192288,1757753786.201986
agv4,1757753786.3556857,1757753786.3576958,1757753786.3576958,1757753786.401987
agv2,1757753786.8348439,1757753786.83636,1757753786.83636,1757753786.8818011
agv2,1757753786.8353512,1757753786.8378818,1757753786.8378818,1757753786.8828092
agv3,1757753787.3981214,1757753787.4001737,1757753787.4001737,1757753787.4521039
agv3,1757753787.4052536,1757753787.4114294,1757753787.4114294,1757753787.4526665
agv4,1757753787.6050267,1757753787.6065667,1757753787.6065667,1757753787.6521893
agv2,1757753787.8366735,1757753787.8376832,1757753787.8376832,1757753787.881632
agv3,1757753788.4105809,1757753788.4126387,1757753788.4126387,1757753788.46143
agv4,1757753788.6386461,1757753788.640671,1757753788.640671,1757753788.6820958
agv2,1757753788.8678858,1757753788.869452,1757753788.869452,1757753788.9115386
agv3,1757753789.4582853,1757753789.4598198,1757753789.4598198,1757753789.5023258
agv4,1757753789.6741953,1757753789.6757147,1757753789.6757147,1757753789.7220385
agv2,1757753789.9136856,1757753789.9142,1757753789.9142,1757753789.9225628
agv2,1757753789.9210231,1757753789.9616039,1757753789.9616039,1757753789.9717238
agv3,1757753790.5972595,1757753790.598269,1757753790.598269,1757753790.642075
agv4,1757753790.8848164,1757753790.8868413,1757753790.8868413,1757753790.931677
agv2,1757753791.0314,1757753791.0319552,1757753791.0319552,1757753791.081977
agv2,1757753791.0319552,1757753791.0368328,1757753791.0374506,1757753791.081977
agv3,1757753791.6297216,1757753791.631235,1757753791.631235,1757753791.671637
agv4,1757753791.9170222,1757753791.9185355,1757753791.9185355,1757753791.960918
agv2,1757753792.0339413,1757753792.0350266,1757753792.035546,1757753792.0813212
agv3,1757753792.6615918,1757753792.662946,1757753792.662946,1757753792.7109704
agv4,1757753792.9517636,1757753792.953281,1757753792.953281,1757753792.9750285
agv4,1757753792.9729273,1757753792.9750285,1757753792.9750285,1757753793.0217319
agv2,1757753793.0716538,1757753793.0738807,1757753793.0738807,1757753793.0819738
agv2,1757753793.079964,1757753793.1216786,1757753793.1216786,1757753793.1310287
agv3,1757753793.7117128,1757753793.7131398,1757753793.7131398,1757753793.761211
agv2,1757753794.1109276,1757753794.1119373,1757753794.1119373,1757753794.1618884
agv2,1757753794.1119373,1757753794.1134477,1757753794.1134477,1757753794.1628895
agv3,1757753794.7387946,1757753794.7398055,1757753794.7398055,1757753794.7817037
agv2,1757753795.1128023,1757753795.1138113,1757753795.1138113,1757753795.1611898
agv3,1757753795.7690136,1757753795.7705646,1757753795.7705646,1757753795.8110712
agv2,1757753796.1424835,1757753796.1434903,1757753796.143997,1757753796.1911883
agv3,1757753796.7962296,1757753796.7977605,1757753796.7977605,1757753796.8411689
agv3,1757753796.7962296,1757753796.7999427,1757753796.7999427,1757753796.8421788
agv4,1757753796.9781494,1757753796.9807096,1757753796.9807096,1757753797.0209086
agv2,1757753797.173121,1757753797.1746366,1757753797.1746366,1757753797.2213163
agv3,1757753797.7973652,1757753797.7990713,1757753797.7990713,1757753797.8417463
agv4,1757753798.0077868,1757753798.0087965,1757753798.009798,1757753798.0513165
agv4,1757753798.0077868,1757753798.0108135,1757753798.0108135,1757753798.0513165
agv2,1757753798.2073984,1757753798.2085204,1757753798.2085204,1757753798.2516828
agv4,1757753799.0090668,1757753799.0101032,1757753799.0101032,1757753799.0516984
agv2,1757753799.255587,1757753799.2571025,1757753799.2571025,1757753799.3012073
agv4,1757753800.0403495,1757753800.0420299,1757753800.0420299,1757753800.0907853
agv2,1757753800.2877126,1757753800.2882175,1757753800.2882175,1757753800.3305612
agv4,1757753801.070327,1757753801.0713358,1757753801.0713358,1757753801.121425
agv2,1757753801.3168511,1757753801.3184276,1757753801.3184276,1757753801.3244994
agv2,1757753801.3234816,1757753801.3244994,1757753801.3244994,1757753801.3713682
agv4,1757753802.1032329,1757753802.1048853,1757753802.1048853,1757753802.1511545
agv2,1757753802.353797,1757753802.3559117,1757753802.3559117,1757753802.4010887
agv2,1757753802.354342,1757753802.3584363,1757753802.3584363,1757753802.4026275
agv3,1757753802.7987854,1757753802.7997906,1757753802.7997906,1757753802.8409522
agv4,1757753803.1337547,1757753803.135293,1757753803.135293,1757753803.181123
agv2,1757753803.3569646,1757753803.3580544,1757753803.3580544,1757753803.400879
agv4,1757753804.1826398,1757753804.1846726,1757753804.1846726,1757753804.204735
agv4,1757753804.2036633,1757753804.204735,1757753804.204735,1757753804.2504954
agv2,1757753804.4082105,1757753804.4099288,1757753804.4099288,1757753804.4505138
agv4,1757753805.2313433,1757753805.2329047,1757753805.233414,1757753805.280904
agv4,1757753805.2329047,1757753805.2429335,1757753805.2429335,1757753805.281905
agv2,1757753805.4458673,1757753805.446876,1757753805.446876,1757753805.4906497
agv4,1757753806.2346632,1757753806.2361856,1757753806.2361856,1757753806.281028
agv2,1757753806.4723227,1757753806.4738815,1757753806.4738815,1757753806.5211058
agv4,1757753807.2626486,1757753807.2641659,1757753807.2641659,1757753807.310968
agv2,1757753807.4988837,1757753807.500417,1757753807.500417,1757753807.5408778
agv3,1757753807.799357,1757753807.8003645,1757753807.8003645,1757753807.8504004
agv4,1757753808.2894728,1757753808.2910154,1757753808.2910154,1757753808.3406856
agv2,1757753808.5259497,1757753808.5275078,1757753808.5275078,1757753808.5709095
agv3,1757753808.800044,1757753808.801618,1757753808.801618,1757753808.8371382
agv3,1757753808.8346083,1757753808.8506083,1757753808.8506083,1757753808.8801882
agv4,1757753809.320791,1757753809.3218048,1757753809.3218048,1757753809.369874
agv2,1757753809.5581021,1757753809.5596302,1757753809.5596302,1757753809.601071
agv3,1757753809.8655531,1757753809.8670955,1757753809.8670955,1757753809.909742
agv3,1757753809.8660796,1757753809.8693306,1757753809.8693306,1757753809.9112546
agv4,1757753810.3496234,1757753810.3512,1757753810.3512,1757753810.4006536
agv2,1757753810.583928,1757753810.585004,1757753810.585004,1757753810.629999
agv4,1757753811.3936303,1757753811.3951626,1757753811.3951626,1757753811.4027221
agv4,1757753811.4017067,1757753811.4027221,1757753811.4027221,1757753811.4504256
agv2,1757753811.6407886,1757753811.6422257,1757753811.6422257,1757753811.691073
agv3,1757753811.86683,1757753811.8684058,1757753811.8684058,1757753811.9095662
agv4,1757753812.4270701,1757753812.4280798,1757753812.4280798,1757753812.4708192
agv4,1757753812.4270701,1757753812.4336789,1757753812.4336789,1757753812.4718213
agv2,1757753812.6722999,1757753812.6738706,1757753812.6738706,1757753812.7200093
agv2,1757753812.6722999,1757753812.6766536,1757753812.6766536,1757753812.7215385
agv3,1757753812.9008088,1757753812.9028335,1757753812.9028335,1757753812.9103527
agv3,1757753812.9092696,1757753812.949573,1757753812.949573,1757753812.9607444
agv4,1757753813.4288273,1757753813.4304667,1757753813.4304667,1757753813.4805562
agv2,1757753813.6740854,1757753813.675631,1757753813.675631,1757753813.720319
agv3,1757753813.9419522,1757753813.9434657,1757753813.9434657,1757753813.9907901
agv3,1757753813.9424589,1757753813.9468086,1757753813.9468086,1757753813.9907901
agv4,1757753814.4580526,1757753814.4597552,1757753814.4597552,1757753814.4651744
agv4,1757753814.463763,1757753814.4651744,1757753814.4651744,1757753814.5104704
agv3,1757753814.9432938,1757753814.9443016,1757753814.9443016,1757753814.9900503
agv4,1757753815.4948428,1757753815.495371,1757753815.4963777,1757753815.5402482
agv4,1757753815.4948428,1757753815.497378,1757753815.497378,1757753815.5412548
agv3,1757753815.9780724,1757753815.9801266,1757753815.9801266,1757753816.0201402
agv4,1757753816.4957697,1757753816.4972878,1757753816.4972878,1757753816.5500224
agv3,1757753817.0177896,1757753817.0188026,1757753817.0188026,1757753817.0604153
agv4,1757753817.5264604,1757753817.5279782,1757753817.5279782,1757753817.5340974
agv4,1757753817.5325503,1757753817.5800927,1757753817.5800927,1757753817.5826166
agv3,1757753818.0466342,1757753818.048188,1757753818.048188,1757753818.0897846
agv4,1757753818.5648272,1757753818.5658345,1757753818.566838,1757753818.6103616
agv4,1757753818.5648272,1757753818.56836,1757753818.56836,1757753818.6113896
agv2,1757753818.6753218,1757753818.6768477,1757753818.6768477,1757753818.7195635
agv3,1757753819.114059,1757753819.1150699,1757753819.1150699,1757753819.1593142
agv4,1757753819.5662785,1757753819.567289,1757753819.567289,1757753819.6103704
agv3,1757753820.1448143,1757753820.1463516,1757753820.1463516,1757753820.1557326
agv3,1757753820.153199,1757753820.200375,1757753820.200375,1757753820.2039506
agv4,1757753820.5964508,1757753820.5964508,1757753820.5964508,1757753820.6397455
agv3,1757753821.1795073,1757753821.181557,1757753821.181557,1757753821.2299297
agv3,1757753821.1805472,1757753821.1840758,1757753821.1840758,1757753821.2314506
agv4,1757753821.6335723,1757753821.6351278,1757753821.6351278,1757753821.6794007
agv3,1757753822.1812646,1757753822.1823003,1757753822.1823003,1757753822.2293837
agv4,1757753822.668464,1757753822.6700494,1757753822.6700494,1757753822.7195556
agv4,1757753822.6694796,1757753822.6733391,1757753822.6733391,1757753822.721074
agv3,1757753823.252446,1757753823.2545967,1757753823.2545967,1757753823.2629492
agv3,1757753823.2611358,1757753823.2629492,1757753823.2629492,1757753823.3200579
agv4,1757753823.6701877,1757753823.671708,1757753823.671708,1757753823.7194946
agv2,1757753823.6763642,1757753823.7194946,1757753823.7194946,1757753823.7235272
agv3,1757753824.2916925,1757753824.2927015,1757753824.2927015,1757753824.3396652
agv3,1757753824.2916925,1757753824.295741,1757753824.295741,1757753824.3406768
agv2,1757753824.6774068,1757753824.6794617,1757753824.6794617,1757753824.7204866
agv2,1757753824.7330985,1757753824.7702374,1757753824.7702374,1757753824.8194537
agv3,1757753825.2931736,1757753825.295187,1757753825.295187,1757753825.339898
agv3,1757753826.330512,1757753826.3320348,1757753826.3320348,1757753826.3416886
agv3,1757753826.3396757,1757753826.3799665,1757753826.3799665,1757753826.390133
agv3,1757753827.374879,1757753827.3763952,1757753827.3763952,1757753827.4194965
agv3,1757753827.374879,1757753827.3799155,1757753827.3799155,1757753827.4210172
agv3,1757753828.3762085,1757753828.3774753,1757753828.3774753,1757753828.4194221
agv4,1757753828.671064,1757753828.6720762,1757753828.6720762,1757753828.7193835
agv3,1757753829.408525,1757753829.409538,1757753829.409538,1757753829.459394
agv3,1757753829.4158347,1757753829.4214787,1757753829.4214787,1757753829.459394
agv2,1757753829.752832,1757753829.7544065,1757753829.7544065,1757753829.799652
agv3,1757753830.4480684,1757753830.450232,1757753830.450232,1757753830.4994805
agv3,1757753830.4491558,1757753830.4533045,1757753830.4533045,1757753830.5005512
agv2,1757753830.7797976,1757753830.7818048,1757753830.7818048,1757753830.829469
agv2,1757753830.7808077,1757753830.7828393,1757753830.7828393,1757753830.8309877
agv3,1757753831.449927,1757753831.4509382,1757753831.4509382,1757753831.499691
agv3,1757753832.480853,1757753832.4818637,1757753832.4818637,1757753832.5296311
agv2,1757753832.7818987,1757753832.7834196,1757753832.7834196,1757753832.8293066
agv3,1757753833.5116682,1757753833.5122237,1757753833.5122237,1757753833.5452049
agv3,1757753833.5436838,1757753833.56943,1757753833.56943,1757753833.5891762
agv4,1757753833.6724946,1757753833.6745143,1757753833.6745143,1757753833.7197404
agv2,1757753833.82169,1757753833.8232498,1757753833.8232498,1757753833.8328407
agv2,1757753833.8307567,1757753833.8328407,1757753833.8328407,1757753833.8786886
agv4,1757753834.6840863,1757753834.686627,1757753834.686627,1757753834.7307446
agv4,1757753834.741339,1757753834.7900841,1757753834.7900841,1757753834.8381464
agv2,1757753834.8620377,1757753834.8632216,1757753834.8632216,1757753834.909564
agv2,1757753834.8620377,1757753834.8652556,1757753834.8652556,1757753834.9105759
agv2,1757753835.8692598,1757753835.8707807,1757753835.8707807,1757753835.9192624
agv3,1757753836.5742383,1757753836.5757627,1757753836.5757627,1757753836.6193519
agv2,1757753836.965627,1757753836.9676383,1757753836.9676383,1757753837.0119536
agv3,1757753837.6070611,1757753837.607607,1757753837.607607,1757753837.6490858
agv4,1757753837.7660127,1757753837.7670236,1757753837.7670236,1757753837.809183
agv2,1757753838.0066643,1757753838.008708,1757753838.008708,1757753838.0490527
agv3,1757753838.635889,1757753838.6374435,1757753838.6374435,1757753838.6425867
agv3,1757753838.6415858,1757753838.6425867,1757753838.6425867,1757753838.6887038
agv4,1757753838.7903135,1757753838.7913272,1757753838.7913272,1757753838.8382776
agv4,1757753838.7903135,1757753838.7943714,1757753838.7943714,1757753838.839792
agv2,1757753839.0364237,1757753839.0364237,1757753839.0364237,1757753839.0792274
agv3,1757753839.6658802,1757753839.6668918,1757753839.6668918,1757753839.707771
agv3,1757753839.6658802,1757753839.6706152,1757753839.6706152,1757753839.7098067
agv2,1757753840.0692852,1757753840.0706787,1757753840.0706787,1757753840.1179967
agv2,1757753840.1732721,1757753840.2204707,1757753840.2204707,1757753840.269355
agv3,1757753840.6672304,1757753840.6688595,1757753840.6688595,1757753840.718959
agv4,1757753840.7911923,1757753840.7922025,1757753840.7922025,1757753840.8385704
agv4,1757753840.7911923,1757753840.794215,1757753840.794215,1757753840.8395722
agv3,1757753841.6968784,1757753841.698529,1757753841.698529,1757753841.7384892
agv4,1757753841.7990763,1757753841.8007164,1757753841.8007164,1757753841.8482592
agv3,1757753842.724802,1757753842.726457,1757753842.726457,1757753842.7677584
agv4,1757753842.827406,1757753842.8285336,1757753842.8285336,1757753842.878913

agv4,1757753843.8552651,1757753843.8562715,1757753843.8562715,1757753843.8794231
agv4,1757753843.8773456,1757753843.8794231,1757753843.8794231,1757753843.9288237
agv4,1757753845.0250344,1757753845.0271053,1757753845.0271053,1757753845.0690074
agv4,1757753846.0805323,1757753846.0815783,1757753846.0815783,1757753846.1282914
agv4,1757753846.0815783,1757753846.0846379,1757753846.0846379,1757753846.1298118
agv2,1757753847.256435,1757753847.2579682,1757753847.2579682,1757753847.3080137
agv2,1757753847.2569573,1757753847.2647948,1757753847.2647948,1757753847.3095205
agv4,1757753848.0830188,1757753848.0840843,1757753848.0840843,1757753848.1280537
agv4,1757753849.1140604,1757753849.115585,1757753849.115585,1757753849.1216667
agv4,1757753849.1196537,1757753849.1216667,1757753849.1216667,1757753849.168024
agv3,1757753849.8499954,1757753849.8991413,1757753849.8991413,1757753849.9485455
agv4,1757753850.1463966,1757753850.1479244,1757753850.1479244,1757753850.1976225
agv4,1757753850.1469147,1757753850.1509514,1757753850.1514707,1757753850.1991272
agv4,1757753851.1474802,1757753851.1479864,1757753851.1479864,1757753851.1984713
agv3,1757753851.8784218,1757753851.8804517,1757753851.8804517,1757753851.928142
agv3,1757753851.8799403,1757753851.883497,1757753851.883497,1757753851.929412
agv4,1757753852.1783333,1757753852.1794624,1757753852.1794624,1757753852.2276232
agv3,1757753852.902811,1757753852.9048579,1757753852.9048579,1757753852.9476798
agv4,1757753853.2333753,1757753853.2350492,1757753853.2350492,1757753853.2781374
agv3,1757753853.9350052,1757753853.9365532,1757753853.9365532,1757753853.978362
agv3,1757753853.935544,1757753853.939598,1757753853.939598,1757753853.9793723
agv2,1757753854.2644784,1757753854.2664907,1757753854.2664907,1757753854.2698483
agv4,1757753854.2726333,1757753854.327736,1757753854.327736,1757753854.3313713
agv2,1757753855.2907698,1757753855.2917788,1757753855.2917788,1757753855.337711
agv2,1757753855.2907698,1757753855.2953415,1757753855.2953415,1757753855.3392217
agv4,1757753855.300387,1757753855.3479936,1757753855.3479936,1757753855.368431
agv4,1757753855.3110192,1757753855.349501,1757753855.349501,1757753855.3694298
agv3,1757753855.936044,1757753855.9370723,1757753855.9370723,1757753855.9781165
agv2,1757753856.2920105,1757753856.2936008,1757753856.2941434,1757753856.3382556
agv4,1757753856.3414807,1757753856.3431098,1757753856.3431098,1757753856.3884037
agv4,1757753856.3420255,1757753856.345419,1757753856.345419,1757753856.389478
agv3,1757753856.9625368,1757753856.9640546,1757753856.9640546,1757753857.0074291
agv2,1757753857.323901,1757753857.3249118,1757753857.3249118,1757753857.3537934
agv4,1757753857.3426168,1757753857.3772666,1757753857.3772666,1757753857.3873975
agv2,1757753857.3522766,1757753857.3797874,1757753857.3797874,1757753857.3979962
agv3,1757753857.992224,1757753857.994449,1757753857.994449,1757753858.0010157
agv3,1757753858.0000055,1757753858.0010157,1757753858.0010157,1757753858.0477235
agv4,1757753858.3766794,1757753858.3789504,1757753858.3789504,1757753858.4276047
agv2,1757753858.387253,1757753858.4276047,1757753858.4276047,1757753858.4476104
agv2,1757753858.3883302,1757753858.4306479,1757753858.4306479,1757753858.4486117
agv3,1757753859.0392272,1757753859.0402417,1757753859.0402417,1757753859.087957
agv3,1757753859.041766,1757753859.044288,1757753859.044288,1757753859.0889564
agv2,1757753859.389066,1757753859.3906107,1757753859.3906107,1757753859.437619
agv4,1757753859.4124575,1757753859.437619,1757753859.437619,1757753859.457931
agv3,1757753860.0433712,1757753860.0444322,1757753860.0444322,1757753860.0876389
agv4,1757753860.4383905,1757753860.4404173,1757753860.4404173,1757753860.4485734
agv2,1757753860.4168186,1757753860.4178896,1757753860.4178896,1757753860.4679067
agv4,1757753860.4470506,1757753860.4485734,1757753860.4485734,1757753860.4978793
agv3,1757753861.0790308,1757753861.0811312,1757753861.0811312,1757753861.1277964
agv2,1757753861.4545844,1757753861.4555936,1757753861.4555936,1757753861.497036
agv4,1757753861.4830096,1757753861.5077624,1757753861.5077624,1757753861.5276566
agv4,1757753861.4830096,1757753861.5098202,1757753861.5098202,1757753861.5287168
agv3,1757753861.4726198,1757753861.5123384,1757753861.5123384,1757753861.5570357
agv2,1757753861.5484495,1757753861.549494,1757753861.549494,1757753861.597077
agv3,1757753862.4782987,1757753862.4793,1757753862.4793,1757753862.5267475
agv4,1757753862.4846222,1757753862.5267475,1757753862.5277705,1757753862.5303493
agv3,1757753863.510347,1757753863.5118833,1757753863.5118833,1757753863.557322
agv4,1757753863.516417,1757753863.557322,1757753863.557322,1757753863.567282
agv3,1757753864.5419533,1757753864.542961,1757753864.542961,1757753864.5873587
agv4,1757753864.5495188,1757753864.5873587,1757753864.5873587,1757753864.5973945
agv4,1757753864.5550282,1757753864.5893679,1757753864.5893679,1757753864.5983975
agv3,1757753865.5713146,1757753865.572829,1757753865.572829,1757753865.6171126
agv4,1757753865.5819402,1757753865.5829484,1757753865.5829484,1757753865.6269307
agv4,1757753865.5819402,1757753865.585991,1757753865.585991,1757753865.6282053
agv4,1757753866.5833306,1757753866.584878,1757753866.584878,1757753866.6271198
agv3,1757753866.600722,1757753866.6368358,1757753866.6368358,1757753866.6567943
agv3,1757753866.6062846,1757753866.6383417,1757753866.6383417,1757753866.6583076
agv4,1757753867.6150303,1757753867.6165507,1757753867.6165507,1757753867.6575274
agv4,1757753867.6150303,1757753867.6178434,1757753867.6178434,1757753867.6580334
agv3,1757753867.63667,1757753867.6675487,1757753867.6675487,1757753867.6872602
agv3,1757753867.6371794,1757753867.6690857,1757753867.6690857,1757753867.6872602
agv2,1757753868.553123,1757753868.55565,1757753868.55565,1757753868.5969553
agv4,1757753868.6161845,1757753868.6176999,1757753868.6176999,1757753868.667366
agv3,1757753868.6385944,1757753868.667366,1757753868.667366,1757753868.6874094
agv2,1757753869.586869,1757753869.588075,1757753869.588075,1757753869.6365926
agv3,1757753869.6682506,1757753869.6697698,1757753869.670328,1757753869.71736
agv2,1757753870.617169,1757753870.618715,1757753870.618715,1757753870.667165
agv3,1757753870.7008915,1757753870.701902,1757753870.701902,1757753870.7468045
agv2,1757753871.65412,1757753871.6556368,1757753871.656144,1757753871.6642718
agv2,1757753871.662753,1757753871.6642718,1757753871.6642718,1757753871.7071903
agv3,1757753871.7384307,1757753871.7394416,1757753871.7394416,1757753871.7858663
agv2,1757753872.6942039,1757753872.696213,1757753872.696213,1757753872.7361374
agv2,1757753872.6942039,1757753872.7027533,1757753872.7027533,1757753872.7371347
agv3,1757753872.7695022,1757753872.771051,1757753872.771051,1757753872.816963
agv4,1757753873.6167793,1757753873.6167793,1757753873.6167793,1757753873.6208336
agv2,1757753873.6956496,1757753873.697169,1757753873.697169,1757753873.7462003
agv3,1757753873.8025243,1757753873.8045704,1757753873.8045704,1757753873.8463242
agv2,1757753874.7314577,1757753874.732467,1757753874.732467,1757753874.7395525
agv2,1757753874.7380393,1757753874.7395525,1757753874.7395525,1757753874.786615
agv3,1757753874.8345847,1757753874.835752,1757753874.835752,1757753874.8764288
agv2,1757753875.7686925,1757753875.7702074,1757753875.7702074,1757753875.8163369
agv2,1757753875.7692008,1757753875.7712123,1757753875.7712123,1757753875.8178432
agv3,1757753875.8709092,1757753875.8727741,1757753875.8727741,1757753875.9167418
agv2,1757753876.770093,1757753876.7716448,1757753876.7716448,1757753876.8159866
agv3,1757753876.9042912,1757753876.9058287,1757753876.9058287,1757753876.9459782
agv2,1757753877.8029397,1757753877.8039508,1757753877.8039508,1757753877.8108306
agv2,1757753877.8093002,1757753877.8564997,1757753877.8564997,1757753877.8598459
agv3,1757753877.9375207,1757753877.9395916,1757753877.9395916,1757753877.9462347
agv3,1757753877.9447079,1757753877.9868836,1757753877.9868836,1757753877.9965043
agv4,1757753878.6189628,1757753878.6200254,1757753878.6200254,1757753878.6671813
agv2,1757753878.850199,1757753878.8507054,1757753878.8522296,1757753878.896494
agv2,1757753878.8507054,1757753878.8598258,1757753878.8598258,1757753878.897501
agv3,1757753878.9853232,1757753878.9866662,1757753878.9866662,1757753879.036359
agv3,1757753878.9853232,1757753878.9887328,1757753878.9887328,1757753879.0374043
agv4,1757753879.620978,1757753879.6219873,1757753879.6219873,1757753879.6407466
agv4,1757753879.639737,1757753879.6407466,1757753879.6407466,1757753879.686166
agv2,1757753879.8524365,1757753879.8539665,1757753879.8539665,1757753879.8959634
agv3,1757753879.9865053,1757753879.98755,1757753879.9880698,1757753880.036282
agv4,1757753880.6691873,1757753880.670716,1757753880.670716,1757753880.7161636
agv4,1757753880.6691873,1757753880.6727593,1757753880.6727593,1757753880.7176738
agv2,1757753880.900673,1757753880.902279,1757753880.902279,1757753880.946579
agv3,1757753881.0347826,1757753881.0357928,1757753881.0357928,1757753881.0861871
agv4,1757753881.670432,1757753881.6719463,1757753881.6719463,1757753881.716178
agv2,1757753881.9274254,1757753881.9284348,1757753881.9284348,1757753881.9381566
agv2,1757753881.93621,1757753881.9757357,1757753881.9757357,1757753881.985311
agv3,1757753882.062279,1757753882.0638003,1757753882.0638003,1757753882.1059942
agv4,1757753882.777945,1757753882.7798915,1757753882.7798915,1757753882.8260748
agv2,1757753883.036188,1757753883.0371976,1757753883.0371976,1757753883.0865006
agv2,1757753883.036188,1757753883.0412097,1757753883.0412097,1757753883.0875013
agv3,1757753883.098351,1757753883.099969,1757753883.099969,1757753883.1130738
agv3,1757753883.1112616,1757753883.1130738,1757753883.1130738,1757753883.1561978
agv4,1757753883.8105235,1757753883.8115835,1757753883.8115835,1757753883.8564303
agv2,1757753884.038503,1757753884.0395105,1757753884.0395105,1757753884.086137
agv3,1757753884.1503634,1757753884.15188,1757753884.15188,1757753884.1950917
agv3,1757753884.1503634,1757753884.1549003,1757753884.1549003,1757753884.1971228
agv4,1757753884.848196,1757753884.8492098,1757753884.8492098,1757753884.8959575
agv2,1757753885.074389,1757753885.0759282,1757753885.0759282,1757753885.0823553
agv2,1757753885.0805962,1757753885.0823553,1757753885.0823553,1757753885.1251194
agv3,1757753885.151741,1757753885.1532848,1757753885.1532848,1757753885.1952841
agv4,1757753885.8852499,1757753885.8862624,1757753885.8862624,1757753885.9360974
agv2,1757753886.1309254,1757753886.1314323,1757753886.1314323,1757753886.1754646
agv2,1757753886.1314323,1757753886.1350844,1757753886.1350844,1757753886.1764736
agv3,1757753886.2023726,1757753886.203915,1757753886.203915,1757753886.2460377
agv4,1757753886.9345138,1757753886.935051,1757753886.935051,1757753886.9762547
agv2,1757753887.1324155,1757753887.133941,1757753887.133941,1757753887.1751256
agv3,1757753887.2370346,1757753887.23919,1757753887.23919,1757753887.2856402
agv4,1757753887.9663513,1757753887.967366,1757753887.967366,1757753888.0160027
agv2,1757753888.1617904,1757753888.1633232,1757753888.1633232,1757753888.2057614
agv3,1757753888.2647526,1757753888.2658188,1757753888.2658188,1757753888.3163056
agv3,1757753888.2652884,1757753888.2668293,1757753888.2668293,1757753888.3168547
agv4,1757753888.9968264,1757753888.998358,1757753888.998358,1757753889.0455658
agv2,1757753889.1925673,1757753889.1938026,1757753889.1938026,1757753889.235484
agv3,1757753889.2664778,1757753889.268015,1757753889.268015,1757753889.3155296
agv4,1757753890.0275924,1757753890.029142,1757753890.029142,1757753890.0756083
agv4,1757753890.0275924,1757753890.03223,1757753890.03223,1757753890.0766182
agv2,1757753890.2337568,1757753890.2343047,1757753890.2343047,1757753890.275675
agv4,1757753891.0289297,1757753891.0304632,1757753891.0304632,1757753891.0758638
agv2,1757753891.264028,1757753891.2650402,1757753891.2650402,1757753891.271078
agv2,1757753891.2691202,1757753891.271078,1757753891.271078,1757753891.3151534
agv4,1757753892.0295453,1757753892.031085,1757753892.031085,1757753892.0757225
agv2,1757753892.304987,1757753892.304987,1757753892.304987,1757753892.355722
agv2,1757753892.304987,1757753892.3079557,1757753892.3079557,1757753892.3564494
agv4,1757753893.030498,1757753893.0320332,1757753893.0320332,1757753893.0761678
agv2,1757753893.3063288,1757753893.307967,1757753893.307967,1757753893.3557503
agv4,1757753894.031125,1757753894.0326712,1757753894.0326712,1757753894.0514445
agv4,1757753894.0494866,1757753894.0851288,1757753894.0851288,1757753894.0955465
agv3,1757753894.268037,1757753894.2695773,1757753894.2695773,1757753894.315556
agv2,1757753894.3449986,1757753894.3466249,1757753894.3466249,1757753894.395348
agv4,1757753895.0882013,1757753895.0902808,1757753895.0902808,1757753895.1352746
agv4,1757753895.0887434,1757753895.0990586,1757753895.0990586,1757753895.1362758
agv4,1757753897.0894291,1757753897.090593,1757753897.090593,1757753897.1350703
agv4,1757753898.1299367,1757753898.1314695,1757753898.1314695,1757753898.1380255
agv4,1757753898.135508,1757753898.184843,1757753898.184843,1757753898.1879587
agv4,1757753899.17438,1757753899.175387,1757753899.175387,1757753899.2249753
agv4,1757753899.17438,1757753899.1780765,1757753899.1780765,1757753899.2249753
agv3,1757753899.2690954,1757753899.2701,1757753899.2701,1757753899.3156643
agv2,1757753899.3460877,1757753899.3470945,1757753899.3470945,1757753899.3491223
agv4,1757753900.1753206,1757753900.1768522,1757753900.1768522,1757753900.2248964
agv3,1757753900.270106,1757753900.2716331,1757753900.2716331,1757753900.289786
agv3,1757753900.2882469,1757753900.289786,1757753900.289786,1757753900.3348813
agv4,1757753901.2070618,1757753901.2080681,1757753901.2080681,1757753901.2547672
agv3,1757753901.32257,1757753901.3235788,1757753901.3235788,1757753901.3647954
agv3,1757753901.32257,1757753901.3252296,1757753901.3252296,1757753901.3657968
agv4,1757753902.2450364,1757753902.2460446,1757753902.2460446,1757753902.294934
agv3,1757753902.323595,1757753902.3241014,1757753902.3241014,1757753902.3652687
agv4,1757753903.2827108,1757753903.2838783,1757753903.2838783,1757753903.3348722
agv3,1757753903.3591146,1757753903.3591146,1757753903.3591146,1757753903.4046068
agv4,1757753904.3298633,1757753904.3313882,1757753904.3313882,1757753904.3747413
agv2,1757753904.3468366,1757753904.347844,1757753904.347844,1757753904.395246
agv3,1757753904.3979228,1757753904.4450762,1757753904.4450762,1757753904.4471815
agv2,1757753905.3479137,1757753905.348991,1757753905.348991,1757753905.3683085
agv2,1757753905.3673062,1757753905.3965392,1757753905.3965392,1757753905.413665
agv4,1757753905.3652468,1757753905.3940115,1757753905.3955264,1757753905.4248796
agv3,1757753905.4330416,1757753905.4448967,1757753905.4448967,1757753905.4751635
agv4,1757753906.4038332,1757753906.4048722,1757753906.4048722,1757753906.4540136
agv2,1757753906.4071784,1757753906.4540136,1757753906.4540136,1757753906.458114
agv2,1757753906.407694,1757753906.4560559,1757753906.4560559,1757753906.458114
agv3,1757753906.4749186,1757753906.5035965,1757753906.5051107,1757753906.5249655
agv4,1757753907.4417171,1757753907.4427292,1757753907.4427292,1757753907.448267
agv4,1757753907.4467554,1757753907.4946618,1757753907.4946618,1757753907.497167
agv3,1757753907.5109131,1757753907.512928,1757753907.512928,1757753907.5549138
agv2,1757753908.4082696,1757753908.409332,1757753908.409332,1757753908.45447
agv4,1757753908.476198,1757753908.4777195,1757753908.4777195,1757753908.5246177
agv4,1757753908.4767036,1757753908.4792266,1757753908.4792266,1757753908.525628
agv3,1757753908.5451334,1757753908.5461924,1757753908.5461924,1757753908.5945842
agv2,1757753909.4399276,1757753909.4399276,1757753909.4399276,1757753909.4553945
agv2,1757753909.454386,1757753909.4943902,1757753909.4943902,1757753909.5045774
agv4,1757753909.4774709,1757753909.495435,1757753909.495435,1757753909.5246208
agv3,1757753909.5746002,1757753909.5761435,1757753909.5761435,1757753909.5821834
agv3,1757753909.5796626,1757753909.5821834,1757753909.5821834,1757753909.6341887
agv4,1757753910.512994,1757753910.514562,1757753910.514562,1757753910.5545044
agv3,1757753910.6169124,1757753910.6169124,1757753910.6188333,1757753910.6649022
agv3,1757753910.6169124,1757753910.61936,1757753910.61936,1757753910.6649022
agv4,1757753911.557031,1757753911.5595436,1757753911.5595436,1757753911.5638056
agv4,1757753911.562275,1757753911.5643463,1757753911.5643463,1757753911.6154943
agv3,1757753911.6180394,1757753911.6205962,1757753911.6205962,1757753911.664893
agv4,1757753912.5970106,1757753912.59806,1757753912.59806,1757753912.6551936
agv4,1757753912.5970106,1757753912.5998793,1757753912.5998793,1757753912.6551936
agv3,1757753912.6600363,1757753912.6610696,1757753912.6610696,1757753912.7036333
agv2,1757753913.4591532,1757753913.4601648,1757753913.4601648,1757753913.5048637
agv4,1757753913.5984507,1757753913.5991042,1757753913.5991042,1757753913.6443603
agv3,1757753913.7004566,1757753913.7020695,1757753913.7020695,1757753913.7443554
agv2,1757753914.5013242,1757753914.5023594,1757753914.5023594,1757753914.5449657
agv2,1757753914.501835,1757753914.5039182,1757753914.5039182,1757753914.5449657
agv4,1757753914.6385636,1757753914.639619,1757753914.639619,1757753914.684196
agv3,1757753914.7420452,1757753914.7430515,1757753914.7430515,1757753914.7481093
agv3,1757753914.7461846,1757753914.794124,1757753914.794124,1757753914.7968779
agv2,1757753915.5026832,1757753915.5031912,1757753915.5031912,1757753915.5445962
agv4,1757753915.6797795,1757753915.6807866,1757753915.6807866,1757753915.7244294
agv3,1757753915.7869837,1757753915.788505,1757753915.788505,1757753915.833814
agv3,1757753915.7895157,1757753915.792465,1757753915.792465,1757753915.8354578
agv2,1757753916.538815,1757753916.5398695,1757753916.5398695,1757753916.5844235
agv4,1757753916.7157881,1757753916.7173417,1757753916.7173417,1757753916.7215633
agv4,1757753916.7215633,1757753916.7641978,1757753916.7641978,1757753916.7737646
agv3,1757753916.7906513,1757753916.79166,1757753916.79166,1757753916.834749
agv2,1757753917.5797153,1757753917.5817244,1757753917.5817244,1757753917.6242118
agv4,1757753917.7589061,1757753917.7604427,1757753917.7604427,1757753917.803926
agv4,1757753917.759419,1757753917.7614822,1757753917.7614822,1757753917.8054786
agv3,1757753917.8298547,1757753917.8309703,1757753917.831518,1757753917.8496425
agv2,1757753917.8404562,1757753917.8840787,1757753917.8840787,1757753917.8870878
agv3,1757753917.8475907,1757753917.8860881,1757753917.8860881,1757753917.8888311
agv4,1757753918.759804,1757753918.7603183,1757753918.7603183,1757753918.8034308
agv4,1757753919.7942295,1757753919.7952378,1757753919.7952378,1757753919.8436983
agv3,1757753919.8630123,1757753919.8655882,1757753919.8655882,1757753919.914143
agv3,1757753919.8645747,1757753919.868101,1757753919.868101,1757753919.9156795
agv4,1757753920.832312,1757753920.832312,1757753920.832312,1757753920.8741562
agv3,1757753920.8695884,1757753920.8841896,1757753920.8841896,1757753920.913967
agv4,1757753921.8657322,1757753921.8667755,1757753921.8667755,1757753921.9137175
agv3,1757753921.9036236,1757753921.9137175,1757753921.9137175,1757753921.954047
agv3,1757753921.904151,1757753921.9158518,1757753921.9158518,1757753921.9552023
agv4,1757753922.8975291,1757753922.8991826,1757753922.8991826,1757753922.9444256
agv3,1757753922.9047983,1757753922.9058104,1757753922.9058104,1757753922.954159
agv4,1757753923.9303877,1757753923.9313996,1757753923.9313996,1757753923.9743495
agv3,1757753923.9406013,1757753923.9841585,1757753923.9841585,1757753923.994495
agv3,1757753923.9464839,1757753923.9851685,1757753923.9851685,1757753923.994495
agv2,1757753924.8626392,1757753924.8941824,1757753924.8941824,1757753924.923732
agv4,1757753924.9641905,1757753924.9652894,1757753924.9652894,1757753924.9712903
agv4,1757753924.969644,1757753925.0138543,1757753925.0138543,1757753925.0191069
agv3,1757753924.9774592,1757753925.0162506,1757753925.0162506,1757753925.024566
agv3,1757753924.9774592,1757753925.0172496,1757753925.0172496,1757753925.025942
agv2,1757753925.9181297,1757753925.9252758,1757753925.9252758,1757753925.9738646
agv2,1757753925.9191408,1757753925.9277964,1757753925.9277964,1757753925.9753857
agv3,1757753925.978925,1757753925.9800005,1757753925.9800005,1757753926.0238552
agv4,1757753926.0029776,1757753926.034048,1757753926.0345566,1757753926.0542932
agv4,1757753926.003486,1757753926.0365665,1757753926.0365665,1757753926.0548172
agv3,1757753927.0147889,1757753927.0168009,1757753927.0168009,1757753927.023509
agv4,1757753927.005669,1757753927.0076795,1757753927.0076795,1757753927.0539792
agv3,1757753927.021417,1757753927.023509,1757753927.023509,1757753927.0728369
agv3,1757753927.1259987,1757753927.174775,1757753927.174775,1757753927.2239332
agv4,1757753928.1078331,1757753928.1092267,1757753928.1092267,1757753928.1540208
agv3,1757753928.1352048,1757753928.1540208,1757753928.1540208,1757753928.1837635
agv4,1757753929.1087494,1757753929.1109815,1757753929.1109815,1757753929.153197
agv3,1757753929.1612887,1757753929.1632986,1757753929.1632986,1757753929.2140758
agv3,1757753929.1632986,1757753929.1668885,1757753929.1668885,1757753929.2150877
agv4,1757753930.1106422,1757753930.1131928,1757753930.1131928,1757753930.1624303
agv3,1757753930.1649508,1757753930.2136946,1757753930.2136946,1757753930.2165282
agv4,1757753931.112158,1757753931.114226,1757753931.114226,1757753931.134443
agv4,1757753931.1329296,1757753931.163403,1757753931.163403,1757753931.182742
agv3,1757753931.1944973,1757753931.1961102,1757753931.1961102,1757753931.2435308
agv3,1757753931.195046,1757753931.199164,1757753931.199164,1757753931.2445388
agv4,1757753932.164939,1757753932.166489,1757753932.166489,1757753932.2140448
agv4,1757753932.1654787,1757753932.1689975,1757753932.1689975,1757753932.2145755
agv3,1757753932.1959739,1757753932.2140448,1757753932.2140448,1757753932.243297
agv2,1757753932.9491694,1757753932.9942038,1757753932.9942038,1757753933.0437784
agv2,1757753932.9491694,1757753932.9952083,1757753932.9952083,1757753933.0447881
agv3,1757753933.1968136,1757753933.197826,1757753933.197826,1757753933.2436259
agv4,1757753934.1663857,1757753934.1679068,1757753934.1679068,1757753934.2136347
agv3,1757753934.1976104,1757753934.1991282,1757753934.1991282,1757753934.2441368
agv3,1757753935.1986983,1757753935.203007,1757753935.203007,1757753935.2353086
agv4,1757753935.197179,1757753935.1986983,1757753935.1986983,1757753935.2546263
agv4,1757753935.204512,1757753935.207545,1757753935.207545,1757753935.2546263
agv3,1757753935.2332351,1757753935.2353086,1757753935.2353086,1757753935.2837029
agv3,1757753936.259979,1757753936.2624822,1757753936.2624822,1757753936.3036513
agv3,1757753936.2609787,1757753936.265094,1757753936.265094,1757753936.3046615
agv4,1757753936.286486,1757753936.3228364,1757753936.3228364,1757753936.3334603
agv4,1757753936.286486,1757753936.324854,1757753936.324854,1757753936.3345053
agv3,1757753937.2675714,1757753937.2691073,1757753937.2691073,1757753937.3137116
agv4,1757753937.287794,1757753937.287794,1757753937.287794,1757753937.3332045
agv3,1757753938.2936587,1757753938.295696,1757753938.295696,1757753938.3433168
agv3,1757753938.2941647,1757753938.2992494,1757753938.2992494,1757753938.343844
agv4,1757753938.3144438,1757753938.3534207,1757753938.3534207,1757753938.363045
agv3,1757753939.2952013,1757753939.296216,1757753939.296216,1757753939.3432746
agv4,1757753939.3488574,1757753939.3503852,1757753939.3503852,1757753939.3929772
agv2,1757753939.9555817,1757753939.9575913,1757753939.9575913,1757753939.9601078
agv3,1757753940.323157,1757753940.3247259,1757753940.3247259,1757753940.332272
agv3,1757753940.3302727,1757753940.332272,1757753940.332272,1757753940.3826485
agv4,1757753940.3760383,1757753940.3836598,1757753940.3836598,1757753940.422533
agv2,1757753940.3471475,1757753940.3861744,1757753940.3861744,1757753940.4331834
agv3,1757753940.4344425,1757753940.482819,1757753940.482819,1757753940.5332701
agv4,1757753941.4096038,1757753941.4111373,1757753941.4111373,1757753941.4531882
agv3,1757753941.439811,1757753941.4633853,1757753941.4633853,1757753941.4826455
agv4,1757753942.4429543,1757753942.4444723,1757753942.4444723,1757753942.492497
agv3,1757753942.4743574,1757753942.492497,1757753942.492497,1757753942.5232217
agv3,1757753942.4743574,1757753942.495308,1757753942.495308,1757753942.5237758
agv4,1757753943.4768293,1757753943.4797199,1757753943.4797199,1757753943.4853005
agv3,1757753943.4758182,1757753943.4768293,1757753943.4768293,1757753943.5221732
agv4,1757753943.4847937,1757753943.533014,1757753943.533014,1757753943.5361702
agv3,1757753944.5160868,1757753944.517575,1757753944.517575,1757753944.5255675
agv3,1757753944.523914,1757753944.5288823,1757753944.5288823,1757753944.5728714
agv4,1757753944.5207672,1757753944.5218492,1757753944.5218492,1757753944.5728714
agv4,1757753944.521277,1757753944.52614,1757753944.52614,1757753944.573387
agv4,1757753945.5228207,1757753945.5233312,1757753945.5233312,1757753945.5724163
agv3,1757753945.5585551,1757753945.5600955,1757753945.5600955,1757753945.602896
agv3,1757753945.5590851,1757753945.5621765,1757753945.5621765,1757753945.6034212
agv3,1757753946.559856,1757753946.5628664,1757753946.5628664,1757753946.6029696
agv4,1757753946.5572429,1757753946.559316,1757753946.559316,1757753946.6029696
agv2,1757753947.3679874,1757753947.4131758,1757753947.4131758,1757753947.4628692
agv3,1757753947.613014,1757753947.6145525,1757753947.6145525,1757753947.6200721
agv3,1757753947.6185517,1757753947.6629398,1757753947.6629398,1757753947.6729748
agv4,1757753947.6231241,1757753947.6644626,1757753947.6644626,1757753947.6729748
agv2,1757753948.3853467,1757753948.4221501,1757753948.4221501,1757753948.4424732
agv4,1757753948.6481845,1757753948.653988,1757753948.653988,1757753948.6746025
agv3,1757753948.6456316,1757753948.6471732,1757753948.6471732,1757753948.6929123
agv3,1757753948.6456316,1757753948.6499593,1757753948.6499593,1757753948.6929123
agv4,1757753948.6720278,1757753948.7020302,1757753948.7020302,1757753948.722754
agv3,1757753949.6467772,1757753949.6477876,1757753949.6477876,1757753949.69187
agv3,1757753949.6467772,1757753949.6513386,1757753949.6513386,1757753949.6934001
agv2,1757753950.4082766,1757753950.4326856,1757753950.4326856,1757753950.4522853
agv4,1757753950.6922057,1757753950.694275,1757753950.694275,1757753950.697339
agv2,1757753954.4459987,1757753954.482883,1757753954.482883,1757753954.53233
agv2,1757753954.4475317,1757753954.4859405,1757753954.4859405,1757753954.5338354
agv4,1757753954.716084,1757753954.7180943,1757753954.7180943,1757753954.7624233
agv4,1757753954.7170923,1757753954.7216437,1757753954.7216437,1757753954.7634208
agv4,1757753955.7242217,1757753955.725233,1757753955.725233,1757753955.7720504
agv3,1757753956.6562839,1757753956.7018127,1757753956.7018127,1757753956.7125165
agv3,1757753956.6674094,1757753956.7055416,1757753956.7055416,1757753956.7125165
agv4,1757753956.7960813,1757753956.7971735,1757753956.7971735,1757753956.8424213
agv4,1757753956.7971735,1757753956.8019066,1757753956.8019066,1757753956.8424213
agv4,1757753957.7987936,1757753957.8004184,1757753957.8004184,1757753957.8421824
agv4,1757753958.8292556,1757753958.8306117,1757753958.8306117,1757753958.835683
agv4,1757753958.834164,1757753958.8817465,1757753958.8817465,1757753958.885344
agv4,1757753959.8675344,1757753959.8690662,1757753959.8690662,1757753959.9115129
agv4,1757753959.86804,1757753959.8725865,1757753959.8725865,1757753959.913021
agv4,1757753960.869042,1757753960.8706698,1757753960.8706698,1757753960.9121604
agv2,1757753961.453275,1757753961.4553928,1757753961.4553928,1757753961.4666297
agv4,1757753961.8998432,1757753961.9008539,1757753961.9008539,1757753961.9418569
agv2,1757753962.4857829,1757753962.4873,1757753962.4873,1757753962.5321429
agv2,1757753962.4862912,1757753962.4898372,1757753962.4898372,1757753962.5331476
agv4,1757753962.9362886,1757753962.9372964,1757753962.9372964,1757753962.9812539
agv2,1757753963.4873273,1757753963.488846,1757753963.488846,1757753963.5317304
agv3,1757753963.674346,1757753963.6753545,1757753963.6753545,1757753963.7212942
agv4,1757753963.96905,1757753963.970059,1757753963.970059,1757753963.9764404
agv4,1757753963.9754086,1757753964.021834,1757753964.021834,1757753964.0249405
agv2,1757753964.5186322,1757753964.5201728,1757753964.5201728,1757753964.526252
agv2,1757753964.5247157,1757753964.5720599,1757753964.5720599,1757753964.5755167
agv3,1757753964.7049186,1757753964.706985,1757753964.706985,1757753964.7518625
agv4,1757753965.0052466,1757753965.0062587,1757753965.0062587,1757753965.0520084
agv4,1757753965.0052466,1757753965.0093153,1757753965.0093153,1757753965.0529416
agv2,1757753965.5578134,1757753965.559507,1757753965.559507,1757753965.6007242
agv2,1757753965.5578134,1757753965.561551,1757753965.561551,1757753965.6027803
agv3,1757753965.7430944,1757753965.7451613,1757753965.7451613,1757753965.7527497
agv3,1757753965.750746,1757753965.7527497,1757753965.7527497,1757753965.8011765
agv4,1757753966.0067406,1757753966.0087523,1757753966.0087523,1757753966.0515757
agv2,1757753966.5591145,1757753966.5606403,1757753966.5606403,1757753966.6010978
agv3,1757753966.7813287,1757753966.782854,1757753966.782854,1757753966.8305845
agv3,1757753966.7818441,1757753966.7920845,1757753966.7920845,1757753966.8321059
agv4,1757753967.0354135,1757753967.0374255,1757753967.0374255,1757753967.0440655
agv4,1757753967.0414596,1757753967.091583,1757753967.091583,1757753967.0936215
agv2,1757753967.5958972,1757753967.5979474,1757753967.5979474,1757753967.641664
agv3,1757753967.7827985,1757753967.7843497,1757753967.7843497,1757753967.8316002
agv4,1757753968.0809226,1757753968.0822296,1757753968.0822296,1757753968.1317768
agv4,1757753968.0809226,1757753968.0853252,1757753968.0853252,1757753968.1317768
agv2,1757753968.6266463,1757753968.628191,1757753968.628191,1757753968.6717436
agv3,1757753968.811162,1757753968.813189,1757753968.813189,1757753968.861703
agv4,1757753969.0825126,1757753969.0835629,1757753969.0835629,1757753969.1310632
agv2,1757753969.6556742,1757753969.6576893,1757753969.6576893,1757753969.6688802
agv2,1757753969.6670923,1757753969.6688802,1757753969.6688802,1757753969.7218182
agv3,1757753969.8517528,1757753969.8534777,1757753969.8534777,1757753969.9010766
agv4,1757753970.1210003,1757753970.1230779,1757753970.1230779,1757753970.1715918
agv2,1757753970.1357284,1757753970.1812534,1757753970.1812534,1757753970.2318528
agv4,1757753970.2242448,1757753970.2728758,1757753970.2728758,1757753970.3209975
agv3,1757753970.8969615,1757753970.8979754,1757753970.8979754,1757753970.9114087
agv3,1757753970.9098961,1757753970.9518998,1757753970.9518998,1757753970.961111
agv4,1757753971.2308605,1757753971.2323897,1757753971.2323897,1757753971.2811763
agv3,1757753971.9402454,1757753971.9412692,1757753971.9412692,1757753971.9914012
agv3,1757753971.9407556,1757753971.9448576,1757753971.9448576,1757753971.9929082
agv4,1757753972.2617877,1757753972.2638035,1757753972.2638035,1757753972.311198
agv3,1757753972.9420354,1757753972.9435577,1757753972.9435577,1757753972.9909377
agv4,1757753973.2987156,1757753973.300512,1757753973.300512,1757753973.3513722
agv4,1757753973.377391,1757753973.401727,1757753973.401727,1757753973.451126
agv3,1757753973.987517,1757753973.9900584,1757753973.9900584,1757753974.0315926
agv4,1757753974.4554513,1757753974.4569948,1757753974.4569948,1757753974.5013096
agv3,1757753975.0759737,1757753975.0774908,1757753975.0774908,1757753975.1214068
agv4,1757753975.4940875,1757753975.4961426,1757753975.4961426,1757753975.5411718
agv3,1757753976.2198958,1757753976.2217326,1757753976.2217326,1757753976.2711117
agv4,1757753976.649261,1757753976.6502707,1757753976.651782,1757753976.6912007
agv2,1757753977.1482632,1757753977.1507912,1757753977.1507912,1757753977.1910133
agv3,1757753977.3531137,1757753977.3541248,1757753977.3541248,1757753977.4003854
agv4,1757753977.7736514,1757753977.775744,1757753977.775744,1757753977.8212016
agv2,1757753978.2307944,1757753978.2323098,1757753978.2323098,1757753978.281343
agv2,1757753978.2307944,1757753978.2354317,1757753978.2354317,1757753978.2823455
agv3,1757753978.38751,1757753978.3892913,1757753978.3892913,1757753978.431149
agv3,1757753978.38751,1757753978.3913472,1757753978.3913472,1757753978.432685
agv4,1757753978.8060014,1757753978.8076727,1757753978.8076727,1757753978.8511028
agv2,1757753979.2325718,1757753979.2335796,1757753979.2335796,1757753979.280808
agv3,1757753979.3889024,1757753979.3894088,1757753979.3894088,1757753979.43052
agv4,1757753979.8371644,1757753979.8387737,1757753979.8387737,1757753979.8443701
agv4,1757753979.8428571,1757753979.8907642,1757753979.8907642,1757753979.8938112
agv2,1757753980.259503,1757753980.261513,1757753980.261513,1757753980.2706263
agv2,1757753980.269616,1757753980.3109934,1757753980.3109934,1757753980.3206303
agv4,1757753980.8692682,1757753980.8708034,1757753980.8708034,1757753980.9205437
agv4,1757753980.8692682,1757753980.8738632,1757753980.8738632,1757753980.922071
agv2,1757753981.3005154,1757753981.301526,1757753981.301526,1757753981.3503678
agv2,1757753981.3005154,1757753981.3038173,1757753981.3038173,1757753981.351385
agv4,1757753981.8706286,1757753981.8721719,1757753981.8721719,1757753981.9207835
agv2,1757753982.301521,1757753982.3030517,1757753982.3030517,1757753982.3509362
agv4,1757753982.8973987,1757753982.8988101,1757753982.8988101,1757753982.9408245
agv2,1757753983.3534234,1757753983.355314,1757753983.355314,1757753983.4000034
agv2,1757753984.3851287,1757753984.3861399,1757753984.3861399,1757753984.3928025
agv3,1757753984.389787,1757753984.4297414,1757753984.4297414,1757753984.4400668
agv2,1757753984.3918,1757753984.4317966,1757753984.4317966,1757753984.4410725
agv2,1757753985.4188783,1757753985.4208937,1757753985.4208937,1757753985.4700253
agv2,1757753985.4188783,1757753985.4224036,1757753985.4224036,1757753985.4715462
agv2,1757753986.4204118,1757753986.4214268,1757753986.4214268,1757753986.4697478
agv2,1757753987.4484475,1757753987.4499743,1757753987.4499743,1757753987.4560506
agv2,1757753987.4550376,1757753987.5001283,1757753987.5001283,1757753987.5037854
agv4,1757753987.8987446,1757753987.900258,1757753987.900258,1757753987.9401274
agv2,1757753988.4827209,1757753988.483253,1757753988.483253,1757753988.5305145
agv2,1757753988.483253,1757753988.4853048,1757753988.4853048,1757753988.5315127
agv3,1757753989.3906376,1757753989.3921669,1757753989.3921669,1757753989.4405994
agv2,1757753989.4838598,1757753989.4849935,1757753989.4849935,1757753989.530442
agv3,1757753990.391452,1757753990.3928561,1757753990.3928561,1757753990.4102404
agv3,1757753990.4077244,1757753990.4404066,1757753990.4404066,1757753990.4602833
agv2,1757753990.5144536,1757753990.5154645,1757753990.5154645,1757753990.5597897
agv3,1757753991.4342878,1757753991.4358954,1757753991.4358954,1757753991.4797733
agv3,1757753991.4348443,1757753991.4379048,1757753991.4379048,1757753991.4818025
agv2,1757753991.5483596,1757753991.5499268,1757753991.5499268,1757753991.6004603
agv3,1757753992.4356673,1757753992.436675,1757753992.436675,1757753992.4799821
agv2,1757753992.5972872,1757753992.5988019,1757753992.5988019,1757753992.6404262
agv4,1757753992.8997812,1757753992.902535,1757753992.902535,1757753992.950222
agv3,1757753993.4619246,1757753993.463456,1757753993.463456,1757753993.5091126
agv2,1757753993.6241791,1757753993.6257348,1757753993.6257348,1757753993.6697166
agv4,1757753993.9007192,1757753993.9017339,1757753993.9017339,1757753993.9205534
agv4,1757753993.9175491,1757753993.9205534,1757753993.9205534,1757753993.96968
agv3,1757753994.5305018,1757753994.5320191,1757753994.5320191,1757753994.5800674
agv2,1757753994.6856444,1757753994.6871724,1757753994.6871724,1757753994.7297719
agv4,1757753994.9452085,1757753994.9462156,1757753994.9462156,1757753994.9899442
agv4,1757753994.9452085,1757753994.9492946,1757753994.9492946,1757753994.9914596
agv3,1757753995.5597808,1757753995.5617974,1757753995.5617974,1757753995.6101944
agv2,1757753995.7139008,1757753995.715435,1757753995.715435,1757753995.74312
agv2,1757753995.7410588,1757753995.7690835,1757753995.7690835,1757753995.790734
agv3,1757753995.777087,1757753995.8199575,1757753995.8199575,1757753995.8702075
agv3,1757753996.8020341,1757753996.8038757,1757753996.8038757,1757753996.8499632
agv4,1757753996.9466257,1757753996.9481776,1757753996.9481776,1757753996.9892635
agv4,1757753997.9917831,1757753997.9988785,1757753997.9988785,1757753998.039886
agv4,1757753997.9968662,1757753998.0017211,1757753998.0027213,1757753998.039886
agv2,1757753998.7660823,1757753998.7892108,1757753998.7892108,1757753998.8096466
agv3,1757753998.8313107,1757753998.8339074,1757753998.8339074,1757753998.8390088
agv4,1757753999.0237887,1757753999.025494,1757753999.025494,1757753999.0695202
agv4,1757753999.0243397,1757753999.028971,1757753999.028971,1757753999.0695202
agv3,1757753999.8605752,1757753999.862028,1757753999.862028,1757753999.9090369
agv4,1757754000.0253215,1757754000.0268407,1757754000.0268407,1757754000.0695226
agv2,1757754000.794042,1757754000.8402421,1757754000.8402421,1757754000.8901694
agv2,1757754000.7951355,1757754000.8427799,1757754000.8427799,1757754000.8915315
agv3,1757754000.8940465,1757754000.8955874,1757754000.8955874,1757754000.9026654
agv3,1757754000.9006588,1757754000.939646,1757754000.939646,1757754000.9487863
agv4,1757754001.062325,1757754001.0638504,1757754001.0638504,1757754001.109725
agv3,1757754001.9278057,1757754001.9288738,1757754001.9288738,1757754001.9791775
agv3,1757754001.9283493,1757754001.930884,1757754001.930884,1757754001.9801917
agv4,1757754002.0921845,1757754002.0937028,1757754002.0937028,1757754002.139159
agv3,1757754002.9289534,1757754002.9305797,1757754002.9305797,1757754002.9791422
agv4,1757754003.1219459,1757754003.1234977,1757754003.1234977,1757754003.1692972
agv3,1757754003.9595253,1757754003.960534,1757754003.960534,1757754003.9667401
agv3,1757754003.9652095,1757754003.9667401,1757754003.9667401,1757754004.008896
agv4,1757754004.151191,1757754004.1517034,1757754004.1532269,1757754004.1588295
agv4,1757754004.157787,1757754004.1993928,1757754004.1993928,1757754004.2089117
agv3,1757754004.9949994,1757754004.9965281,1757754004.9965281,1757754005.038843
agv3,1757754004.9955187,1757754004.9992392,1757754004.9992392,1757754005.0400424
agv4,1757754005.1870656,1757754005.188408,1757754005.188408,1757754005.2292433
agv4,1757754005.1870656,1757754005.1904714,1757754005.1904714,1757754005.2302577
agv3,1757754005.996165,1757754005.9976885,1757754005.9976885,1757754006.03981
agv4,1757754006.1883118,1757754006.1903532,1757754006.1903532,1757754006.2389953
agv3,1757754007.0285318,1757754007.030589,1757754007.030589,1757754007.0448656
agv3,1757754007.043329,1757754007.0448656,1757754007.0448656,1757754007.0888765
agv4,1757754007.2169256,1757754007.2174335,1757754007.2174335,1757754007.2591603
agv3,1757754007.2823107,1757754007.3237524,1757754007.3237524,1757754007.369673
agv4,1757754007.2792602,1757754007.3197258,1757754007.3197258,1757754007.369673
agv2,1757754007.801751,1757754007.8032646,1757754007.8032646,1757754007.8487809
agv4,1757754008.2832553,1757754008.2847826,1757754008.2847826,1757754008.3290682
agv2,1757754008.83125,1757754008.832802,1757754008.832802,1757754008.8792162
agv4,1757754009.315353,1757754009.316956,1757754009.316956,1757754009.3587744
agv2,1757754009.8609562,1757754009.863501,1757754009.863501,1757754009.871685
agv2,1757754009.8701632,1757754009.871685,1757754009.871685,1757754009.919165
agv4,1757754010.343367,1757754010.3439066,1757754010.3439066,1757754010.3504908
agv4,1757754010.3489497,1757754010.3987617,1757754010.3987617,1757754010.4008772
agv2,1757754010.9031494,1757754010.9047008,1757754010.9047008,1757754010.9488988
agv2,1757754010.9036915,1757754010.9077177,1757754010.9077177,1757754010.9488988
agv4,1757754011.3882122,1757754011.3897548,1757754011.3897548,1757754011.4388943
agv4,1757754011.3887458,1757754011.3917725,1757754011.3917725,1757754011.4394186
agv2,1757754011.904167,1757754011.9056966,1757754011.9056966,1757754011.9489658
agv4,1757754012.3899364,1757754012.391621,1757754012.391621,1757754012.439129
agv2,1757754012.9334059,1757754012.9349277,1757754012.9349277,1757754012.9796846
agv4,1757754013.4337933,1757754013.4348502,1757754013.4348502,1757754013.4789426
agv2,1757754013.9788513,1757754013.980368,1757754013.980368,1757754014.0287564
agv3,1757754014.287384,1757754014.2888937,1757754014.2888937,1757754014.3488605
agv4,1757754014.4687412,1757754014.471264,1757754014.471264,1757754014.5189407
agv2,1757754015.0172067,1757754015.0187712,1757754015.0187712,1757754015.025571
agv2,1757754015.024558,1757754015.0686698,1757754015.0686698,1757754015.0712607
agv3,1757754015.3179717,1757754015.3189883,1757754015.3189883,1757754015.367661
agv3,1757754015.3179717,1757754015.3223634,1757754015.3223634,1757754015.3697038
agv4,1757754015.5028894,1757754015.5044143,1757754015.5044143,1757754015.511062
agv4,1757754015.5089295,1757754015.511062,1757754015.511062,1757754015.5580816
agv2,1757754016.0551403,1757754016.0566633,1757754016.0566633,1757754016.0980778
agv2,1757754016.0556526,1757754016.058784,1757754016.058784,1757754016.0995789
agv3,1757754016.319364,1757754016.3203747,1757754016.3203747,1757754016.3675957
agv4,1757754016.5412037,1757754016.5422158,1757754016.5422158,1757754016.5881515
agv4,1757754016.5412037,1757754016.5453355,1757754016.5453355,1757754016.5896678
agv2,1757754017.0566864,1757754017.057698,1757754017.057698,1757754017.098562
agv3,1757754017.3531651,1757754017.3537014,1757754017.3537014,1757754017.398425
agv4,1757754017.5422626,1757754017.5438027,1757754017.5438027,1757754017.5880876
agv2,1757754018.0881608,1757754018.089682,1757754018.089682,1757754018.1384616
agv3,1757754018.3826468,1757754018.3836536,1757754018.3836536,1757754018.3903754
agv3,1757754018.3888452,1757754018.3903754,1757754018.3903754,1757754018.437406
agv4,1757754018.5792985,1757754018.5813105,1757754018.5813105,1757754018.6288395
agv3,1757754019.425237,1757754019.4267619,1757754019.4267619,1757754019.4674132
agv3,1757754019.426247,1757754019.428815,1757754019.428815,1757754019.4689353
agv4,1757754019.6215327,1757754019.6233938,1757754019.6233938,1757754019.6677465
agv3,1757754020.4273405,1757754020.4288604,1757754020.4288604,1757754020.4782794
agv4,1757754020.6508005,1757754020.6519144,1757754020.6519144,1757754020.6985717
agv3,1757754021.4583025,1757754021.4598424,1757754021.4598424,1757754021.467628
agv3,1757754021.466617,1757754021.508689,1757754021.508689,1757754021.5173154
agv4,1757754021.6872325,1757754021.6888158,1757754021.6888158,1757754021.737589
agv3,1757754022.497057,1757754022.4986181,1757754022.4986181,1757754022.548542
agv3,1757754022.497611,1757754022.5006738,1757754022.5006738,1757754022.5490646
agv4,1757754022.713175,1757754022.7146971,1757754022.7146971,1757754022.7580616
agv2,1757754023.0895536,1757754023.0905604,1757754023.0905604,1757754023.1378257
agv3,1757754023.4982839,1757754023.4999459,1757754023.4999459,1757754023.548148
agv4,1757754023.7471855,1757754023.748732,1757754023.748732,1757754023.798375
agv3,1757754024.5268638,1757754024.5279057,1757754024.5279057,1757754024.5782487
agv4,1757754024.775382,1757754024.7763927,1757754024.7763927,1757754024.782483
agv4,1757754024.7804325,1757754024.8272696,1757754024.8272696,1757754024.83134
agv3,1757754025.5655894,1757754025.5666096,1757754025.5666096,1757754025.6073668
agv4,1757754025.8151698,1757754025.8168116,1757754025.8168116,1757754025.8575358
agv4,1757754025.8157282,1757754025.819089,1757754025.819089,1757754025.8597002
agv3,1757754026.5956154,1757754026.5971909,1757754026.5971909,1757754026.6037576
agv3,1757754026.602746,1757754026.6037576,1757754026.6037576,1757754026.6479259
agv4,1757754026.81666,1757754026.817674,1757754026.817674,1757754026.8672876
agv3,1757754027.62952,1757754027.631045,1757754027.631045,1757754027.6779275
agv3,1757754027.62952,1757754027.6336143,1757754027.6336143,1757754027.6793265
agv4,1757754027.8547308,1757754027.8562675,1757754027.8562675,1757754027.8978393
agv2,1757754028.0903845,1757754028.091453,1757754028.091453,1757754028.1374347
agv3,1757754028.631133,1757754028.6327145,1757754028.6327145,1757754028.6783748
agv2,1757754029.091288,1757754029.0923514,1757754029.0923514,1757754029.1100464
agv2,1757754029.1079211,1757754029.1372058,1757754029.1372058,1757754029.1574497
agv3,1757754029.6689594,1757754029.6705008,1757754029.6705008,1757754029.7174027
agv2,1757754030.1368456,1757754030.1383638,1757754030.1383638,1757754030.1873424
agv2,1757754030.1373534,1757754030.1473036,1757754030.1473036,1757754030.1894372
agv3,1757754030.670165,1757754030.6717055,1757754030.6717055,1757754030.717203
agv2,1757754031.1384087,1757754031.139948,1757754031.139948,1757754031.187731
agv3,1757754031.671833,1757754031.6733553,1757754031.6733553,1757754031.718137
agv2,1757754032.1739197,1757754032.174768,1757754032.174768,1757754032.2182279
agv3,1757754032.6733289,1757754032.6743665,1757754032.6743665,1757754032.694621
agv3,1757754032.6925793,1757754032.72694,1757754032.72694,1757754032.7375917
agv4,1757754032.855712,1757754032.8567278,1757754032.8567278,1757754032.896917
agv2,1757754033.221989,1757754033.22367,1757754033.22367,1757754033.2679193
agv3,1757754033.7223475,1757754033.7234323,1757754033.7234323,1757754033.7677217
agv3,1757754033.7223475,1757754033.7269533,1757754033.7269533,1757754033.7677217
agv2,1757754034.2525082,1757754034.2540567,1757754034.2540567,1757754034.2606995
agv2,1757754034.2591703,1757754034.2612076,1757754034.2612076,1757754034.3076074
agv2,1757754035.2893713,1757754035.2914383,1757754035.2914383,1757754035.3378649
agv2,1757754035.2924473,1757754035.2960057,1757754035.2960057,1757754035.3388767
agv3,1757754035.723634,1757754035.7247205,1757754035.7247205,1757754035.7676997
agv2,1757754036.294547,1757754036.2960997,1757754036.2960997,1757754036.337491
agv3,1757754036.7545683,1757754036.75509,1757754036.75509,1757754036.7672665
agv3,1757754036.7662554,1757754036.7672665,1757754036.7672665,1757754036.8170536
agv2,1757754037.323513,1757754037.3250544,1757754037.3250544,1757754037.366852
agv3,1757754037.7967703,1757754037.7972786,1757754037.7972786,1757754037.8475392
agv3,1757754037.7972786,1757754037.8008208,1757754037.8008208,1757754037.8475392
agv4,1757754037.8562012,1757754037.8584015,1757754037.8584015,1757754037.9075544
agv2,1757754038.3527393,1757754038.3542774,1757754038.3542774,1757754038.3969812
agv3,1757754038.7989886,1757754038.8010519,1757754038.8010519,1757754038.8475916
agv4,1757754038.8569927,1757754038.8569927,1757754038.8569927,1757754038.8768559
agv4,1757754038.8758426,1757754038.9075217,1757754038.9075217,1757754038.9274635
agv2,1757754039.3858683,1757754039.387537,1757754039.387537,1757754039.3952682
agv2,1757754039.3927474,1757754039.436682,1757754039.436682,1757754039.446288
agv3,1757754039.8304975,1757754039.831033,1757754039.831033,1757754039.877068
agv4,1757754039.9054728,1757754039.9064837,1757754039.9064837,1757754039.9570923
agv4,1757754039.9054728,1757754039.9090054,1757754039.9090054,1757754039.9586112
agv2,1757754040.4247003,1757754040.4257114,1757754040.4257114,1757754040.4669795
agv2,1757754040.4247003,1757754040.4277134,1757754040.4277134,1757754040.468506
agv3,1757754040.8698142,1757754040.8713298,1757754040.8713298,1757754040.9174845
agv3,1757754040.973655,1757754041.0188339,1757754041.0188339,1757754041.0676737
agv2,1757754041.426111,1757754041.4276242,1757754041.4276242,1757754041.4771922
agv2,1757754041.426111,1757754041.4373755,1757754041.4373755,1757754041.4783902
agv4,1757754041.9068885,1757754041.908642,1757754041.908642,1757754041.9567518
agv3,1757754041.9792924,1757754041.9808884,1757754041.9808884,1757754042.0267887
agv4,1757754042.9386172,1757754042.939129,1757754042.939129,1757754042.9464138
agv4,1757754042.9448228,1757754042.9464138,1757754042.9464138,1757754042.9965084
agv3,1757754043.0048459,1757754043.0063715,1757754043.0063715,1757754043.0458493
agv4,1757754043.9809866,1757754043.9825032,1757754043.9825032,1757754044.0268679
agv4,1757754043.9814937,1757754043.9840078,1757754043.9840078,1757754044.0279005
agv3,1757754044.0428107,1757754044.0433414,1757754044.0433414,1757754044.0649068
agv3,1757754044.0632753,1757754044.0649068,1757754044.0649068,1757754044.116969
agv4,1757754044.9820685,1757754044.9825811,1757754044.9825811,1757754045.0272088
agv3,1757754045.0846484,1757754045.0861578,1757754045.0861578,1757754045.1272378
agv4,1757754046.0369568,1757754046.0385158,1757754046.0385158,1757754046.0866568
agv3,1757754046.1405427,1757754046.1416268,1757754046.1416268,1757754046.1865828
agv4,1757754047.0670943,1757754047.0681045,1757754047.0681045,1757754047.0744119
agv4,1757754047.072835,1757754047.1167097,1757754047.1167097,1757754047.1266425
agv3,1757754047.1699715,1757754047.1714997,1757754047.1714997,1757754047.2170665
agv4,1757754048.2057135,1757754048.2073815,1757754048.2073815,1757754048.2571328
agv4,1757754048.206263,1757754048.2136207,1757754048.2136207,1757754048.258143
agv3,1757754048.2981193,1757754048.2986495,1757754048.2986495,1757754048.346943
agv2,1757754048.4311974,1757754048.434037,1757754048.434037,1757754048.4769156
agv4,1757754049.2071624,1757754049.208689,1757754049.208689,1757754049.2566037
agv3,1757754049.3285475,1757754049.3295562,1757754049.3295562,1757754049.3372698
agv3,1757754049.335243,1757754049.3768427,1757754049.3768427,1757754049.3859713
agv2,1757754049.4639034,1757754049.464411,1757754049.464411,1757754049.5063214
agv4,1757754050.2351096,1757754050.236628,1757754050.236628,1757754050.2866256
agv3,1757754050.3639448,1757754050.3655884,1757754050.3655884,1757754050.4057345
agv3,1757754050.364491,1757754050.3678365,1757754050.3678365,1757754050.4082158
agv2,1757754050.4933429,1757754050.4948997,1757754050.4948997,1757754050.5061471
agv2,1757754050.503613,1757754050.5061471,1757754050.5061471,1757754050.556662
agv4,1757754051.266846,1757754051.268369,1757754051.268369,1757754051.3159368
agv3,1757754051.3652768,1757754051.3663213,1757754051.3663213,1757754051.4164186
agv2,1757754051.5337334,1757754051.5352883,1757754051.5352883,1757754051.5757024
agv2,1757754051.5342789,1757754051.5388086,1757754051.5388086,1757754051.5772457
agv4,1757754052.2952552,1757754052.295796,1757754052.295796,1757754052.3461466
agv3,1757754052.3898838,1757754052.3909547,1757754052.3909547,1757754052.39853
agv3,1757754052.397009,1757754052.446959,1757754052.446959,1757754052.450494
agv2,1757754052.535549,1757754052.537078,1757754052.537078,1757754052.5864122
agv4,1757754053.3310945,1757754053.3327146,1757754053.3327146,1757754053.3767986
agv3,1757754053.4436417,1757754053.4451597,1757754053.4451597,1757754053.495956
agv3,1757754053.4451597,1757754053.4492338,1757754053.4492338,1757754053.4984734
agv2,1757754053.5698354,1757754053.5719123,1757754053.5719123,1757754053.5795653
agv2,1757754053.5780196,1757754053.5795653,1757754053.5795653,1757754053.626284
agv4,1757754054.3707082,1757754054.3722243,1757754054.3722243,1757754054.4160192
agv3,1757754054.447005,1757754054.448014,1757754054.448014,1757754054.4960883
agv2,1757754054.607866,1757754054.6089652,1757754054.6089652,1757754054.6567464
agv2,1757754054.607866,1757754054.6145663,1757754054.6150897,1757754054.6572533
agv4,1757754055.4077098,1757754055.4097607,1757754055.4097607,1757754055.4155922
agv4,1757754055.414085,1757754055.4558506,1757754055.4558506,1757754055.4661229
agv3,1757754055.47514,1757754055.476659,1757754055.476659,1757754055.526534
agv2,1757754055.6138065,1757754055.6153255,1757754055.6153255,1757754055.6559982
agv4,1757754056.4438207,1757754056.4453528,1757754056.4453528,1757754056.485213
agv4,1757754056.4438207,1757754056.4483972,1757754056.4483972,1757754056.486763
agv3,1757754056.5059357,1757754056.5064733,1757754056.5064733,1757754056.5137823
agv3,1757754056.5120652,1757754056.5137823,1757754056.5137823,1757754056.5664206
agv2,1757754056.6436357,1757754056.645672,1757754056.645672,1757754056.685625
agv4,1757754057.4458072,1757754057.4463272,1757754057.4463272,1757754057.4964726
agv3,1757754057.5402641,1757754057.5413444,1757754057.5413444,1757754057.5864565
agv3,1757754057.5408142,1757754057.5448744,1757754057.5448744,1757754057.5864565
agv4,1757754058.4884005,1757754058.490074,1757754058.490074,1757754058.5362368
agv3,1757754058.5417845,1757754058.542837,1757754058.542837,1757754058.5863297
agv4,1757754059.5188806,1757754059.519889,1757754059.519889,1757754059.5662177
agv3,1757754059.5702271,1757754059.5707405,1757754059.5707405,1757754059.6261175
agv3,1757754059.5763202,1757754059.5829992,1757754059.5829992,1757754059.6276577
agv4,1757754060.5470479,1757754060.548058,1757754060.548058,1757754060.5950754
agv3,1757754060.6023386,1757754060.6038644,1757754060.6038644,1757754060.6458857
agv3,1757754060.6023386,1757754060.6058755,1757754060.6063883,1757754060.6474154
agv4,1757754061.5813215,1757754061.5813215,1757754061.5828671,1757754061.626098
agv3,1757754061.6038113,1757754061.6043403,1757754061.6043403,1757754061.6453936
agv2,1757754061.644871,1757754061.6453936,1757754061.6453936,1757754061.6961985
agv4,1757754062.619072,1757754062.6200864,1757754062.6200864,1757754062.6664133
agv3,1757754062.6378808,1757754062.6664133,1757754062.6664133,1757754062.6861517
agv4,1757754063.6507335,1757754063.652246,1757754063.652246,1757754063.6959434
agv3,1757754063.671482,1757754063.6959434,1757754063.6959434,1757754063.7160287
agv4,1757754064.6812413,1757754064.682271,1757754064.682271,1757754064.7255795
agv4,1757754064.68176,1757754064.686323,1757754064.686323,1757754064.726589
agv3,1757754064.7023616,1757754064.735681,1757754064.735681,1757754064.7458215
agv4,1757754065.6824214,1757754065.683427,1757754065.683427,1757754065.725329
agv3,1757754065.730438,1757754065.735566,1757754065.735566,1757754065.7620614
agv3,1757754065.759968,1757754065.7620614,1757754065.7620614,1757754065.8155317
agv2,1757754066.645827,1757754066.646878,1757754066.646878,1757754066.6954722
agv4,1757754066.6830122,1757754066.696481,1757754066.696481,1757754066.7066739
agv2,1757754067.6466389,1757754067.6471465,1757754067.6471465,1757754067.6691973
agv2,1757754067.6681864,1757754067.6701982,1757754067.6701982,1757754067.7157729
agv4,1757754067.6843646,1757754067.6859207,1757754067.6859207,1757754067.7359447
agv3,1757754067.7851267,1757754067.8261266,1757754067.8261266,1757754067.8754365
agv3,1757754067.7851267,1757754067.8271718,1757754067.8271718,1757754067.8764787
agv4,1757754068.6851845,1757754068.6871903,1757754068.6871903,1757754068.713166
agv2,1757754068.7031412,1757754068.735326,1757754068.735326,1757754068.7455466
agv2,1757754068.7031412,1757754068.7363408,1757754068.7363408,1757754068.7465615
agv4,1757754068.711158,1757754068.7384238,1757754068.7384238,1757754068.7649276
agv2,1757754069.704686,1757754069.7057333,1757754069.7057333,1757754069.7558453
agv4,1757754070.7347846,1757754070.7357802,1757754070.7357802,1757754070.7854092
agv4,1757754070.7347846,1757754070.7373571,1757754070.7373571,1757754070.7864878
agv2,1757754070.7406743,1757754070.7854092,1757754070.7854092,1757754070.7895398
agv4,1757754071.741184,1757754071.7428043,1757754071.7428043,1757754071.7854538
agv2,1757754071.7772367,1757754071.8053122,1757754071.8053122,1757754071.8252063
agv2,1757754071.7772367,1757754071.8064036,1757754071.8064036,1757754071.8262122
agv2,1757754072.7783692,1757754072.778913,1757754072.778913,1757754072.8252413
agv4,1757754072.7804556,1757754072.7809927,1757754072.7809927,1757754072.8257477
agv4,1757754072.7809927,1757754072.787075,1757754072.787075,1757754072.826824
agv3,1757754074.7907295,1757754074.7923825,1757754074.7923825,1757754074.7953153
agv4,1757754074.7818382,1757754074.7834792,1757754074.7834792,1757754074.8254395
agv4,1757754075.818562,1757754075.8443844,1757754075.8443844,1757754075.865038
agv4,1757754075.8226428,1757754075.8459382,1757754075.8459382,1757754075.865038
agv3,1757754075.8282762,1757754075.8484905,1757754075.8484905,1757754075.875431
agv4,1757754076.8582788,1757754076.8582788,1757754076.8582788,1757754076.9050963
agv4,1757754076.8582788,1757754076.8618677,1757754076.8618677,1757754076.9060967
agv3,1757754076.8707871,1757754076.914008,1757754076.914008,1757754076.9354706
agv3,1757754076.8907576,1757754076.9175558,1757754076.9175558,1757754076.936514
agv3,1757754076.994625,1757754077.0357041,1757754077.0357041,1757754077.085044
agv2,1757754077.7791936,1757754077.7807336,1757754077.7807336,1757754077.8239105
agv4,1757754077.8595562,1757754077.8610883,1757754077.8610883,1757754077.905063
agv4,1757754077.8595562,1757754077.8630981,1757754077.8630981,1757754077.9060736
agv4,1757754078.8783376,1757754078.8793006,1757754078.8793006,1757754078.924908
agv4,1757754080.914888,1757754080.9341383,1757754080.9341383,1757754080.9651895
agv4,1757754081.9466138,1757754081.9481313,1757754081.9481313,1757754081.994619
agv2,1757754082.7799125,1757754082.7821271,1757754082.7821271,1757754082.8248434
agv4,1757754082.9805984,1757754082.9821358,1757754082.9821358,1757754082.987187
agv4,1757754082.9855938,1757754082.986139,1757754082.986139,1757754083.0348957
agv2,1757754083.7809412,1757754083.7819877,1757754083.7819877,1757754083.7979414
agv2,1757754083.7964134,1757754083.8343468,1757754083.8343468,1757754083.844075
agv4,1757754084.0221546,1757754084.0435534,1757754084.0435534,1757754084.064641
agv4,1757754084.0221546,1757754084.0456767,1757754084.0456767,1757754084.064641
agv3,1757754084.0199847,1757754084.0946975,1757754084.0946975,1757754084.115131
agv3,1757754084.0209875,1757754084.0967174,1757754084.0967174,1757754084.1161375
agv2,1757754084.830413,1757754084.831487,1757754084.831487,1757754084.873953
agv2,1757754084.8309581,1757754084.8341262,1757754084.8341262,1757754084.8754654
agv4,1757754085.0231297,1757754085.024964,1757754085.024964,1757754085.0744553
agv4,1757754086.056542,1757754086.074657,1757754086.074657,1757754086.1037652
agv4,1757754086.0616872,1757754086.0761738,1757754086.0761738,1757754086.105318
agv4,1757754086.1764996,1757754086.1785097,1757754086.1785097,1757754086.224067
agv2,1757754086.831782,1757754086.8328106,1757754086.8328106,1757754086.8737829
agv4,1757754087.1824996,1757754087.1835136,1757754087.1835136,1757754087.2247558
agv2,1757754087.8649247,1757754087.8664763,1757754087.8664763,1757754087.9246666
agv2,1757754087.8738244,1757754087.8811429,1757754087.8811429,1757754087.9251735
agv4,1757754088.2147977,1757754088.216313,1757754088.216313,1757754088.2640657
agv4,1757754088.2147977,1757754088.2173235,1757754088.2173235,1757754088.2655733
agv2,1757754088.906582,1757754088.9076004,1757754088.9076004,1757754088.95502
agv2,1757754088.906582,1757754088.9106445,1757754088.9106445,1757754088.9555473
agv4,1757754089.2161167,1757754089.2171264,1757754089.2171264,1757754089.2636864
agv2,1757754089.9082656,1757754089.9092739,1757754089.9092739,1757754089.9547157
agv4,1757754090.2508986,1757754090.252445,1757754090.252445,1757754090.293866
agv2,1757754090.947774,1757754090.9487813,1757754090.9487813,1757754090.9942133
agv3,1757754091.0475292,1757754091.0944629,1757754091.0944629,1757754091.1447842
agv3,1757754091.0480402,1757754091.0960648,1757754091.0960648,1757754091.1453378
agv4,1757754091.284729,1757754091.2852674,1757754091.2852674,1757754091.2929344
agv4,1757754091.2914011,1757754091.2929344,1757754091.2929344,1757754091.3433518
agv2,1757754091.9832587,1757754091.9847975,1757754091.9847975,1757754091.989585
agv2,1757754091.9879289,1757754092.034461,1757754092.034461,1757754092.0367432
agv4,1757754092.3268514,1757754092.32843,1757754092.32843,1757754092.374087
agv4,1757754092.3268514,1757754092.3314838,1757754092.3314838,1757754092.3755987
agv2,1757754093.0221367,1757754093.0236537,1757754093.0236537,1757754093.073582
agv2,1757754093.0221367,1757754093.0257406,1757754093.0257406,1757754093.0746257
agv4,1757754093.3282297,1757754093.3292415,1757754093.3292415,1757754093.3740644
agv2,1757754094.0237014,1757754094.025275,1757754094.025275,1757754094.0736487
agv4,1757754094.3642676,1757754094.3657796,1757754094.3657796,1757754094.413798
agv2,1757754095.0594206,1757754095.0609748,1757754095.0609748,1757754095.1041584
agv4,1757754095.4206307,1757754095.4221828,1757754095.4221828,1757754095.4631898
agv2,1757754096.1094277,1757754096.1099334,1757754096.1099334,1757754096.1542814
agv4,1757754096.449058,1757754096.4515889,1757754096.4515889,1757754096.4577262
agv4,1757754096.4567156,1757754096.4577262,1757754096.4577262,1757754096.5030196
agv2,1757754097.184754,1757754097.1862926,1757754097.1862926,1757754097.2334564
agv4,1757754097.5251155,1757754097.5271854,1757754097.5271854,1757754097.573978
agv4,1757754097.52567,1757754097.528556,1757754097.528556,1757754097.5753117
agv3,1757754098.0567715,1757754098.0592945,1757754098.0592945,1757754098.1039627
agv2,1757754098.2237866,1757754098.2251692,1757754098.2251692,1757754098.273206
agv4,1757754098.5318527,1757754098.5328448,1757754098.5343528,1757754098.5836484
agv3,1757754099.1281755,1757754099.129631,1757754099.129631,1757754099.1734402
agv3,1757754099.1318958,1757754099.1334553,1757754099.1334553,1757754099.1747549
agv2,1757754099.273814,1757754099.2758715,1757754099.2758715,1757754099.3228593
agv4,1757754099.5727482,1757754099.5737612,1757754099.5747633,1757754099.6231701
agv3,1757754100.1351438,1757754100.136152,1757754100.136152,1757754100.1837683
agv2,1757754100.3096044,1757754100.3111224,1757754100.3111224,1757754100.3531628
agv4,1757754100.6096559,1757754100.6107218,1757754100.6107218,1757754100.6639912
agv4,1757754100.6143456,1757754100.6183121,1757754100.6183121,1757754100.6649983
agv3,1757754101.1703782,1757754101.1719117,1757754101.1719117,1757754101.2128274
agv2,1757754101.3431325,1757754101.3451896,1757754101.3451896,1757754101.3937864
agv4,1757754101.6483479,1757754101.6494744,1757754101.6494744,1757754101.6932626
agv4,1757754101.6483479,1757754101.6525142,1757754101.6525142,1757754101.6942682
agv3,1757754102.201889,1757754102.2034328,1757754102.2034328,1757754102.2530317
agv2,1757754102.3782756,1757754102.3792953,1757754102.3792953,1757754102.4235516
agv4,1757754102.649567,1757754102.6505783,1757754102.6505783,1757754102.693865
agv3,1757754103.2578437,1757754103.2596354,1757754103.2596354,1757754103.3134694
agv2,1757754103.4337413,1757754103.4347522,1757754103.4347522,1757754103.4832685
agv4,1757754103.694071,1757754103.6955917,1757754103.6955917,1757754103.7424073
agv4,1757754103.694071,1757754103.6981235,1757754103.6981235,1757754103.7438877
agv3,1757754104.3202724,1757754104.3218381,1757754104.3218381,1757754104.329657
agv3,1757754104.327944,1757754104.329657,1757754104.329657,1757754104.3737266
agv2,1757754104.484965,1757754104.4865382,1757754104.4865382,1757754104.4931183
agv2,1757754104.49161,1757754104.4931183,1757754104.4931183,1757754104.543553
agv4,1757754104.6951997,1757754104.696837,1757754104.696837,1757754104.7436144
agv3,1757754105.3592317,1757754105.3607955,1757754105.3607955,1757754105.402409
agv3,1757754105.3597856,1757754105.3623216,1757754105.3623216,1757754105.4039204
agv2,1757754105.5237122,1757754105.5252416,1757754105.5252416,1757754105.5734305
agv2,1757754105.5237122,1757754105.5263114,1757754105.5263114,1757754105.5749476
agv3,1757754106.360871,1757754106.361884,1757754106.361884,1757754106.403581
agv2,1757754106.5247846,1757754106.5258524,1757754106.5258524,1757754106.573067
agv3,1757754107.3906772,1757754107.3916907,1757754107.3916907,1757754107.4327807
agv2,1757754107.5544908,1757754107.5560517,1757754107.5560517,1757754107.6034358
agv2,1757754108.5556939,1757754108.5567815,1757754108.5567815,1757754108.6025667
agv2,1757754109.556837,1757754109.5583804,1757754109.5583804,1757754109.6125865
agv4,1757754109.6965604,1757754109.699107,1757754109.699107,1757754109.7427278
agv2,1757754110.558272,1757754110.558272,1757754110.558272,1757754110.5778537
agv2,1757754110.576805,1757754110.6133978,1757754110.6133978,1757754110.6217222
agv2,1757754111.6088872,1757754111.6094394,1757754111.6094394,1757754111.6526213
agv2,1757754111.6094394,1757754111.613313,1757754111.613313,1757754111.654158
agv3,1757754112.391631,1757754112.3931112,1757754112.3931112,1757754112.4421039
agv2,1757754113.610271,1757754113.6118267,1757754113.612226,1757754113.6527286
agv2,1757754114.639852,1757754114.6409357,1757754114.6409357,1757754114.6500854
agv2,1757754114.6485498,1757754114.6500854,1757754114.6500854,1757754114.7026634
agv4,1757754114.6982872,1757754114.701007,1757754114.701007,1757754114.7430205
agv4,1757754115.699371,1757754115.7009013,1757754115.7009013,1757754115.7195976
agv2,1757754115.7090552,1757754115.7106106,1757754115.7106106,1757754115.7524893
agv2,1757754115.709601,1757754115.712473,1757754115.712473,1757754115.753486
agv4,1757754115.7175858,1757754115.7623663,1757754115.7623663,1757754115.766419
agv2,1757754116.7104363,1757754116.7114651,1757754116.7114651,1757754116.75301
agv4,1757754116.744337,1757754116.7930698,1757754116.7930698,1757754116.8569505
agv4,1757754116.744337,1757754116.796609,1757754116.796609,1757754116.8692334
agv3,1757754117.392956,1757754117.394479,1757754117.394479,1757754117.4425375
agv4,1757754117.7457895,1757754117.7473361,1757754117.7473361,1757754117.7493324
agv2,1757754117.7837343,1757754117.7853274,1757754117.7853274,1757754117.8326795
agv3,1757754118.3935227,1757754118.3940296,1757754118.3940296,1757754118.411077
agv3,1757754118.40901,1757754118.44193,1757754118.44193,1757754118.4622283
agv4,1757754118.77525,1757754118.7762852,1757754118.7762852,1757754118.7837186
agv4,1757754118.7821097,1757754118.8224673,1757754118.8224673,1757754118.832614
agv2,1757754118.8173633,1757754118.8254972,1757754118.8254972,1757754118.8620403
agv3,1757754119.437613,1757754119.4392428,1757754119.4392428,1757754119.4827466
agv3,1757754119.4386888,1757754119.442629,1757754119.442629,1757754119.4842663
agv4,1757754119.8081064,1757754119.8096402,1757754119.8096402,1757754119.8516285
agv4,1757754119.8081064,1757754119.8116696,1757754119.8116696,1757754119.8531568
agv2,1757754119.8486018,1757754119.8725834,1757754119.8725834,1757754119.902489
agv3,1757754120.4398983,1757754120.4414134,1757754120.4414134,1757754120.482581
agv4,1757754120.8092713,1757754120.8113337,1757754120.8113337,1757754120.8526251
agv2,1757754120.8771026,1757754120.8786187,1757754120.8786187,1757754120.922008
agv3,1757754121.4702518,1757754121.4718664,1757754121.4718664,1757754121.5121665
agv4,1757754121.8457446,1757754121.8467965,1757754121.8467965,1757754121.8925827
agv2,1757754121.930235,1757754121.9323003,1757754121.9323003,1757754121.9728646
agv3,1757754122.5245261,1757754122.5255344,1757754122.5255344,1757754122.5720968
agv4,1757754122.895166,1757754122.8972042,1757754122.8972042,1757754122.9058518
agv4,1757754122.9037857,1757754122.9058518,1757754122.9058518,1757754122.9516106
agv2,1757754122.9688447,1757754122.970965,1757754122.970965,1757754123.0127497
agv3,1757754123.554024,1757754123.5550358,1757754123.5550358,1757754123.6024985
agv4,1757754123.9359772,1757754123.9375234,1757754123.9375234,1757754123.9822118
agv4,1757754123.9365156,1757754123.9390335,1757754123.9390335,1757754123.9837422
agv2,1757754123.9975128,1757754123.998523,1757754123.998523,1757754124.041673
agv3,1757754124.5865276,1757754124.5875578,1757754124.5875578,1757754124.6318548
agv4,1757754124.9373095,1757754124.9378533,1757754124.9378533,1757754124.9815662
agv2,1757754125.031212,1757754125.0322185,1757754125.0322185,1757754125.0388112
agv2,1757754125.0378108,1757754125.0821762,1757754125.0821762,1757754125.0852394
agv3,1757754125.6154602,1757754125.6169915,1757754125.6169915,1757754125.6399474
agv3,1757754125.638436,1757754125.6712692,1757754125.6712692,1757754125.682143
agv4,1757754125.9679222,1757754125.9694707,1757754125.9694707,1757754126.0119343
agv2,1757754126.0703971,1757754126.0719662,1757754126.0719662,1757754126.1221116
agv2,1757754126.0729704,1757754126.0775483,1757754126.0775483,1757754126.1231756
agv4,1757754126.0719662,1757754126.1322052,1757754126.1322052,1757754126.161823
agv2,1757754127.0747023,1757754127.0762205,1757754127.0762205,1757754127.1229975
agv4,1757754127.0995524,1757754127.1318467,1757754127.1318467,1757754127.1523316
agv2,1757754128.1083596,1757754128.1099696,1757754128.1099696,1757754128.1515496
agv3,1757754128.6674626,1757754128.6915455,1757754128.6915455,1757754128.7408683
agv4,1757754129.129195,1757754129.1307044,1757754129.1307044,1757754129.1720023
agv2,1757754129.1418998,1757754129.1817386,1757754129.1817386,1757754129.1924188
agv4,1757754130.1659563,1757754130.1672993,1757754130.1672993,1757754130.211943
agv2,1757754130.1764238,1757754130.211943,1757754130.211943,1757754130.2317283
agv2,1757754130.183526,1757754130.213945,1757754130.213945,1757754130.2327194
agv3,1757754130.6995118,1757754130.7425869,1757754130.7425869,1757754130.792318
agv3,1757754130.7005227,1757754130.7445931,1757754130.7445931,1757754130.7934117
agv4,1757754131.2000885,1757754131.2011733,1757754131.2011733,1757754131.208756
agv4,1757754131.207236,1757754131.2521453,1757754131.2521453,1757754131.2572525
agv2,1757754131.21132,1757754131.2536767,1757754131.2536767,1757754131.261808
agv2,1757754131.21132,1757754131.2561872,1757754131.2561872,1757754131.2628198
agv2,1757754132.2128549,1757754132.2144608,1757754132.2144608,1757754132.2604735
agv4,1757754132.255942,1757754132.2619953,1757754132.2619953,1757754132.3013465
agv4,1757754132.255942,1757754132.2635498,1757754132.2635498,1757754132.302869
agv2,1757754133.2456932,1757754133.2467513,1757754133.2467513,1757754133.2914355
agv4,1757754133.2571275,1757754133.2587802,1757754133.2587802,1757754133.3020763
agv2,1757754134.2919796,1757754134.293517,1757754134.293517,1757754134.300531
agv2,1757754134.298555,1757754134.3414354,1757754134.3414354,1757754134.3522203
agv4,1757754134.3015406,1757754134.3449516,1757754134.3449516,1757754134.360796
agv4,1757754134.3150232,1757754134.3464987,1757754134.3464987,1757754134.362376
agv4,1757754134.4179468,1757754134.4635484,1757754134.4635484,1757754134.5115454
agv2,1757754135.3395681,1757754135.3405771,1757754135.3405771,1757754135.3911214
agv2,1757754135.3395681,1757754135.3453658,1757754135.3453658,1757754135.3926358
agv4,1757754135.4266706,1757754135.4312615,1757754135.4312615,1757754135.4712117
agv2,1757754136.3430674,1757754136.3445835,1757754136.3445835,1757754136.3914926
agv4,1757754136.4645789,1757754136.4666584,1757754136.4666584,1757754136.510671
agv4,1757754136.4645789,1757754136.4692173,1757754136.4692173,1757754136.5127165
agv2,1757754137.3739138,1757754137.3749278,1757754137.3749278,1757754137.4206564
agv4,1757754137.4657419,1757754137.4672666,1757754137.4672666,1757754137.511074
agv3,1757754137.7062314,1757754137.7511623,1757754137.7511623,1757754137.7563908
agv3,1757754137.7181342,1757754137.7574592,1757754137.7574592,1757754137.8005316
agv2,1757754138.4081156,1757754138.4086237,1757754138.4086237,1757754138.4511626
agv4,1757754138.5014844,1757754138.5030603,1757754138.5030603,1757754138.551669
agv4,1757754138.5086656,1757754138.5157309,1757754138.5157309,1757754138.551669
agv2,1757754139.465521,1757754139.467595,1757754139.467595,1757754139.5107782
agv4,1757754139.5760736,1757754139.578163,1757754139.578163,1757754139.621577
agv4,1757754139.5771537,1757754139.5817878,1757754139.5817878,1757754139.622086
agv2,1757754140.5020576,1757754140.5045753,1757754140.5045753,1757754140.5507162
agv4,1757754140.5787227,1757754140.5817752,1757754140.5817752,1757754140.631696
agv2,1757754141.6127634,1757754141.6138582,1757754141.6138582,1757754141.6239464
agv2,1757754141.6229382,1757754141.6239464,1757754141.6239464,1757754141.671095
agv4,1757754141.684427,1757754141.686972,1757754141.686972,1757754141.7316844
agv2,1757754142.6549385,1757754142.6565413,1757754142.6565413,1757754142.700527
agv2,1757754142.6554816,1757754142.6595542,1757754142.6595542,1757754142.7022057
agv4,1757754142.759373,1757754142.7609322,1757754142.7609322,1757754142.8010266
agv2,1757754143.6562674,1757754143.6570005,1757754143.6570005,1757754143.7005951
agv4,1757754143.8341272,1757754143.8354447,1757754143.8354447,1757754143.881411
agv2,1757754144.7105646,1757754144.7135904,1757754144.7135904,1757754144.76085
agv3,1757754144.7263074,1757754144.76085,1757754144.76085,1757754144.7703946
agv4,1757754144.8876538,1757754144.888662,1757754144.888662,1757754144.9308429
agv2,1757754145.7184784,1757754145.7205424,1757754145.7205424,1757754145.760713
agv3,1757754145.7531288,1757754145.7541394,1757754145.7541394,1757754145.8013859
agv3,1757754145.7531288,1757754145.7576647,1757754145.7576647,1757754145.8024023
agv4,1757754145.918486,1757754145.9190176,1757754145.9190176,1757754145.960619
agv2,1757754146.719354,1757754146.7208955,1757754146.7208955,1757754146.7707841
agv4,1757754146.9516528,1757754146.953174,1757754146.953174,1757754147.0003965
agv2,1757754147.7203739,1757754147.7214022,1757754147.7214022,1757754147.7458456
agv2,1757754147.7433121,1757754147.771525,1757754147.771525,1757754147.7907715
agv3,1757754147.754499,1757754147.7739148,1757754147.774916,1757754147.8008854
agv4,1757754147.9914196,1757754147.9929845,1757754147.9929845,1757754148.0405989
agv4,1757754147.991926,1757754147.9945164,1757754147.9945164,1757754148.0421097
agv2,1757754148.7724452,1757754148.7724452,1757754148.7739878,1757754148.8208141
agv2,1757754148.7724452,1757754148.775504,1757754148.775504,1757754148.8218253
agv3,1757754148.784162,1757754148.8304133,1757754148.8304133,1757754148.8405936
agv3,1757754148.7892952,1757754148.831947,1757754148.831947,1757754148.8405936
agv4,1757754148.992687,1757754148.9942064,1757754148.9942064,1757754149.0392606
agv3,1757754149.816895,1757754149.8184376,1757754149.8184376,1757754149.8605897
agv3,1757754149.816895,1757754149.8219671,1757754149.8219671,1757754149.8621147
agv4,1757754149.9934902,1757754149.994503,1757754149.994503,1757754150.0404348
agv2,1757754150.7739155,1757754150.7757807,1757754150.7757807,1757754150.830559
agv3,1757754150.818395,1757754150.830559,1757754150.830559,1757754150.8604522
agv4,1757754150.99439,1757754150.9953997,1757754150.9953997,1757754151.0409954
agv2,1757754151.805367,1757754151.8068998,1757754151.8068998,1757754151.8129325
agv2,1757754151.8109262,1757754151.8129325,1757754151.8129325,1757754151.8598502
agv3,1757754151.8465981,1757754151.847606,1757754151.847606,1757754151.8905313
agv4,1757754151.9956014,1757754151.996614,1757754151.996614,1757754152.0170088
agv4,1757754152.0139546,1757754152.0170088,1757754152.0170088,1757754152.0604572
agv2,1757754152.8458495,1757754152.847875,1757754152.847875,1757754152.8904965
agv2,1757754152.846358,1757754152.8519118,1757754152.8519118,1757754152.892059
agv3,1757754152.885132,1757754152.9011476,1757754152.9011476,1757754152.9304917
agv4,1757754153.049497,1757754153.0505366,1757754153.0505366,1757754153.100708
agv4,1757754153.050011,1757754153.0541666,1757754153.0541666,1757754153.1012146
agv2,1757754153.847446,1757754153.848762,1757754153.848762,1757754153.890731
agv3,1757754153.9185302,1757754153.9200668,1757754153.9200668,1757754153.9706073
agv3,1757754153.9267843,1757754153.931466,1757754153.931466,1757754153.9706073
agv4,1757754154.050981,1757754154.051996,1757754154.051996,1757754154.1008832
agv2,1757754154.8759708,1757754154.8779821,1757754154.8779821,1757754154.9205604
agv3,1757754154.955106,1757754154.9568033,1757754154.9568033,1757754155.0006628
agv3,1757754154.9556992,1757754154.9590309,1757754154.9590309,1757754155.0017269
agv4,1757754155.0782146,1757754155.0797324,1757754155.0797324,1757754155.1203694
agv2,1757754155.9484708,1757754155.9504752,1757754155.9504752,1757754156.0006394
agv3,1757754155.9591837,1757754156.0006394,1757754156.0006394,1757754156.0107698
agv4,1757754156.1545858,1757754156.156116,1757754156.156116,1757754156.1998136
agv2,1757754157.0159962,1757754157.01803,1757754157.01803,1757754157.0598128
agv3,1757754157.030414,1757754157.0319552,1757754157.0319552,1757754157.090694
agv4,1757754157.2147794,1757754157.2163725,1757754157.2163725,1757754157.2607543
agv2,1757754158.0514042,1757754158.053481,1757754158.053481,1757754158.1001728
agv3,1757754158.0672472,1757754158.1108181,1757754158.1108181,1757754158.1605124
agv3,1757754158.1052742,1757754158.1133404,1757754158.1133404,1757754158.1615863
agv3,1757754158.1067932,1757754158.115984,1757754158.115984,1757754158.163186
agv2,1757754158.154672,1757754158.2012823,1757754158.2012823,1757754158.2504046
agv4,1757754158.2675855,1757754158.2696338,1757754158.2696338,1757754158.319503
agv3,1757754159.119611,1757754159.121136,1757754159.121136,1757754159.1704857
agv4,1757754159.3113592,1757754159.3123682,1757754159.3123682,1757754159.359707
agv3,1757754160.148861,1757754160.1505077,1757754160.1505077,1757754160.200666
agv4,1757754160.3439903,1757754160.345511,1757754160.345511,1757754160.3906007
agv3,1757754161.186729,1757754161.1877406,1757754161.1877406,1757754161.1968787
agv3,1757754161.1942792,1757754161.1968787,1757754161.1968787,1757754161.2402322
agv4,1757754161.381264,1757754161.382276,1757754161.382276,1757754161.4295373
agv3,1757754162.2597783,1757754162.2612946,1757754162.2612946,1757754162.3095818
agv3,1757754162.2597783,1757754162.2638583,1757754162.2638583,1757754162.3110974
agv4,1757754162.444242,1757754162.445768,1757754162.445768,1757754162.452845
agv4,1757754162.4508302,1757754162.452845,1757754162.452845,1757754162.4990966
agv3,1757754163.2612016,1757754163.2628157,1757754163.2628157,1757754163.3102295
agv4,1757754163.4870787,1757754163.4891603,1757754163.4891603,1757754163.5290189
agv4,1757754163.4870787,1757754163.4906816,1757754163.4906816,1757754163.5315418
agv3,1757754164.2954113,1757754164.296934,1757754164.296934,1757754164.338885
agv4,1757754164.4881883,1757754164.4897006,1757754164.4897006,1757754164.5301375
agv2,1757754165.1607776,1757754165.1635122,1757754165.1635122,1757754165.2095883
agv3,1757754165.3315258,1757754165.3325338,1757754165.3325338,1757754165.3790622
agv4,1757754165.5222313,1757754165.5232418,1757754165.5232418,1757754165.5691028
agv2,1757754166.193718,1757754166.1942248,1757754166.1942248,1757754166.239977
agv3,1757754166.3633668,1757754166.3633668,1757754166.3633668,1757754166.409717
agv4,1757754166.5551784,1757754166.556193,1757754166.556193,1757754166.599732
agv2,1757754167.2268038,1757754167.2278206,1757754167.2278206,1757754167.237638
agv2,1757754167.236107,1757754167.237638,1757754167.237638,1757754167.289375
agv4,1757754167.257698,1757754167.3007767,1757754167.3007767,1757754167.3493705
agv3,1757754167.3964987,1757754167.3964987,1757754167.3964987,1757754167.4403634
agv3,1757754167.3964987,1757754167.401509,1757754167.401509,1757754167.4413762
agv2,1757754167.3503842,1757754167.3909125,1757754167.3909125,1757754167.4423854
agv4,1757754168.2640822,1757754168.266614,1757754168.266614,1757754168.309734
agv3,1757754168.3983786,1757754168.399908,1757754168.399908,1757754168.4500475
agv4,1757754169.3019762,1757754169.303585,1757754169.303585,1757754169.349654
agv4,1757754170.3360157,1757754170.3375611,1757754170.3375611,1757754170.3555498
agv4,1757754170.3534977,1757754170.3555498,1757754170.3555498,1757754170.3991635
agv4,1757754171.3806782,1757754171.3818467,1757754171.3818467,1757754171.4293494
agv4,1757754172.4193392,1757754172.4213629,1757754172.4213629,1757754172.469107
agv3,1757754173.399484,1757754173.4004958,1757754173.4004958,1757754173.4494474
agv4,1757754173.4560592,1757754173.4575937,1757754173.4575937,1757754173.498593
agv2,1757754174.3554785,1757754174.3560104,1757754174.3560104,1757754174.39943
agv4,1757754174.4925041,1757754174.493514,1757754174.493514,1757754174.5396981
agv2,1757754175.3917224,1757754175.3932436,1757754175.3932436,1757754175.4388964
agv2,1757754175.3932436,1757754175.39631,1757754175.39631,1757754175.4404204
agv4,1757754175.5257185,1757754175.5267308,1757754175.5267308,1757754175.5343328
agv4,1757754175.5323355,1757754175.533334,1757754175.533334,1757754175.5786068
agv2,1757754176.3942504,1757754176.39579,1757754176.39579,1757754176.4393659
agv4,1757754176.5868318,1757754176.5888412,1757754176.5888412,1757754176.6290553
agv4,1757754176.5868318,1757754176.5903487,1757754176.5903487,1757754176.6290553
agv2,1757754177.4254596,1757754177.4265313,1757754177.4265313,1757754177.4690483
agv4,1757754177.5882509,1757754177.589263,1757754177.589263,1757754177.6392105
agv3,1757754178.400748,1757754178.4017599,1757754178.4017599,1757754178.448474
agv2,1757754178.4882286,1757754178.4897685,1757754178.4897685,1757754178.4967136
agv2,1757754178.4967136,1757754178.5387454,1757754178.5387454,1757754178.5484586
agv4,1757754178.632761,1757754178.6342747,1757754178.6342747,1757754178.6478825
agv4,1757754178.645873,1757754178.6791873,1757754178.6791873,1757754178.6989949
agv3,1757754179.4011872,1757754179.4028132,1757754179.4028132,1757754179.42556
agv3,1757754179.423968,1757754179.4493308,1757754179.4493308,1757754179.4689133
agv2,1757754179.5292294,1757754179.5307567,1757754179.5307567,1757754179.5791981
agv2,1757754179.5292294,1757754179.5342844,1757754179.5342844,1757754179.5797184
agv4,1757754179.6793706,1757754179.6808891,1757754179.6808891,1757754179.6859655
agv4,1757754179.6854575,1757754179.6869783,1757754179.6869783,1757754179.7391577
agv3,1757754180.4613848,1757754180.4625912,1757754180.4625912,1757754180.508897
agv3,1757754180.4613848,1757754180.4661765,1757754180.4661765,1757754180.508897
agv2,1757754180.5307057,1757754180.5317137,1757754180.5317137,1757754180.5790298
agv4,1757754180.6903815,1757754180.6913912,1757754180.6913912,1757754180.738873
agv3,1757754181.4629211,1757754181.4644358,1757754181.4644358,1757754181.508621
agv2,1757754181.5580525,1757754181.5590615,1757754181.5590615,1757754181.6089
agv4,1757754181.7193272,1757754181.7208486,1757754181.7208486,1757754181.7687845
agv3,1757754182.4951587,1757754182.4967318,1757754182.4967318,1757754182.5391953
agv2,1757754182.5944908,1757754182.595584,1757754182.595584,1757754182.6386268
agv4,1757754182.756932,1757754182.7584822,1757754182.7584822,1757754182.779538
agv4,1757754182.776878,1757754182.8086684,1757754182.8086684,1757754182.8286254
agv3,1757754183.5315208,1757754183.533533,1757754183.533533,1757754183.579151
agv2,1757754183.629553,1757754183.6306233,1757754183.6306233,1757754183.638878
agv2,1757754183.6365037,1757754183.638878,1757754183.638878,1757754183.6883051
agv4,1757754183.815765,1757754183.8173327,1757754183.8173327,1757754183.8584561
agv4,1757754183.8163216,1757754183.821571,1757754183.821571,1757754183.8595302
agv3,1757754184.5648973,1757754184.5669472,1757754184.5669472,1757754184.6082597
agv3,1757754184.5648973,1757754184.568768,1757754184.568768,1757754184.6082597
agv2,1757754184.6743953,1757754184.675408,1757754184.675408,1757754184.7186382
agv2,1757754184.6743953,1757754184.6784568,1757754184.6784568,1757754184.7196386
agv4,1757754184.8190057,1757754184.821071,1757754184.821071,1757754184.8688288
agv3,1757754185.5664277,1757754185.5684378,1757754185.5684378,1757754185.6085732
agv2,1757754185.675493,1757754185.6770117,1757754185.6770117,1757754185.718028
agv4,1757754185.8504245,1757754185.8525064,1757754185.8525064,1757754185.859796
agv4,1757754185.8576896,1757754185.898688,1757754185.898688,1757754185.9077818
agv3,1757754186.5671768,1757754186.5681856,1757754186.5681856,1757754186.6184669
agv2,1757754186.7481833,1757754186.7497013,1757754186.7497013,1757754186.798681
agv4,1757754186.9260268,1757754186.9270353,1757754186.9270353,1757754186.96871
agv4,1757754186.9260268,1757754186.9356947,1757754186.9356947,1757754186.969722
agv3,1757754187.5678854,1757754187.5693977,1757754187.5693977,1757754187.6174302
agv2,1757754187.7979608,1757754187.7989676,1757754187.7989676,1757754187.8480933
agv4,1757754187.9274988,1757754187.928511,1757754187.928511,1757754187.9784777
agv3,1757754188.5689802,1757754188.5705056,1757754188.5705056,1757754188.5957098
agv3,1757754188.5947094,1757754188.617831,1757754188.61884,1757754188.6481192
agv2,1757754188.8377068,1757754188.8392222,1757754188.8392222,1757754188.8875523
agv4,1757754188.9593403,1757754188.9603484,1757754188.961355,1757754189.0084174
agv3,1757754189.6254942,1757754189.6265082,1757754189.6265082,1757754189.668433
agv3,1757754189.6254942,1757754189.6310961,1757754189.6310961,1757754189.6694286
agv2,1757754189.8673844,1757754189.868392,1757754189.868392,1757754189.875207
agv2,1757754189.873156,1757754189.875207,1757754189.875207,1757754189.9178653
agv4,1757754189.992339,1757754189.993346,1757754189.993346,1757754190.037442
agv2,1757754190.9070902,1757754190.9090142,1757754190.9090142,1757754190.9584618
agv2,1757754190.9090142,1757754190.9122071,1757754190.9122071,1757754190.9595397
agv4,1757754191.0267107,1757754191.0282462,1757754191.0282462,1757754191.068168
agv3,1757754191.6270344,1757754191.6285908,1757754191.6285908,1757754191.677749
agv2,1757754191.9099903,1757754191.9110236,1757754191.9110236,1757754191.9575198
agv4,1757754192.057124,1757754192.0586386,1757754192.0586386,1757754192.1082144
agv3,1757754192.6577694,1757754192.6588926,1757754192.6588926,1757754192.668187
agv3,1757754192.6671772,1757754192.668187,1757754192.668187,1757754192.718375
agv2,1757754192.938002,1757754192.9390113,1757754192.9390113,1757754192.9879048
agv4,1757754193.0901644,1757754193.091743,1757754193.091743,1757754193.1383321
agv3,1757754193.6999605,1757754193.7010286,1757754193.7010286,1757754193.7474542
agv3,1757754193.7005005,1757754193.7055533,1757754193.7055533,1757754193.749454
agv2,1757754193.9397767,1757754193.940295,1757754193.940295,1757754193.9879065
agv4,1757754194.1255803,1757754194.1271129,1757754194.1271129,1757754194.1777735
agv4,1757754194.126103,1757754194.130673,1757754194.1316843,1757754194.1787853
agv3,1757754194.7015707,1757754194.7041066,1757754194.7041066,1757754194.7476757
agv2,1757754194.9404213,1757754194.942032,1757754194.942032,1757754194.9881735
agv4,1757754195.1294086,1757754195.1304486,1757754195.1304486,1757754195.1768224
agv3,1757754195.731988,1757754195.733506,1757754195.733506,1757754195.7778018
agv2,1757754195.9416375,1757754195.9436486,1757754195.9436486,1757754195.9635117
agv2,1757754195.9620082,1757754195.9635117,1757754195.9635117,1757754196.0075002
agv3,1757754196.7734184,1757754196.774629,1757754196.774629,1757754196.8181663
agv2,1757754197.0004847,1757754197.0025132,1757754197.0025132,1757754197.0474992
agv2,1757754197.001495,1757754197.0100577,1757754197.0100577,1757754197.0484982
agv3,1757754197.806966,1757754197.8088713,1757754197.8094156,1757754197.8579147
agv3,1757754198.847035,1757754198.8572364,1757754198.8572364,1757754198.897874
agv2,1757754199.0025146,1757754199.0040863,1757754199.0040863,1757754199.0472043
agv3,1757754199.88044,1757754199.881449,1757754199.881449,1757754199.9277055
agv2,1757754200.0331223,1757754200.0341327,1757754200.0341327,1757754200.0403717
agv2,1757754200.0387852,1757754200.0869613,1757754200.0869613,1757754200.0910711
agv4,1757754200.130065,1757754200.1311054,1757754200.1311054,1757754200.1774905
agv3,1757754200.90988,1757754200.911918,1757754200.911918,1757754200.9574342
agv2,1757754201.0669115,1757754201.0684385,1757754201.0684385,1757754201.1177878
agv2,1757754201.0674236,1757754201.0705009,1757754201.0705009,1757754201.1187963
agv3,1757754201.9649506,1757754201.9669964,1757754201.9669964,1757754201.9776955
agv3,1757754201.9751377,1757754201.9776955,1757754201.9776955,1757754202.0277233
agv2,1757754202.068737,1757754202.0705066,1757754202.0705066,1757754202.1180217
agv3,1757754203.0116842,1757754203.0132124,1757754203.0132124,1757754203.0576742
agv3,1757754203.0116842,1757754203.015909,1757754203.0164416,1757754203.0586832
agv2,1757754203.1075716,1757754203.1106272,1757754203.1106272,1757754203.157707
agv3,1757754204.0130138,1757754204.0140283,1757754204.0140283,1757754204.0569828
agv2,1757754204.1449547,1757754204.1464677,1757754204.1464677,1757754204.1874478
agv3,1757754205.0451338,1757754205.0471578,1757754205.0471578,1757754205.087311
agv4,1757754205.1309261,1757754205.1319427,1757754205.1319427,1757754205.1870468
agv2,1757754205.1798954,1757754205.1809595,1757754205.1809595,1757754205.2271836
agv3,1757754206.0828373,1757754206.0843651,1757754206.0843651,1757754206.0912926
agv3,1757754206.0896833,1757754206.1372945,1757754206.1372945,1757754206.1441133
agv4,1757754206.1322536,1757754206.139824,1757754206.139824,1757754206.1628761
agv4,1757754206.161351,1757754206.1870737,1757754206.1870737,1757754206.2068975
agv2,1757754206.213049,1757754206.2135563,1757754206.2135563,1757754206.2341337
agv2,1757754206.2341337,1757754206.2341337,1757754206.2341337,1757754206.2867262
agv3,1757754207.1239164,1757754207.1249864,1757754207.1249864,1757754207.1677208
agv3,1757754207.1244557,1757754207.1277544,1757754207.1277544,1757754207.1687772
agv4,1757754207.195951,1757754207.195951,1757754207.195951,1757754207.2467096
agv4,1757754207.195951,1757754207.1990738,1757754207.1990738,1757754207.2482147
agv3,1757754208.1250916,1757754208.1261048,1757754208.1261048,1757754208.1673543
agv3,1757754209.158446,1757754209.177242,1757754209.177242,1757754209.2072353
agv4,1757754209.1970646,1757754209.2371886,1757754209.237697,1757754209.2666624
agv3,1757754209.2717624,1757754209.3168495,1757754209.3168495,1757754209.3571796
agv2,1757754209.2980475,1757754209.3488414,1757754209.3488414,1757754209.3974466
agv4,1757754210.2594428,1757754210.2604675,1757754210.2604675,1757754210.266318
agv4,1757754210.2648804,1757754210.30635,1757754210.30635,1757754210.3171122
agv3,1757754210.2982018,1757754210.3104095,1757754210.3104095,1757754210.347319
agv4,1757754211.306154,1757754211.3567584,1757754211.3567584,1757754211.3857064
agv4,1757754211.3096876,1757754211.3622959,1757754211.3622959,1757754211.3862345
agv2,1757754211.4207964,1757754211.4467099,1757754211.4467099,1757754211.4766238
agv2,1757754211.4258685,1757754211.450257,1757754211.450257,1757754211.4781613
agv4,1757754212.3112667,1757754212.312787,1757754212.312787,1757754212.3570745
agv3,1757754212.3275335,1757754212.3570745,1757754212.3570745,1757754212.376506
agv4,1757754213.3606396,1757754213.3627107,1757754213.3627107,1757754213.4063795
agv3,1757754213.3708901,1757754213.416982,1757754213.416982,1757754213.420572
agv3,1757754213.3708901,1757754213.4179857,1757754213.4179857,1757754213.421635
agv4,1757754214.3988078,1757754214.4003432,1757754214.4003432,1757754214.4464502
agv3,1757754215.3727767,1757754215.3743029,1757754215.3743029,1757754215.4168975
agv4,1757754215.4385595,1757754215.4406087,1757754215.4406087,1757754215.4867487
agv3,1757754216.4125898,1757754216.4141045,1757754216.4141045,1757754216.4208953
agv3,1757754216.4188318,1757754216.4208953,1757754216.4208953,1757754216.466272
agv4,1757754216.474889,1757754216.4764326,1757754216.4764326,1757754216.51677
agv3,1757754217.4587762,1757754217.4603271,1757754217.4603271,1757754217.5065682
agv3,1757754217.4587762,1757754217.4635103,1757754217.4635103,1757754217.507758
agv4,1757754217.5127301,1757754217.5164864,1757754217.5164864,1757754217.566937
agv4,1757754217.5190053,1757754217.520538,1757754217.520538,1757754217.5679278
agv2,1757754218.4336672,1757754218.4356773,1757754218.4356773,1757754218.4767141
agv3,1757754218.4598658,1757754218.4868662,1757754218.4868662,1757754218.5062766
agv4,1757754218.5647395,1757754218.5652747,1757754218.5652747,1757754218.6062138
agv4,1757754218.5652747,1757754218.569058,1757754218.569058,1757754218.6077302
agv2,1757754219.479861,1757754219.4829345,1757754219.4829345,1757754219.4883995
agv2,1757754219.4866083,1757754219.488952,1757754219.488952,1757754219.5369444
agv3,1757754219.5151873,1757754219.5369444,1757754219.5369444,1757754219.5661016
agv4,1757754219.5661016,1757754219.5676231,1757754219.5676231,1757754219.6169038
agv2,1757754220.48785,1757754220.4888623,1757754220.4888623,1757754220.5365627
agv3,1757754220.5441535,1757754220.5467021,1757754220.5467021,1757754220.5866728
agv4,1757754220.5953088,1757754220.5970557,1757754220.5970557,1757754220.6052742
agv4,1757754220.6037388,1757754220.646793,1757754220.646793,1757754220.6562767
agv2,1757754221.5244977,1757754221.5260196,1757754221.5260196,1757754221.5382617
agv2,1757754221.5361712,1757754221.5764003,1757754221.5764003,1757754221.5865781
agv3,1757754221.588632,1757754221.5901527,1757754221.5901527,1757754221.6362765
agv4,1757754221.6468923,1757754221.6479,1757754221.6479,1757754221.6959987
agv4,1757754221.6468923,1757754221.6520896,1757754221.6520896,1757754221.6980085
agv2,1757754222.570993,1757754222.5715277,1757754222.5715277,1757754222.616542
agv2,1757754222.5715277,1757754222.5740755,1757754222.5740755,1757754222.6175506
agv3,1757754222.6236403,1757754222.6261787,1757754222.6261787,1757754222.6667306
agv4,1757754222.6479087,1757754222.6494465,1757754222.6494465,1757754222.6964424
agv2,1757754223.5722256,1757754223.5737913,1757754223.5737913,1757754223.6162837
agv4,1757754223.6874776,1757754223.6889932,1757754223.6889932,1757754223.695836
agv3,1757754223.666815,1757754223.667822,1757754223.668327,1757754223.7163572
agv4,1757754223.6953275,1757754223.695836,1757754223.695836,1757754223.7463074
agv2,1757754224.6088188,1757754224.6103342,1757754224.6103342,1757754224.6232026
agv2,1757754224.6216767,1757754224.6559234,1757754224.6559234,1757754224.675414
agv3,1757754224.704039,1757754224.7055893,1757754224.7055893,1757754224.7460442
agv4,1757754224.7305357,1757754224.732376,1757754224.732376,1757754224.7756326
agv4,1757754224.7305357,1757754224.736075,1757754224.736075,1757754224.7777057
agv2,1757754225.6573255,1757754225.659336,1757754225.659336,1757754225.7061756
agv2,1757754225.6573255,1757754225.6623516,1757754225.6623516,1757754225.707187
agv4,1757754225.7317903,1757754225.7333333,1757754225.7333333,1757754225.7763374
agv3,1757754225.743753,1757754225.745282,1757754225.745282,1757754225.7865398
agv2,1757754226.6596456,1757754226.6612523,1757754226.6612523,1757754226.7060878
agv4,1757754226.7685714,1757754226.7701514,1757754226.7701514,1757754226.7761636
agv3,1757754226.7788622,1757754226.7809186,1757754226.7809186,1757754226.8268156
agv2,1757754227.6925912,1757754227.694564,1757754227.694564,1757754227.7358723
agv4,1757754227.8067436,1757754227.8082845,1757754227.8082845,1757754227.8565476
agv4,1757754227.8072753,1757754227.8118207,1757754227.8118207,1757754227.857558
agv3,1757754227.8092856,1757754227.8189363,1757754227.8189363,1757754227.8656871
agv3,1757754227.8220916,1757754227.8282294,1757754227.8282294,1757754227.8666956
agv2,1757754228.7961352,1757754228.7981455,1757754228.7981455,1757754228.808752
agv2,1757754228.8067384,1757754228.808752,1757754228.808752,1757754228.8560872
agv4,1757754228.8097508,1757754228.8163857,1757754228.8163857,1757754228.8560872
agv3,1757754228.9223943,1757754228.9242232,1757754228.9242232,1757754228.976301
agv3,1757754228.9242232,1757754228.9408853,1757754228.9408853,1757754228.9768348
agv2,1757754229.872657,1757754229.8741844,1757754229.8741844,1757754229.9160717
agv2,1757754229.8731642,1757754229.8778152,1757754229.8778152,1757754229.9175916
agv4,1757754229.898239,1757754229.9262195,1757754229.9262195,1757754229.9458315
agv3,1757754229.925712,1757754229.9298491,1757754229.9298491,1757754229.9755864
agv2,1757754230.8742325,1757754230.8763251,1757754230.8763251,1757754230.9262118
agv4,1757754231.693885,1757754231.6956618,1757754231.6956618,1757754231.709633
agv3,1757754231.7039402,1757754231.7463567,1757754231.7463567,1757754231.7545602
agv4,1757754231.706395,1757754231.7489805,1757754231.7489805,1757754231.7561514
agv2,1757754232.182017,1757754232.1835346,1757754232.1835346,1757754232.2047706
agv2,1757754232.2032578,1757754232.2047706,1757754232.2047706,1757754232.255759
agv3,1757754232.7620516,1757754232.7630625,1757754232.7630625,1757754232.8056977
agv4,1757754232.7643661,1757754232.7674396,1757754232.7674396,1757754232.8159308
agv4,1757754232.7659009,1757754232.7705112,1757754232.7705112,1757754232.8164628
agv3,1757754233.7947338,1757754233.79528,1757754233.79528,1757754233.8029537
agv4,1757754233.7675514,1757754233.769165,1757754233.769165,1757754233.8154354
agv3,1757754233.8009393,1757754233.8029537,1757754233.8029537,1757754233.845483
agv4,1757754234.7986534,1757754234.8001668,1757754234.8001668,1757754234.845705
agv3,1757754234.830227,1757754234.8550646,1757754234.8550646,1757754234.875703
agv3,1757754234.8307362,1757754234.857072,1757754234.857072,1757754234.8767521
agv2,1757754235.2080622,1757754235.2100704,1757754235.2100704,1757754235.255802
agv3,1757754235.8326044,1757754235.8341246,1757754235.8341246,1757754235.8756106
agv4,1757754235.8402169,1757754235.8422775,1757754235.8422775,1757754235.885839
agv2,1757754236.2475777,1757754236.2485924,1757754236.2485924,1757754236.2958221
agv2,1757754236.2475777,1757754236.2514105,1757754236.2514105,1757754236.2963486
agv3,1757754236.8666677,1757754236.868186,1757754236.868186,1757754236.9155812
agv4,1757754236.8752568,1757754236.8768,1757754236.877328,1757754236.9256282
agv2,1757754237.248871,1757754237.248871,1757754237.25041,1757754237.2955012
agv3,1757754237.9231865,1757754237.9241936,1757754237.9241936,1757754237.9652917
agv4,1757754237.9345605,1757754237.9350905,1757754237.9350905,1757754237.9850867
agv2,1757754238.3024,1757754238.3044364,1757754238.3044364,1757754238.3455172
agv3,1757754238.953671,1757754238.9547195,1757754238.9547195,1757754238.9956417
agv4,1757754238.9634678,1757754238.9649906,1757754238.9649906,1757754239.0053627
agv2,1757754239.3363824,1757754239.3373923,1757754239.3373923,1757754239.3847988
agv3,1757754239.9872994,1757754239.988915,1757754239.988915,1757754240.0356903
agv4,1757754239.997712,1757754239.9993532,1757754239.9993532,1757754240.0454085
agv4,1757754239.9982374,1757754240.0031052,1757754240.0031052,1757754240.0464406
agv2,1757754240.370885,1757754240.3725672,1757754240.3725672,1757754240.3806689
agv2,1757754240.3784804,1757754240.42555,1757754240.42555,1757754240.4288566
agv4,1757754240.9989843,1757754241.00061,1757754241.00061,1757754241.0445304
agv3,1757754241.0200915,1757754241.0445304,1757754241.0445304,1757754241.065454
agv2,1757754241.4102583,1757754241.4117005,1757754241.4117005,1757754241.454787
agv2,1757754241.4107933,1757754241.4147348,1757754241.4147348,1757754241.455796
agv3,1757754242.0473738,1757754242.048941,1757754242.048941,1757754242.0581195
agv3,1757754242.0560694,1757754242.0581195,1757754242.0581195,1757754242.1047237
agv2,1757754242.4118185,1757754242.4133565,1757754242.4133565,1757754242.4547894
agv3,1757754243.1122036,1757754243.1137393,1757754243.1137393,1757754243.165035
agv3,1757754243.1137393,1757754243.1162653,1757754243.1162653,1757754243.1655478
agv2,1757754243.5120718,1757754243.5136404,1757754243.5136404,1757754243.5554314
agv3,1757754244.11562,1757754244.117144,1757754244.117144,1757754244.1650538
agv2,1757754244.5489588,1757754244.5505018,1757754244.5505018,1757754244.5942109
agv2,1757754244.5489588,1757754244.552039,1757754244.552039,1757754244.5967338
agv3,1757754245.2443535,1757754245.2464974,1757754245.2464974,1757754245.2948778
agv2,1757754245.5511625,1757754245.5536737,1757754245.5536737,1757754245.5942893
agv4,1757754245.9998062,1757754246.0013514,1757754246.0013514,1757754246.0444212
agv3,1757754246.246751,1757754246.248073,1757754246.248073,1757754246.294336
agv3,1757754247.2476838,1757754247.2498012,1757754247.2498012,1757754247.2943227
agv3,1757754248.249117,1757754248.250154,1757754248.250154,1757754248.2631109
agv3,1757754248.2615,1757754248.2631109,1757754248.2631109,1757754248.3147886
agv3,1757754249.2958238,1757754249.2968364,1757754249.2968364,1757754249.343713
agv3,1757754249.2958238,1757754249.299452,1757754249.299452,1757754249.3452728
agv2,1757754250.5542042,1757754250.5557199,1757754250.5557199,1757754250.6040018
agv4,1757754251.0004215,1757754251.0019693,1757754251.0019693,1757754251.0443292
agv3,1757754251.297234,1757754251.297739,1757754251.297739,1757754251.3445122
agv4,1757754252.001333,1757754252.0031195,1757754252.0031195,1757754252.039674
agv4,1757754252.0381556,1757754252.039674,1757754252.039674,1757754252.0836911
agv3,1757754252.3295448,1757754252.3310988,1757754252.3310988,1757754252.3382297
agv3,1757754252.3366513,1757754252.3846335,1757754252.3846335,1757754252.3874948
agv3,1757754253.3693342,1757754253.3703556,1757754253.3703556,1757754253.4148939
agv3,1757754253.3693342,1757754253.3734086,1757754253.3734086,1757754253.4159057
agv3,1757754254.3704062,1757754254.3714173,1757754254.3714173,1757754254.4141395
agv3,1757754255.4031377,1757754255.4041502,1757754255.4041502,1757754255.4547892
agv2,1757754255.5556526,1757754255.557124,1757754255.557124,1757754255.6046758
agv4,1757754256.067536,1757754256.0697343,1757754256.0697343,1757754256.1138206
agv3,1757754256.4394133,1757754256.4409316,1757754256.4409316,1757754256.4834764
agv2,1757754256.5567737,1757754256.558329,1757754256.558329,1757754256.5755715
agv2,1757754256.5740461,1757754256.5755715,1757754256.5761,1757754256.6234114
agv4,1757754257.0983982,1757754257.099923,1757754257.1004577,1757754257.1444845
agv4,1757754257.0983982,1757754257.104471,1757754257.104471,1757754257.1444845
agv3,1757754257.469236,1757754257.4702868,1757754257.4702868,1757754257.4773996
agv3,1757754257.4758701,1757754257.4773996,1757754257.4773996,1757754257.5237477
agv2,1757754257.6011798,1757754257.6031995,1757754257.6031995,1757754257.653599
agv2,1757754257.60169,1757754257.6062837,1757754257.6062837,1757754257.6551275
agv3,1757754258.5114374,1757754258.5131679,1757754258.5131679,1757754258.5532074
agv3,1757754258.5119987,1757754258.5153618,1757754258.5153618,1757754258.554743
agv2,1757754258.6040077,1757754258.6052725,1757754258.6052725,1757754258.6544201
agv4,1757754259.0996006,1757754259.1006174,1757754259.1006174,1757754259.143975
agv3,1757754259.513013,1757754259.514024,1757754259.514024,1757754259.5644596
agv2,1757754259.6385698,1757754259.6401174,1757754259.6401174,1757754259.6839075
agv4,1757754260.1332524,1757754260.134298,1757754260.134298,1757754260.148741
agv4,1757754260.147542,1757754260.148741,1757754260.148741,1757754260.1939254
agv3,1757754260.5642898,1757754260.5663395,1757754260.5663395,1757754260.6135375
agv2,1757754260.68851,1757754260.689017,1757754260.689017,1757754260.7342248
agv4,1757754261.1813526,1757754261.1834214,1757754261.1834214,1757754261.224291
agv4,1757754261.1813526,1757754261.1854372,1757754261.1854372,1757754261.2248454
agv3,1757754261.5946388,1757754261.5962002,1757754261.5962002,1757754261.6440623
agv2,1757754261.7189596,1757754261.7205048,1757754261.7205048,1757754261.7265732
agv2,1757754261.7255623,1757754261.7736187,1757754261.7736187,1757754261.7771907
agv4,1757754262.1828957,1757754262.18453,1757754262.18453,1757754262.232927
agv3,1757754262.639187,1757754262.640956,1757754262.640956,1757754262.6840916
agv2,1757754262.762668,1757754262.7648523,1757754262.7648523,1757754262.8136694
agv2,1757754262.763206,1757754262.7683303,1757754262.7683303,1757754262.8151913
agv4,1757754263.219659,1757754263.2217422,1757754263.2217422,1757754263.2643013
agv3,1757754263.6779523,1757754263.6795125,1757754263.6795125,1757754263.723707
agv2,1757754263.7641845,1757754263.7651966,1757754263.7651966,1757754263.8234053
agv4,1757754264.2576077,1757754264.25913,1757754264.25913,1757754264.303929
agv3,1757754264.7121482,1757754264.7126882,1757754264.7126882,1757754264.753776
agv2,1757754264.7966168,1757754264.7971466,1757754264.7971466,1757754264.8443084
agv4,1757754265.3023314,1757754265.3033462,1757754265.3033462,1757754265.3534918
agv3,1757754265.754176,1757754265.7557242,1757754265.7557242,1757754265.7628574
agv3,1757754265.761857,1757754265.8035681,1757754265.8035681,1757754265.813139
agv2,1757754265.838133,1757754265.839656,1757754265.839656,1757754265.8830414
agv4,1757754266.3376303,1757754266.3386416,1757754266.3386416,1757754266.3839278
agv3,1757754266.7965798,1757754266.7982092,1757754266.7982092,1757754266.8432338
agv3,1757754266.7971277,1757754266.8004556,1757754266.8004556,1757754266.845222
agv2,1757754266.8759627,1757754266.877476,1757754266.877476,1757754266.8850982
agv2,1757754266.883592,1757754266.8850982,1757754266.8850982,1757754266.933768
agv4,1757754267.3719864,1757754267.3736439,1757754267.3736439,1757754267.380193
agv4,1757754267.3785777,1757754267.380193,1757754267.380193,1757754267.4235015
agv4,1757754267.481741,1757754267.5250902,1757754267.5250902,1757754267.5739582
agv3,1757754267.79833,1757754267.7998636,1757754267.7998636,1757754267.843675
agv3,1757754267.79833,1757754267.8029358,1757754267.8029358,1757754267.8452032
agv2,1757754267.9140568,1757754267.9155447,1757754267.9155447,1757754267.9633286
agv2,1757754267.9140568,1757754267.9165905,1757754267.9165905,1757754267.964328
agv4,1757754268.4881344,1757754268.4892306,1757754268.4892306,1757754268.5328631
agv2,1757754268.915334,1757754268.9165807,1757754268.9165807,1757754268.9638739
agv4,1757754269.5242393,1757754269.5253062,1757754269.5253062,1757754269.5735395
agv4,1757754269.5247822,1757754269.5274198,1757754269.5274198,1757754269.574609
agv2,1757754269.9505208,1757754269.95153,1757754269.95153,1757754270.0034347
agv2,1757754269.9576588,1757754269.960982,1757754269.9619958,1757754270.0044413
agv4,1757754270.525654,1757754270.5272105,1757754270.5272105,1757754270.5736353
agv2,1757754270.998173,1757754270.9996934,1757754270.9996934,1757754271.0435658
agv2,1757754270.9986815,1757754271.0024745,1757754271.0024745,1757754271.0441833
agv4,1757754271.6564007,1757754271.6585448,1757754271.6585448,1757754271.702479
agv4,1757754271.8419807,1757754271.845566,1757754271.845566,1757754271.8929892
agv2,1757754271.9997058,1757754272.0007455,1757754272.0007455,1757754272.0433707
agv4,1757754272.8741693,1757754272.875687,1757754272.875687,1757754272.923599
agv2,1757754273.033011,1757754273.0340219,1757754273.0340219,1757754273.083388
agv4,1757754273.9067376,1757754273.9082916,1757754273.9082916,1757754273.9532776
agv4,1757754273.9067376,1757754273.9123776,1757754273.9123776,1757754273.9532776
agv2,1757754274.0680914,1757754274.069032,1757754274.069032,1757754274.113021
agv3,1757754274.8176954,1757754274.8534148,1757754274.8534148,1757754274.8726716
agv2,1757754275.1353421,1757754275.1368847,1757754275.1368847,1757754275.1833344
agv4,1757754275.9080343,1757754275.9090445,1757754275.9090445,1757754275.9522595
agv2,1757754276.174464,1757754276.1757786,1757754276.1757786,1757754276.2232726
agv4,1757754276.9442766,1757754276.945829,1757754276.945829,1757754276.9597032
agv4,1757754276.958702,1757754276.9597032,1757754276.9597032,1757754277.0232317
agv2,1757754277.2111013,1757754277.212654,1757754277.212654,1757754277.252917
agv3,1757754277.8221858,1757754277.8236992,1757754277.8236992,1757754277.8727975
agv3,1757754277.8221858,1757754277.8252144,1757754277.8252144,1757754277.8738096
agv4,1757754277.989551,1757754277.9910667,1757754277.9910667,1757754278.032823
agv4,1757754277.9900613,1757754277.9926136,1757754277.9926136,1757754278.0338228
agv2,1757754278.245313,1757754278.246422,1757754278.246422,1757754278.293368
agv4,1757754278.9907691,1757754278.9917812,1757754278.9917812,1757754279.0323553
agv2,1757754279.2789733,1757754279.2800195,1757754279.2800195,1757754279.3226273
agv4,1757754280.0245073,1757754280.0255153,1757754280.0255153,1757754280.0730882
agv2,1757754280.3145645,1757754280.316134,1757754280.316134,1757754280.361646
agv4,1757754281.0600898,1757754281.061143,1757754281.061143,1757754281.0664136
agv4,1757754281.0654066,1757754281.112508,1757754281.112508,1757754281.114509
agv2,1757754281.348388,1757754281.3500512,1757754281.3500512,1757754281.355113
agv2,1757754281.3541129,1757754281.4022489,1757754281.4022489,1757754281.4052882
agv4,1757754282.0971775,1757754282.0987217,1757754282.0987217,1757754282.1431046
agv4,1757754282.0977097,1757754282.100232,1757754282.100232,1757754282.1431046
agv2,1757754282.3889403,1757754282.390177,1757754282.390177,1757754282.4326735
agv2,1757754282.3889403,1757754282.3927414,1757754282.3927414,1757754282.433676
agv4,1757754283.0983164,1757754283.0983164,1757754283.0983164,1757754283.142828
agv2,1757754283.3902225,1757754283.391231,1757754283.391231,1757754283.4328272
agv4,1757754284.132386,1757754284.1328933,1757754284.1328933,1757754284.182459
agv2,1757754284.424032,1757754284.4261265,1757754284.4261265,1757754284.4724796
agv3,1757754284.8265102,1757754284.8275208,1757754284.8275208,1757754284.872438
agv4,1757754285.1666625,1757754285.1683748,1757754285.1683748,1757754285.2129068
agv3,1757754285.860112,1757754285.8611245,1757754285.8611245,1757754285.9028883
agv4,1757754286.199817,1757754286.20096,1757754286.20096,1757754286.2427795
agv3,1757754286.8937514,1757754286.8947637,1757754286.8947637,1757754286.9425972
agv4,1757754287.2351968,1757754287.2362058,1757754287.2362058,1757754287.243331
agv4,1757754287.2412894,1757754287.243331,1757754287.243331,1757754287.2922735
agv3,1757754287.9280562,1757754287.9296463,1757754287.9296463,1757754287.9725585
agv4,1757754288.272792,1757754288.2753124,1757754288.2753124,1757754288.3220222
agv4,1757754288.272792,1757754288.2768462,1757754288.2778578,1757754288.3230278
agv3,1757754288.958404,1757754288.9596736,1757754288.9596736,1757754289.002538
agv4,1757754289.2758167,1757754289.2773502,1757754289.2773502,1757754289.322391
agv2,1757754289.4260101,1757754289.4265146,1757754289.4275298,1757754289.4724445
agv3,1757754289.996033,1757754289.9975805,1757754289.9975805,1757754290.041904
agv4,1757754290.3118422,1757754290.3128898,1757754290.3128898,1757754290.325212
agv4,1757754290.3226907,1757754290.325212,1757754290.325212,1757754290.3719592
agv3,1757754291.031331,1757754291.032856,1757754291.032856,1757754291.0820866
agv3,1757754291.0318384,1757754291.0353625,1757754291.0353625,1757754291.0825958
agv4,1757754291.3586257,1757754291.3596354,1757754291.3606386,1757754291.4024453
agv4,1757754291.3586257,1757754291.362158,1757754291.362158,1757754291.4035351
agv3,1757754292.0328622,1757754292.033873,1757754292.033873,1757754292.0822945
agv4,1757754292.3602924,1757754292.3613522,1757754292.3613522,1757754292.4019914
agv3,1757754293.0338085,1757754293.0349658,1757754293.0349658,1757754293.082023
agv4,1757754293.402694,1757754293.4037056,1757754293.4037056,1757754293.4525242
agv3,1757754294.0353281,1757754294.0363393,1757754294.0363393,1757754294.082597
agv4,1757754294.4363737,1757754294.437418,1757754294.4384272,1757754294.4464948
agv2,1757754294.4265175,1757754294.4275699,1757754294.4275699,1757754294.4723089
agv4,1757754294.4439738,1757754294.4464948,1757754294.4464948,1757754294.492248
agv3,1757754295.035908,1757754295.0374444,1757754295.0374444,1757754295.0552826
agv3,1757754295.0527544,1757754295.0823727,1757754295.0823727,1757754295.1023617
agv2,1757754295.427283,1757754295.4288113,1757754295.4288113,1757754295.445559
agv2,1757754295.4445574,1757754295.4821172,1757754295.4821172,1757754295.4918904
agv4,1757754295.5458753,1757754295.5474124,1757754295.5474124,1757754295.5916224
agv4,1757754295.5458753,1757754295.5501041,1757754295.5501041,1757754295.5926304
agv3,1757754296.083901,1757754296.0849853,1757754296.0849853,1757754296.1323981
agv3,1757754296.0844433,1757754296.089529,1757754296.089529,1757754296.1334257
agv2,1757754296.4741905,1757754296.4757674,1757754296.4757674,1757754296.5222778
agv2,1757754296.4747581,1757754296.4772806,1757754296.4788175,1757754296.523287
agv4,1757754296.5473356,1757754296.5487063,1757754296.5487063,1757754296.5914216
agv3,1757754297.0857587,1757754297.0873804,1757754297.0873804,1757754297.1312177
agv2,1757754297.4754753,1757754297.4770014,1757754297.4770014,1757754297.5223024
agv4,1757754297.579904,1757754297.5814228,1757754297.5814228,1757754297.6219106
agv3,1757754298.1149774,1757754298.1165013,1757754298.1165013,1757754298.162185
agv2,1757754298.5074153,1757754298.509092,1757754298.509092,1757754298.55139
agv3,1757754299.1593804,1757754299.161397,1757754299.161397,1757754299.2019873
agv2,1757754299.5644805,1757754299.56549,1757754299.56549,1757754299.6119714
agv3,1757754300.208529,1757754300.2100513,1757754300.2100513,1757754300.252218
agv2,1757754300.601807,1757754300.6035159,1757754300.6035159,1757754300.6511025
agv3,1757754301.242395,1757754301.2439418,1757754301.2439418,1757754301.2919617
agv2,1757754301.6345198,1757754301.6359923,1757754301.6359923,1757754301.6814706
agv3,1757754302.2739487,1757754302.2764716,1757754302.2764716,1757754302.3218148
agv4,1757754302.581262,1757754302.5827885,1757754302.5827885,1757754302.631545
agv2,1757754302.6678824,1757754302.6694112,1757754302.6694112,1757754302.7120194
agv2,1757754302.7314646,1757754302.7722223,1757754302.7722223,1757754302.8220403
agv3,1757754303.3119211,1757754303.313515,1757754303.313515,1757754303.325738
agv3,1757754303.3241358,1757754303.3723388,1757754303.3723388,1757754303.3769011
agv3,1757754304.3526795,1757754304.3536937,1757754304.3536937,1757754304.4012918
agv3,1757754304.3526795,1757754304.3587813,1757754304.3597918,1757754304.4028172
agv3,1757754305.3538396,1757754305.3553839,1757754305.3553839,1757754305.4006283
agv3,1757754306.3856459,1757754306.3871963,1757754306.3871963,1757754306.4318976
agv3,1757754307.4194329,1757754307.421189,1757754307.421189,1757754307.4714477
agv4,1757754307.5818632,1757754307.5844266,1757754307.5844266,1757754307.631537
agv3,1757754308.4522107,1757754308.4533477,1757754308.4533477,1757754308.4620895
agv3,1757754308.4599626,1757754308.4620895,1757754308.4620895,1757754308.5103552
agv4,1757754308.5826988,1757754308.583229,1757754308.583229,1757754308.6056342
agv4,1757754308.6036196,1757754308.6046276,1757754308.6046276,1757754308.651788
agv4,1757754308.6036196,1757754308.6106818,1757754308.6106818,1757754308.652883
agv3,1757754309.4901001,1757754309.4918253,1757754309.4923575,1757754309.54133
agv3,1757754309.4912972,1757754309.4967337,1757754309.4967337,1757754309.542357
agv4,1757754309.6110835,1757754309.6127396,1757754309.6127396,1757754309.6609955
agv2,1757754309.7550974,1757754309.8008988,1757754309.8008988,1757754309.8506765
agv3,1757754310.4918442,1757754310.4923692,1757754310.4923692,1757754310.5411024
agv4,1757754310.6415565,1757754310.6425695,1757754310.6425695,1757754310.6904912
agv4,1757754310.6415565,1757754310.6440783,1757754310.6440783,1757754310.6920156
agv3,1757754311.529304,1757754311.5303178,1757754311.5303178,1757754311.5708628
agv4,1757754311.6426198,1757754311.6431246,1757754311.6431246,1757754311.6909502
agv2,1757754311.780916,1757754311.8214629,1757754311.8214629,1757754311.8697596
agv2,1757754311.7818258,1757754311.8229752,1757754311.8229752,1757754311.8716536
agv3,1757754312.5677195,1757754312.5677195,1757754312.569242,1757754312.6100934
agv4,1757754312.6805618,1757754312.682082,1757754312.682082,1757754312.7305655
agv4,1757754313.718185,1757754313.7197196,1757754313.7197196,1757754313.7613003
agv4,1757754314.7530594,1757754314.7543495,1757754314.7543495,1757754314.8003316
agv4,1757754314.7530594,1757754314.7558818,1757754314.7558818,1757754314.8019042
agv4,1757754315.7543328,1757754315.7553425,1757754315.7553425,1757754315.800559
agv4,1757754316.7549856,1757754316.755994,1757754316.755994,1757754316.8009984
agv3,1757754317.568763,1757754317.5697732,1757754317.5697732,1757754317.5716999
agv4,1757754317.7557304,1757754317.7572443,1757754317.7572443,1757754317.8002217
agv4,1757754318.7567155,1757754318.758258,1757754318.758258,1757754318.7760892
agv4,1757754318.7745612,1757754318.776637,1757754318.776637,1757754318.8203154
agv2,1757754318.7873306,1757754318.7888486,1757754318.7888486,1757754318.8303304
agv4,1757754319.8068547,1757754319.8084054,1757754319.8084054,1757754319.8496325
agv4,1757754319.8084054,1757754319.812097,1757754319.812097,1757754319.8511412
agv2,1757754319.8196623,1757754319.859701,1757754319.859701,1757754319.8708181
agv2,1757754319.8196623,1757754319.8622172,1757754319.8622172,1757754319.8718748
agv2,1757754320.8213782,1757754320.8229454,1757754320.8229454,1757754320.8705006
agv4,1757754321.810117,1757754321.8116434,1757754321.8116434,1757754321.8607175
agv2,1757754321.8546324,1757754321.8607175,1757754321.8607175,1757754321.8713226
agv2,1757754321.8698056,1757754321.8713226,1757754321.8713226,1757754321.9207058
agv3,1757754322.569929,1757754322.5704544,1757754322.5704544,1757754322.620075
agv4,1757754322.842549,1757754322.8435578,1757754322.8435578,1757754322.849696
agv4,1757754322.848182,1757754322.849696,1757754322.849696,1757754322.89983
agv2,1757754322.9018354,1757754322.9033642,1757754322.9033642,1757754322.9499843
agv2,1757754322.9018354,1757754322.905388,1757754322.905388,1757754322.951344
agv3,1757754323.5707703,1757754323.5723126,1757754323.5723126,1757754323.586281
agv3,1757754323.5853126,1757754323.586281,1757754323.586281,1757754323.6298378
agv3,1757754323.5853126,1757754323.5891566,1757754323.5891566,1757754323.630849
agv4,1757754323.8807483,1757754323.8812835,1757754323.8812835,1757754323.9307039
agv4,1757754323.8812835,1757754323.8845174,1757754323.8845174,1757754323.9307039
agv2,1757754323.903044,1757754323.9291937,1757754323.9291937,1757754323.9497707
agv4,1757754324.8815966,1757754324.8832107,1757754324.8832107,1757754324.9295435
agv2,1757754324.9384453,1757754324.9394567,1757754324.9394567,1757754324.9801521
agv4,1757754325.9187384,1757754325.9202607,1757754325.9202607,1757754325.9698455
agv2,1757754325.9900815,1757754325.992127,1757754325.992127,1757754326.0402508
agv4,1757754326.9745147,1757754326.9758227,1757754326.9758227,1757754326.9880798
agv4,1757754326.9860525,1757754327.0293431,1757754327.0293431,1757754327.0402133
agv2,1757754327.036559,1757754327.0370646,1757754327.0370646,1757754327.0450172
agv2,1757754327.0434835,1757754327.0450172,1757754327.0460334,1757754327.0898018
agv4,1757754328.0225465,1757754328.0235572,1757754328.0235572,1757754328.069666
agv4,1757754328.0225465,1757754328.0255547,1757754328.0255547,1757754328.0707095
agv2,1757754328.0793457,1757754328.0803568,1757754328.0803568,1757754328.1300797
agv2,1757754328.0793457,1757754328.08187,1757754328.08187,1757754328.1300797
agv4,1757754329.0238802,1757754329.0254307,1757754329.0254307,1757754329.0703325
agv2,1757754329.080533,1757754329.0815446,1757754329.0815446,1757754329.1293929
agv4,1757754330.0541337,1757754330.055151,1757754330.055151,1757754330.0994992
agv2,1757754330.1132047,1757754330.1147482,1757754330.1147482,1757754330.1591523
agv3,1757754330.588455,1757754330.589965,1757754330.589965,1757754330.6396263
agv4,1757754331.0879397,1757754331.0884802,1757754331.0894902,1757754331.1298568
agv3,1757754331.625567,1757754331.6270869,1757754331.6270869,1757754331.669791
agv3,1757754331.625567,1757754331.6281044,1757754331.6281044,1757754331.669791
agv4,1757754332.1234086,1757754332.1248236,1757754332.1248236,1757754332.1696925
agv4,1757754333.1609805,1757754333.1694021,1757754333.1694021,1757754333.2099428
agv3,1757754333.6269593,1757754333.6285026,1757754333.6285026,1757754333.6701221
agv4,1757754334.1966553,1757754334.1971605,1757754334.1971605,1757754334.2401485
agv3,1757754334.6615944,1757754334.6628106,1757754334.6628106,1757754334.709674
agv2,1757754335.1817937,1757754335.1833134,1757754335.1833134,1757754335.228701
agv4,1757754335.263913,1757754335.265928,1757754335.265928,1757754335.3094068
agv3,1757754335.746347,1757754335.7473571,1757754335.7473571,1757754335.75351
agv3,1757754335.7519598,1757754335.75351,1757754335.75351,1757754335.7995317
agv2,1757754336.213626,1757754336.2151675,1757754336.2151675,1757754336.258303
agv2,1757754336.214135,1757754336.2182114,1757754336.2182114,1757754336.2608218
agv4,1757754336.315542,1757754336.3165505,1757754336.3165505,1757754336.3592868
agv3,1757754336.7819114,1757754336.7834563,1757754336.7834563,1757754336.8289685
agv3,1757754336.7824423,1757754336.7860284,1757754336.7860284,1757754336.830485
agv2,1757754337.21486,1757754337.2158704,1757754337.2158704,1757754337.2595305
agv4,1757754337.3434992,1757754337.345011,1757754337.345011,1757754337.3889256
agv3,1757754337.7832787,1757754337.7848084,1757754337.7848084,1757754337.8291903
agv2,1757754338.2478237,1757754338.2493846,1757754338.2493846,1757754338.2994695
agv2,1757754338.248376,1757754338.2518995,1757754338.2518995,1757754338.2999904
agv4,1757754338.3795385,1757754338.3814092,1757754338.3814092,1757754338.4293218
agv3,1757754338.8181813,1757754338.8196704,1757754338.8196704,1757754338.8692226
agv2,1757754339.24905,1757754339.2504957,1757754339.2504957,1757754339.2994123
agv4,1757754339.4184334,1757754339.4199526,1757754339.4199526,1757754339.424552
agv4,1757754339.4229894,1757754339.4688842,1757754339.4688842,1757754339.4715605
agv3,1757754339.8543355,1757754339.8558538,1757754339.8558538,1757754339.8994231
agv2,1757754340.250227,1757754340.2517526,1757754340.2517526,1757754340.2994928
agv4,1757754340.4551697,1757754340.456697,1757754340.456697,1757754340.498374
agv4,1757754340.4551697,1757754340.4587326,1757754340.4587326,1757754340.499882
agv3,1757754340.888804,1757754340.8903704,1757754340.8903704,1757754340.8953884
agv3,1757754340.893762,1757754340.8953884,1757754340.8953884,1757754340.9393249
agv2,1757754341.251463,1757754341.2525208,1757754341.2525208,1757754341.2990592
agv4,1757754341.4559631,1757754341.4574764,1757754341.4574764,1757754341.498629
agv3,1757754341.9274142,1757754341.9290411,1757754341.9290411,1757754341.9794834
agv3,1757754341.9279647,1757754341.931774,1757754341.931774,1757754341.980028
agv2,1757754342.252882,1757754342.254403,1757754342.254403,1757754342.2732747
agv2,1757754342.2716553,1757754342.2732747,1757754342.2732747,1757754342.3189712
agv4,1757754342.491041,1757754342.492051,1757754342.492051,1757754342.5388682
agv3,1757754342.9287372,1757754342.9299343,1757754342.9299343,1757754342.9795606
agv2,1757754343.308019,1757754343.309141,1757754343.309141,1757754343.3681345
agv2,1757754343.3086216,1757754343.3117392,1757754343.3117392,1757754343.3706775
agv4,1757754343.4921582,1757754343.4936867,1757754343.4936867,1757754343.539231
agv3,1757754343.9667249,1757754343.9682486,1757754343.9682486,1757754344.0086792
agv4,1757754344.4926815,1757754344.4941998,1757754344.4941998,1757754344.5387502
agv3,1757754345.018267,1757754345.0197768,1757754345.0197768,1757754345.0686882
agv2,1757754345.3092933,1757754345.3108747,1757754345.3108747,1757754345.3590307
agv4,1757754345.4936726,1757754345.4951296,1757754345.4951296,1757754345.5080862
agv4,1757754345.5065246,1757754345.5080862,1757754345.5080862,1757754345.559356
agv3,1757754346.059152,1757754346.0597363,1757754346.0597363,1757754346.1092377
agv2,1757754346.3494155,1757754346.3510194,1757754346.3510194,1757754346.3992796
agv4,1757754346.5468938,1757754346.5484376,1757754346.5484376,1757754346.5891805
agv4,1757754346.5474281,1757754346.550002,1757754346.550002,1757754346.5902226
agv3,1757754347.0995588,1757754347.1005733,1757754347.1005733,1757754347.1489832
agv2,1757754347.3860497,1757754347.3875668,1757754347.3875668,1757754347.4280488
agv3,1757754348.1332314,1757754348.134765,1757754348.134765,1757754348.17888
agv3,1757754348.1337554,1757754348.1367662,1757754348.1367662,1757754348.1799467
agv2,1757754348.4217181,1757754348.423303,1757754348.423303,1757754348.4290886
agv2,1757754348.4273677,1757754348.4792264,1757754348.4792264,1757754348.4822748
agv4,1757754348.5480235,1757754348.5496168,1757754348.5496168,1757754348.5987794
agv3,1757754349.1427255,1757754349.1447954,1757754349.1447954,1757754349.189024
agv2,1757754349.4585319,1757754349.4602485,1757754349.4602485,1757754349.4694655
agv2,1757754349.468773,1757754349.5083525,1757754349.509363,1757754349.5257282
agv4,1757754349.924566,1757754349.9255779,1757754349.9255779,1757754349.93423
agv4,1757754349.9327085,1757754349.9782655,1757754349.9782655,1757754349.9813592
agv3,1757754350.1473165,1757754350.1478226,1757754350.1478226,1757754350.18831
agv2,1757754350.4704397,1757754350.4719706,1757754350.4719706,1757754350.5191097
agv4,1757754350.9673765,1757754350.9688938,1757754350.9688938,1757754351.0184712
agv4,1757754350.9678838,1757754350.971414,1757754350.971414,1757754351.0199893
agv3,1757754351.1479356,1757754351.1489885,1757754351.1489885,1757754351.198272
agv2,1757754351.5037532,1757754351.505336,1757754351.505336,1757754351.5482564
agv4,1757754351.9689221,1757754351.9704404,1757754351.9704404,1757754352.018738
agv3,1757754352.149191,1757754352.150203,1757754352.1512046,1757754352.1661289
agv3,1757754352.1650443,1757754352.1661289,1757754352.1661289,1757754352.2186117
agv2,1757754352.53851,1757754352.5395417,1757754352.5395417,1757754352.587683
agv4,1757754353.0082881,1757754353.009315,1757754353.009315,1757754353.0586507
agv3,1757754353.2017415,1757754353.2032661,1757754353.2032661,1757754353.2488022
agv3,1757754353.2017415,1757754353.2063308,1757754353.2063308,1757754353.2493498
agv2,1757754353.6090329,1757754353.6105788,1757754353.6105788,1757754353.6151724
agv2,1757754353.6141722,1757754353.6585855,1757754353.6585855,1757754353.6608596
agv4,1757754354.0612106,1757754354.0623698,1757754354.0623698,1757754354.1079423
agv3,1757754354.2033563,1757754354.2043643,1757754354.2043643,1757754354.258855
agv2,1757754354.6463628,1757754354.6473825,1757754354.6473825,1757754354.6888173
agv2,1757754354.6468744,1757754354.6494603,1757754354.6494603,1757754354.6898193
agv4,1757754355.0968354,1757754355.0983493,1757754355.0983493,1757754355.1380916
agv3,1757754355.2373874,1757754355.2387009,1757754355.2387009,1757754355.2880878
agv2,1757754355.6475544,1757754355.6486156,1757754355.6486156,1757754355.6982903
agv4,1757754356.1355217,1757754356.1374743,1757754356.1374743,1757754356.1776655
agv3,1757754356.2750936,1757754356.276174,1757754356.276174,1757754356.3172224
agv2,1757754356.684936,1757754356.685983,1757754356.685983,1757754356.727989
agv4,1757754357.1738582,1757754357.174866,1757754357.174866,1757754357.2178946
agv2,1757754357.1836026,1757754357.2285168,1757754357.2285168,1757754357.278487
agv3,1757754357.3129387,1757754357.3139482,1757754357.3139482,1757754357.3578482
agv4,1757754357.2774794,1757754357.358851,1757754357.358851,1757754357.3686137
agv4,1757754358.2970316,1757754358.2991092,1757754358.2991092,1757754358.3480659
agv3,1757754358.3455017,1757754358.3480659,1757754358.3480659,1757754358.3872008
agv3,1757754359.385054,1757754359.3974383,1757754359.3974383,1757754359.438127
agv3,1757754359.3892717,1757754359.3986893,1757754359.3986893,1757754359.4391265
agv4,1757754360.3150566,1757754360.3181448,1757754360.3181448,1757754360.3581452
agv3,1757754360.4269543,1757754360.4284916,1757754360.4284916,1757754360.4785948
agv3,1757754360.4274848,1757754360.431066,1757754360.431066,1757754360.4795997
agv4,1757754361.349607,1757754361.3511405,1757754361.3511405,1757754361.3972518
agv3,1757754361.4283597,1757754361.4298825,1757754361.4298825,1757754361.4773085
agv4,1757754362.3852184,1757754362.3858278,1757754362.3858278,1757754362.3894212
agv4,1757754362.3894212,1757754362.3894212,1757754362.3894212,1757754362.437217
agv3,1757754362.462222,1757754362.463233,1757754362.463233,1757754362.5073624
agv4,1757754363.4277036,1757754363.4287121,1757754363.4287121,1757754363.4783547
agv4,1757754363.4277036,1757754363.430721,1757754363.430721,1757754363.478864
agv3,1757754363.4996467,1757754363.5011947,1757754363.5011947,1757754363.5481582
agv2,1757754364.2255476,1757754364.2583392,1757754364.2583392,1757754364.3179843
agv2,1757754364.2280624,1757754364.2603498,1757754364.2603498,1757754364.3179843
agv4,1757754364.4288938,1757754364.4304242,1757754364.4304242,1757754364.4780273
agv3,1757754364.5403244,1757754364.541878,1757754364.541878,1757754364.5470378
agv3,1757754364.5450382,1757754364.5460393,1757754364.5460393,1757754364.5977907
agv4,1757754365.4678454,1757754365.4688523,1757754365.4688523,1757754365.4754426
agv4,1757754365.4729383,1757754365.5179954,1757754365.5179954,1757754365.5200608
agv4,1757754365.53615,1757754365.5672464,1757754365.5672464,1757754365.6182325
agv3,1757754365.5839915,1757754365.584996,1757754365.584996,1757754365.6276162
agv3,1757754365.5839915,1757754365.5871706,1757754365.5871706,1757754365.6286576
agv4,1757754366.5418334,1757754366.543347,1757754366.543347,1757754366.5874262
agv3,1757754366.5854073,1757754366.5874262,1757754366.5874262,1757754366.6272585
agv4,1757754367.5787997,1757754367.5803993,1757754367.5803993,1757754367.6284914
agv4,1757754367.579383,1757754367.583588,1757754367.583588,1757754367.629485
agv3,1757754367.621321,1757754367.6284914,1757754367.6284914,1757754367.66727
agv4,1757754368.580243,1757754368.5834591,1757754368.5850387,1757754368.6279562
agv3,1757754368.6677825,1757754368.6693091,1757754368.6693091,1757754368.6738446
agv3,1757754368.672836,1757754368.6738446,1757754368.6738446,1757754368.7173536
agv4,1757754369.6241288,1757754369.6251454,1757754369.626139,1757754369.6671333
agv3,1757754369.7178848,1757754369.7188957,1757754369.7188957,1757754369.767058
agv3,1757754369.7178848,1757754369.7204025,1757754369.7204025,1757754369.7682438
agv4,1757754370.666069,1757754370.6682277,1757754370.6682277,1757754370.6727543
agv4,1757754370.671754,1757754370.6727543,1757754370.6727543,1757754370.7170935
agv3,1757754370.7193568,1757754370.7203648,1757754370.7203648,1757754370.7670624
agv2,1757754371.2328074,1757754371.2342901,1757754371.2342901,1757754371.2373602
agv4,1757754371.7142587,1757754371.7156618,1757754371.7156618,1757754371.7569776
agv4,1757754371.7142587,1757754371.7171817,1757754371.7171817,1757754371.7580726
agv3,1757754371.7638025,1757754371.7676878,1757754371.7676878,1757754371.807225
agv3,1757754371.7638025,1757754371.768693,1757754371.768693,1757754371.808534
agv2,1757754372.2756891,1757754372.2776556,1757754372.2776556,1757754372.3272905
agv2,1757754372.2756891,1757754372.2817547,1757754372.2817547,1757754372.328349
agv4,1757754372.7155323,1757754372.7170506,1757754372.7170506,1757754372.757686
agv3,1757754372.7654133,1757754372.766423,1757754372.766423,1757754372.807236
agv2,1757754373.2775528,1757754373.2786698,1757754373.2786698,1757754373.3266728
agv4,1757754373.7531877,1757754373.7541966,1757754373.7541966,1757754373.7580113
agv4,1757754373.756195,1757754373.7590349,1757754373.7590349,1757754373.8076901
agv3,1757754373.766066,1757754373.7670863,1757754373.7670863,1757754373.8167844
agv2,1757754374.3157616,1757754374.3162968,1757754374.3162968,1757754374.3208833
agv2,1757754374.3198817,1757754374.3668656,1757754374.3668656,1757754374.369178
agv3,1757754374.7670636,1757754374.7670636,1757754374.7670636,1757754374.8176677
agv4,1757754374.7923632,1757754374.8186986,1757754374.8186986,1757754374.8465726
agv4,1757754374.8005528,1757754374.8202348,1757754374.8202348,1757754374.8481002
agv2,1757754375.359801,1757754375.3612552,1757754375.3612552,1757754375.4066517
agv2,1757754375.359801,1757754375.3622534,1757754375.3622534,1757754375.407753
agv3,1757754375.7679126,1757754375.768943,1757754375.769952,1757754375.783619
agv3,1757754375.7821054,1757754375.783619,1757754375.783619,1757754375.827169
agv4,1757754375.8027666,1757754375.804,1757754375.8050082,1757754375.8471625
agv2,1757754376.3610668,1757754376.3625689,1757754376.3625689,1757754376.4071152
agv3,1757754376.816957,1757754376.8175552,1757754376.8175552,1757754376.8664396
agv3,1757754376.8175552,1757754376.8195622,1757754376.8195622,1757754376.8679445
agv4,1757754376.8369641,1757754376.8664396,1757754376.8664396,1757754376.8874373
agv2,1757754377.3984263,1757754377.3997595,1757754377.3997595,1757754377.4470196
agv3,1757754377.8185382,1757754377.8190553,1757754377.8190553,1757754377.8672116
agv4,1757754377.8697557,1757754377.8708034,1757754377.8708034,1757754377.875404
agv4,1757754377.87387,1757754377.9158702,1757754377.9158702,1757754377.936679
agv2,1757754378.426027,1757754378.4265637,1757754378.4265637,1757754378.47728
agv3,1757754378.8480933,1757754378.8496501,1757754378.8496501,1757754378.854762
agv3,1757754378.8527527,1757754378.854762,1757754378.854762,1757754378.9061642
agv4,1757754378.9013512,1757754378.9028788,1757754378.9028788,1757754378.9470112
agv4,1757754378.9013512,1757754378.9048898,1757754378.9048898,1757754378.9482422
agv2,1757754379.4558585,1757754379.4568684,1757754379.4568684,1757754379.5068924
agv3,1757754379.8868172,1757754379.8885086,1757754379.8885086,1757754379.9367425
agv3,1757754379.8873582,1757754379.889548,1757754379.889548,1757754379.937738
agv4,1757754379.9023929,1757754379.9367425,1757754379.9367425,1757754379.9473448
agv2,1757754380.5181887,1757754380.5198066,1757754380.5198066,1757754380.5667207
agv3,1757754380.887944,1757754380.8891203,1757754380.8891203,1757754380.9364722
agv4,1757754380.9623964,1757754380.9644313,1757754380.9644313,1757754381.0063689
agv2,1757754381.551254,1757754381.5528338,1757754381.5528338,1757754381.596529
agv2,1757754381.5517814,1757754381.5538418,1757754381.5538418,1757754381.5975363
agv3,1757754381.9152691,1757754381.9167902,1757754381.9167902,1757754381.9569142
agv4,1757754381.9945724,1757754381.9950786,1757754381.9950786,1757754382.00174
agv4,1757754381.999151,1757754382.0463915,1757754382.0463915,1757754382.0494518
agv2,1757754382.5526161,1757754382.5537121,1757754382.5537121,1757754382.5970826
agv3,1757754382.947372,1757754382.9479165,1757754382.9479165,1757754382.95346
agv3,1757754382.9524598,1757754382.95346,1757754382.95346,1757754382.996125
agv4,1757754383.0304484,1757754383.0319824,1757754383.0319824,1757754383.0769398
agv4,1757754383.0309763,1757754383.034493,1757754383.034493,1757754383.0779421
agv3,1757754383.985821,1757754383.987873,1757754383.987873,1757754383.9913967
agv3,1757754383.989883,1757754383.9913967,1757754383.9913967,1757754384.036722
agv4,1757754384.0348647,1757754384.0372303,1757754384.0372303,1757754384.086169
agv3,1757754384.9928162,1757754384.99483,1757754384.99483,1757754385.035931
agv4,1757754385.1160998,1757754385.1176622,1757754385.1176622,1757754385.1669166
agv3,1757754386.0297832,1757754386.031329,1757754386.031329,1757754386.07579
agv3,1757754387.0646694,1757754387.0651755,1757754387.0661848,1757754387.1066208
agv2,1757754387.5532374,1757754387.5542464,1757754387.5542464,1757754387.595943
agv3,1757754388.1045656,1757754388.1060777,1757754388.1060777,1757754388.1561923
agv3,1757754388.108208,1757754388.1122763,1757754388.1122763,1757754388.1571977
agv3,1757754389.1416504,1757754389.142663,1757754389.142663,1757754389.1860034
agv3,1757754389.1416504,1757754389.144171,1757754389.144171,1757754389.1860034
agv4,1757754390.1174567,1757754390.118971,1757754390.118971,1757754390.1663754
agv3,1757754390.1431026,1757754390.1663754,1757754390.1663754,1757754390.1860693
agv3,1757754391.1800644,1757754391.1810768,1757754391.1810768,1757754391.226848
agv3,1757754392.219823,1757754392.2213583,1757754392.2213583,1757754392.2662892
agv2,1757754392.5541425,1757754392.555658,1757754392.555658,1757754392.6075864
agv3,1757754393.2611032,1757754393.2622774,1757754393.2622774,1757754393.3161569
agv2,1757754393.5547545,1757754393.556121,1757754393.556121,1757754393.5668266
agv2,1757754393.5668266,1757754393.5668266,1757754393.5668266,1757754393.6160467
